audio_file,path,link,duration_s,true_group,true_class,true_speaker,train_files,legacy_pred_class,legacy_pred_speaker,legacy_conf,legacy_verdict,legacy_true_rank,legacy_true_in_top2,legacy_true_in_top5,cluster_pred_class,cluster_pred_speaker,cluster_conf,cluster_verdict,cluster_true_rank,cluster_true_in_top2,cluster_true_in_top5,any_error,error_group,note
0e928e78-2edb-4547-818d-f5fdd53029de.wav,D:\Projects\My projects\IAAA_Compet\Speaker-identification\data\processed\audio_wav\0e928e78-2edb-4547-818d-f5fdd53029de.wav,"=HYPERLINK(""D:\Projects\My projects\IAAA_Compet\Speaker-identification\data\processed\audio_wav\0e928e78-2edb-4547-818d-f5fdd53029de.wav"",""0e928e78-2edb-4547-818d-f5fdd53029de.wav"")",14.93,known,288,a22d3a2d-515c-45bf-883e-13e76c5317ae,5,122,3e9763b4-b699-4463-bac1-c6e24e59222c,0.2724,known->wrong_known,149,False,False,0,unknown,0.3334,known->unknown,16,False,False,True,both,
1c0ef815-e536-4e79-bb55-982945a7c584.wav,D:\Projects\My projects\IAAA_Compet\Speaker-identification\data\processed\audio_wav\1c0ef815-e536-4e79-bb55-982945a7c584.wav,"=HYPERLINK(""D:\Projects\My projects\IAAA_Compet\Speaker-identification\data\processed\audio_wav\1c0ef815-e536-4e79-bb55-982945a7c584.wav"",""1c0ef815-e536-4e79-bb55-982945a7c584.wav"")",43.89,known,360,cc4315f7-5c32-4148-b02f-2e385519543e,5,0,unknown,0.4872,known->unknown,55,False,False,0,unknown,0.485,known->unknown,148,False,False,True,both,
2a69651d-b773-4aae-ac4c-3cf2a225aaa1.wav,D:\Projects\My projects\IAAA_Compet\Speaker-identification\data\processed\audio_wav\2a69651d-b773-4aae-ac4c-3cf2a225aaa1.wav,"=HYPERLINK(""D:\Projects\My projects\IAAA_Compet\Speaker-identification\data\processed\audio_wav\2a69651d-b773-4aae-ac4c-3cf2a225aaa1.wav"",""2a69651d-b773-4aae-ac4c-3cf2a225aaa1.wav"")",8.19,known,442,fd02d27a-9b5c-4067-a7b9-a68bf9f5079d,5,386,d8afd1b6-201c-46bb-838e-c79e1668eb2b,0.2875,known->wrong_known,124,False,False,0,unknown,0.4224,known->unknown,294,False,False,True,both,
3d53b1a3-0251-44fa-b1ec-543946dce003.wav,D:\Projects\My projects\IAAA_Compet\Speaker-identification\data\processed\audio_wav\3d53b1a3-0251-44fa-b1ec-543946dce003.wav,"=HYPERLINK(""D:\Projects\My projects\IAAA_Compet\Speaker-identification\data\processed\audio_wav\3d53b1a3-0251-44fa-b1ec-543946dce003.wav"",""3d53b1a3-0251-44fa-b1ec-543946dce003.wav"")",78.76,unknown,0,unknown,,121,3e4ca752-cf3b-4399-af3b-f43c2dda1fae,0.9105,unknown->known,3,False,True,121,3e4ca752-cf3b-4399-af3b-f43c2dda1fae,0.7288,unknown->known,2,True,True,True,both,
4e5be1f1-c4c5-4e65-a8a2-60751679331c.wav,D:\Projects\My projects\IAAA_Compet\Speaker-identification\data\processed\audio_wav\4e5be1f1-c4c5-4e65-a8a2-60751679331c.wav,"=HYPERLINK(""D:\Projects\My projects\IAAA_Compet\Speaker-identification\data\processed\audio_wav\4e5be1f1-c4c5-4e65-a8a2-60751679331c.wav"",""4e5be1f1-c4c5-4e65-a8a2-60751679331c.wav"")",5.97,known,430,f546a444-1ada-48d4-8829-479bc392c338,5,0,unknown,0.3879,known->unknown,178,False,False,0,unknown,0.3498,known->unknown,125,False,False,True,both,
56f49531-2241-47e7-9021-886f4ab6fd10.wav,D:\Projects\My projects\IAAA_Compet\Speaker-identification\data\processed\audio_wav\56f49531-2241-47e7-9021-886f4ab6fd10.wav,"=HYPERLINK(""D:\Projects\My projects\IAAA_Compet\Speaker-identification\data\processed\audio_wav\56f49531-2241-47e7-9021-886f4ab6fd10.wav"",""56f49531-2241-47e7-9021-886f4ab6fd10.wav"")",94.89,known,420,f27cf93a-a750-47f9-94aa-3e3372f44ca0,5,148,4e3c2da0-9a15-4e3f-873f-84ed281e2215,0.6742,known->wrong_known,8,False,False,0,unknown,0.6876,known->unknown,3,False,True,True,both,
7d5601d3-ce4a-4700-91d7-08c16040efa7.wav,D:\Projects\My projects\IAAA_Compet\Speaker-identification\data\processed\audio_wav\7d5601d3-ce4a-4700-91d7-08c16040efa7.wav,"=HYPERLINK(""D:\Projects\My projects\IAAA_Compet\Speaker-identification\data\processed\audio_wav\7d5601d3-ce4a-4700-91d7-08c16040efa7.wav"",""7d5601d3-ce4a-4700-91d7-08c16040efa7.wav"")",12.54,known,363,cdb0aa4d-efa9-45d1-91d5-b69bae0becee,5,0,unknown,0.5606,known->unknown,131,False,False,0,unknown,0.8095,known->unknown,64,False,False,True,both,
85f1b526-73e9-48f3-939b-1c1ea654774e.wav,D:\Projects\My projects\IAAA_Compet\Speaker-identification\data\processed\audio_wav\85f1b526-73e9-48f3-939b-1c1ea654774e.wav,"=HYPERLINK(""D:\Projects\My projects\IAAA_Compet\Speaker-identification\data\processed\audio_wav\85f1b526-73e9-48f3-939b-1c1ea654774e.wav"",""85f1b526-73e9-48f3-939b-1c1ea654774e.wav"")",38.66,known,300,a92f35e0-7afa-407b-9948-eb604328de9d,5,390,daffc1b6-de2e-43e5-88b0-a5619692a0b7,0.5417,known->wrong_known,189,False,False,0,unknown,0.603,known->unknown,114,False,False,True,both,
9046fd84-09ce-4a19-a28a-614c69e36aee.wav,D:\Projects\My projects\IAAA_Compet\Speaker-identification\data\processed\audio_wav\9046fd84-09ce-4a19-a28a-614c69e36aee.wav,"=HYPERLINK(""D:\Projects\My projects\IAAA_Compet\Speaker-identification\data\processed\audio_wav\9046fd84-09ce-4a19-a28a-614c69e36aee.wav"",""9046fd84-09ce-4a19-a28a-614c69e36aee.wav"")",76.8,known,383,d77ab143-3d30-4171-9ba8-e2ec1debba0c,5,0,unknown,0.8968,known->unknown,2,True,True,0,unknown,0.9988,known->unknown,2,True,True,True,both,
aef9288d-80b8-4bfd-bb8a-6726e452af17.wav,D:\Projects\My projects\IAAA_Compet\Speaker-identification\data\processed\audio_wav\aef9288d-80b8-4bfd-bb8a-6726e452af17.wav,"=HYPERLINK(""D:\Projects\My projects\IAAA_Compet\Speaker-identification\data\processed\audio_wav\aef9288d-80b8-4bfd-bb8a-6726e452af17.wav"",""aef9288d-80b8-4bfd-bb8a-6726e452af17.wav"")",1.71,known,255,8be452b7-c2a3-4cbe-bc5a-7c7c15944416,5,0,unknown,0.3519,known->unknown,280,False,False,0,unknown,0.6319,known->unknown,378,False,False,True,both,
b372a961-f64c-49f4-ae06-22199f1bcfa9.wav,D:\Projects\My projects\IAAA_Compet\Speaker-identification\data\processed\audio_wav\b372a961-f64c-49f4-ae06-22199f1bcfa9.wav,"=HYPERLINK(""D:\Projects\My projects\IAAA_Compet\Speaker-identification\data\processed\audio_wav\b372a961-f64c-49f4-ae06-22199f1bcfa9.wav"",""b372a961-f64c-49f4-ae06-22199f1bcfa9.wav"")",7.59,known,351,c7681dd2-f70e-4980-91d6-3aa969388534,5,0,unknown,0.6364,known->unknown,280,False,False,385,d814d1b0-0e6e-4d9f-921c-d03cad7d74e8,0.1855,known->wrong_known,41,False,False,True,both,
c50b85f7-9744-4ec9-ab20-983140bf500d.wav,D:\Projects\My projects\IAAA_Compet\Speaker-identification\data\processed\audio_wav\c50b85f7-9744-4ec9-ab20-983140bf500d.wav,"=HYPERLINK(""D:\Projects\My projects\IAAA_Compet\Speaker-identification\data\processed\audio_wav\c50b85f7-9744-4ec9-ab20-983140bf500d.wav"",""c50b85f7-9744-4ec9-ab20-983140bf500d.wav"")",59.48,known,19,0842d2ad-b1f6-401b-b022-caa941701f1f,5,148,4e3c2da0-9a15-4e3f-873f-84ed281e2215,0.6742,known->wrong_known,9,False,False,0,unknown,0.6876,known->unknown,7,False,False,True,both,
cad496f3-947c-466b-929d-a8c3bc1a25c9.wav,D:\Projects\My projects\IAAA_Compet\Speaker-identification\data\processed\audio_wav\cad496f3-947c-466b-929d-a8c3bc1a25c9.wav,"=HYPERLINK(""D:\Projects\My projects\IAAA_Compet\Speaker-identification\data\processed\audio_wav\cad496f3-947c-466b-929d-a8c3bc1a25c9.wav"",""cad496f3-947c-466b-929d-a8c3bc1a25c9.wav"")",3.93,known,367,ce641183-2c53-46d8-9d1e-3625d0c34df2,5,0,unknown,0.4151,known->unknown,76,False,False,0,unknown,0.5522,known->unknown,116,False,False,True,both,
d1164c59-943c-4548-a0a3-8a24042945ab.wav,D:\Projects\My projects\IAAA_Compet\Speaker-identification\data\processed\audio_wav\d1164c59-943c-4548-a0a3-8a24042945ab.wav,"=HYPERLINK(""D:\Projects\My projects\IAAA_Compet\Speaker-identification\data\processed\audio_wav\d1164c59-943c-4548-a0a3-8a24042945ab.wav"",""d1164c59-943c-4548-a0a3-8a24042945ab.wav"")",57.09,known,377,d47baa5f-b17e-42b5-bad9-57c4f3a355b3,5,0,unknown,0.8426,known->unknown,204,False,False,0,unknown,0.8073,known->unknown,107,False,False,True,both,
f1532480-a6c8-47a1-a897-6a620224cd56.wav,D:\Projects\My projects\IAAA_Compet\Speaker-identification\data\processed\audio_wav\f1532480-a6c8-47a1-a897-6a620224cd56.wav,"=HYPERLINK(""D:\Projects\My projects\IAAA_Compet\Speaker-identification\data\processed\audio_wav\f1532480-a6c8-47a1-a897-6a620224cd56.wav"",""f1532480-a6c8-47a1-a897-6a620224cd56.wav"")",58.28,known,253,8a2eaed1-83cc-41ef-bac9-cc6496ca7b19,5,338,c14dd35b-4ebe-41e3-8132-d4a17f7a3efb,0.7622,known->wrong_known,3,False,True,338,c14dd35b-4ebe-41e3-8132-d4a17f7a3efb,0.8658,known->wrong_known,3,False,True,True,both,
11c616fa-fb19-45f0-9e26-57ac73e4de2e.wav,D:\Projects\My projects\IAAA_Compet\Speaker-identification\data\processed\audio_wav\11c616fa-fb19-45f0-9e26-57ac73e4de2e.wav,"=HYPERLINK(""D:\Projects\My projects\IAAA_Compet\Speaker-identification\data\processed\audio_wav\11c616fa-fb19-45f0-9e26-57ac73e4de2e.wav"",""11c616fa-fb19-45f0-9e26-57ac73e4de2e.wav"")",69.72,unknown,0,unknown,,272,9840fb56-b613-488e-ba7e-e36291418611,0.2931,unknown->known,2,True,True,0,unknown,0.9204,OK,1,True,True,True,legacy_only,
127ac14b-bfa7-460d-84fb-cdcb09c444b1.wav,D:\Projects\My projects\IAAA_Compet\Speaker-identification\data\processed\audio_wav\127ac14b-bfa7-460d-84fb-cdcb09c444b1.wav,"=HYPERLINK(""D:\Projects\My projects\IAAA_Compet\Speaker-identification\data\processed\audio_wav\127ac14b-bfa7-460d-84fb-cdcb09c444b1.wav"",""127ac14b-bfa7-460d-84fb-cdcb09c444b1.wav"")",72.7,unknown,0,unknown,,123,405e93f9-2f36-4c87-817d-227f3f5f7415,0.8141,unknown->known,4,False,True,0,unknown,0.9999,OK,1,True,True,True,legacy_only,
17bc16a8-7215-4b53-ad09-0685f01e5885.wav,D:\Projects\My projects\IAAA_Compet\Speaker-identification\data\processed\audio_wav\17bc16a8-7215-4b53-ad09-0685f01e5885.wav,"=HYPERLINK(""D:\Projects\My projects\IAAA_Compet\Speaker-identification\data\processed\audio_wav\17bc16a8-7215-4b53-ad09-0685f01e5885.wav"",""17bc16a8-7215-4b53-ad09-0685f01e5885.wav"")",48.3,known,439,fc3ce0b3-58c7-4a34-b4e0-fd35c8829577,5,0,unknown,0.2817,known->unknown,63,False,False,439,fc3ce0b3-58c7-4a34-b4e0-fd35c8829577,0.994,OK,1,True,True,True,legacy_only,
1cd00314-bce2-4bf2-b0d3-3ace5a3f3b04.wav,D:\Projects\My projects\IAAA_Compet\Speaker-identification\data\processed\audio_wav\1cd00314-bce2-4bf2-b0d3-3ace5a3f3b04.wav,"=HYPERLINK(""D:\Projects\My projects\IAAA_Compet\Speaker-identification\data\processed\audio_wav\1cd00314-bce2-4bf2-b0d3-3ace5a3f3b04.wav"",""1cd00314-bce2-4bf2-b0d3-3ace5a3f3b04.wav"")",24.66,unknown,0,unknown,,326,bb185928-f1e8-4c38-9301-a2989892566b,0.3909,unknown->known,2,True,True,0,unknown,1.0,OK,1,True,True,True,legacy_only,
1d8cf19d-7ae0-4f40-a8b2-4330924b348f.wav,D:\Projects\My projects\IAAA_Compet\Speaker-identification\data\processed\audio_wav\1d8cf19d-7ae0-4f40-a8b2-4330924b348f.wav,"=HYPERLINK(""D:\Projects\My projects\IAAA_Compet\Speaker-identification\data\processed\audio_wav\1d8cf19d-7ae0-4f40-a8b2-4330924b348f.wav"",""1d8cf19d-7ae0-4f40-a8b2-4330924b348f.wav"")",48.55,unknown,0,unknown,,36,11f9b280-8bb4-4fc2-9b63-20e4d00d50d1,0.5052,unknown->known,2,True,True,0,unknown,1.0,OK,1,True,True,True,legacy_only,
1f689eea-1780-401c-b54e-4cf7f4566d7a.wav,D:\Projects\My projects\IAAA_Compet\Speaker-identification\data\processed\audio_wav\1f689eea-1780-401c-b54e-4cf7f4566d7a.wav,"=HYPERLINK(""D:\Projects\My projects\IAAA_Compet\Speaker-identification\data\processed\audio_wav\1f689eea-1780-401c-b54e-4cf7f4566d7a.wav"",""1f689eea-1780-401c-b54e-4cf7f4566d7a.wav"")",52.99,unknown,0,unknown,,325,ba4b17d2-cddc-47a1-9153-5bfaccd2575d,0.3733,unknown->known,5,False,True,0,unknown,1.0,OK,1,True,True,True,legacy_only,
2895bd56-2501-433b-a103-291a2ba2c18f.wav,D:\Projects\My projects\IAAA_Compet\Speaker-identification\data\processed\audio_wav\2895bd56-2501-433b-a103-291a2ba2c18f.wav,"=HYPERLINK(""D:\Projects\My projects\IAAA_Compet\Speaker-identification\data\processed\audio_wav\2895bd56-2501-433b-a103-291a2ba2c18f.wav"",""2895bd56-2501-433b-a103-291a2ba2c18f.wav"")",87.04,known,116,3a800db5-5598-46bc-b46e-2dddda94d1da,5,334,bf4d74b0-5050-40a9-ac6b-2961481229f6,0.3208,known->wrong_known,56,False,False,116,3a800db5-5598-46bc-b46e-2dddda94d1da,0.9973,OK,1,True,True,True,legacy_only,
28aaddbf-205a-4ff9-affb-000ab5560128.wav,D:\Projects\My projects\IAAA_Compet\Speaker-identification\data\processed\audio_wav\28aaddbf-205a-4ff9-affb-000ab5560128.wav,"=HYPERLINK(""D:\Projects\My projects\IAAA_Compet\Speaker-identification\data\processed\audio_wav\28aaddbf-205a-4ff9-affb-000ab5560128.wav"",""28aaddbf-205a-4ff9-affb-000ab5560128.wav"")",60.67,known,167,59c3cd3d-2cb0-487f-82be-15862c898437,5,0,unknown,0.8158,known->unknown,2,True,True,167,59c3cd3d-2cb0-487f-82be-15862c898437,0.9451,OK,1,True,True,True,legacy_only,
33e06487-c092-4db6-bc5e-0c3e42868113.wav,D:\Projects\My projects\IAAA_Compet\Speaker-identification\data\processed\audio_wav\33e06487-c092-4db6-bc5e-0c3e42868113.wav,"=HYPERLINK(""D:\Projects\My projects\IAAA_Compet\Speaker-identification\data\processed\audio_wav\33e06487-c092-4db6-bc5e-0c3e42868113.wav"",""33e06487-c092-4db6-bc5e-0c3e42868113.wav"")",74.67,unknown,0,unknown,,200,703b0971-5158-4e11-9c24-2a89223a6186,0.0862,unknown->known,8,False,False,0,unknown,1.0,OK,1,True,True,True,legacy_only,
399c72d2-c89a-4a62-bf10-52a238c260a7.wav,D:\Projects\My projects\IAAA_Compet\Speaker-identification\data\processed\audio_wav\399c72d2-c89a-4a62-bf10-52a238c260a7.wav,"=HYPERLINK(""D:\Projects\My projects\IAAA_Compet\Speaker-identification\data\processed\audio_wav\399c72d2-c89a-4a62-bf10-52a238c260a7.wav"",""399c72d2-c89a-4a62-bf10-52a238c260a7.wav"")",70.4,unknown,0,unknown,,255,8be452b7-c2a3-4cbe-bc5a-7c7c15944416,0.2088,unknown->known,2,True,True,0,unknown,0.7141,OK,1,True,True,True,legacy_only,
3b438da7-07ef-4501-96dd-f4dea96b5852.wav,D:\Projects\My projects\IAAA_Compet\Speaker-identification\data\processed\audio_wav\3b438da7-07ef-4501-96dd-f4dea96b5852.wav,"=HYPERLINK(""D:\Projects\My projects\IAAA_Compet\Speaker-identification\data\processed\audio_wav\3b438da7-07ef-4501-96dd-f4dea96b5852.wav"",""3b438da7-07ef-4501-96dd-f4dea96b5852.wav"")",61.7,unknown,0,unknown,,64,1eacaf41-2f98-4b21-9294-e530caee85bd,0.7408,unknown->known,2,True,True,0,unknown,0.5307,OK,1,True,True,True,legacy_only,
41d6fc95-75d9-45bc-abb1-8c87fd12cdbf.wav,D:\Projects\My projects\IAAA_Compet\Speaker-identification\data\processed\audio_wav\41d6fc95-75d9-45bc-abb1-8c87fd12cdbf.wav,"=HYPERLINK(""D:\Projects\My projects\IAAA_Compet\Speaker-identification\data\processed\audio_wav\41d6fc95-75d9-45bc-abb1-8c87fd12cdbf.wav"",""41d6fc95-75d9-45bc-abb1-8c87fd12cdbf.wav"")",45.23,unknown,0,unknown,,261,8dd05812-9e31-4dc7-aec3-d4e510a95d3f,0.6255,unknown->known,2,True,True,0,unknown,0.9976,OK,1,True,True,True,legacy_only,
49cd6101-9b2d-4221-a4ac-7a017d953833.wav,D:\Projects\My projects\IAAA_Compet\Speaker-identification\data\processed\audio_wav\49cd6101-9b2d-4221-a4ac-7a017d953833.wav,"=HYPERLINK(""D:\Projects\My projects\IAAA_Compet\Speaker-identification\data\processed\audio_wav\49cd6101-9b2d-4221-a4ac-7a017d953833.wav"",""49cd6101-9b2d-4221-a4ac-7a017d953833.wav"")",35.41,unknown,0,unknown,,45,16d33c0f-567a-4605-a471-2702464e0ab3,0.9968,unknown->known,4,False,True,0,unknown,0.7133,OK,1,True,True,True,legacy_only,
4aa90e22-09d7-4532-b17c-3df9c6f5ed68.wav,D:\Projects\My projects\IAAA_Compet\Speaker-identification\data\processed\audio_wav\4aa90e22-09d7-4532-b17c-3df9c6f5ed68.wav,"=HYPERLINK(""D:\Projects\My projects\IAAA_Compet\Speaker-identification\data\processed\audio_wav\4aa90e22-09d7-4532-b17c-3df9c6f5ed68.wav"",""4aa90e22-09d7-4532-b17c-3df9c6f5ed68.wav"")",43.18,unknown,0,unknown,,67,21739d9d-66dc-4215-acb1-412f1e60fecf,0.279,unknown->known,2,True,True,0,unknown,0.9999,OK,1,True,True,True,legacy_only,
4f75961f-238e-4318-9245-03d3fa908c13.wav,D:\Projects\My projects\IAAA_Compet\Speaker-identification\data\processed\audio_wav\4f75961f-238e-4318-9245-03d3fa908c13.wav,"=HYPERLINK(""D:\Projects\My projects\IAAA_Compet\Speaker-identification\data\processed\audio_wav\4f75961f-238e-4318-9245-03d3fa908c13.wav"",""4f75961f-238e-4318-9245-03d3fa908c13.wav"")",62.29,unknown,0,unknown,,136,46474139-3462-445a-9b28-34cbd937d3ae,0.5315,unknown->known,2,True,True,0,unknown,1.0,OK,1,True,True,True,legacy_only,
5337645a-acc8-4949-b13e-d4fec4b881cf.wav,D:\Projects\My projects\IAAA_Compet\Speaker-identification\data\processed\audio_wav\5337645a-acc8-4949-b13e-d4fec4b881cf.wav,"=HYPERLINK(""D:\Projects\My projects\IAAA_Compet\Speaker-identification\data\processed\audio_wav\5337645a-acc8-4949-b13e-d4fec4b881cf.wav"",""5337645a-acc8-4949-b13e-d4fec4b881cf.wav"")",57.26,unknown,0,unknown,,78,26b5acbc-dd18-4e3f-8540-d1357dc4c05e,0.4759,unknown->known,2,True,True,0,unknown,0.9987,OK,1,True,True,True,legacy_only,
58a2f7e9-4d62-4b7d-94d3-757acac568f3.wav,D:\Projects\My projects\IAAA_Compet\Speaker-identification\data\processed\audio_wav\58a2f7e9-4d62-4b7d-94d3-757acac568f3.wav,"=HYPERLINK(""D:\Projects\My projects\IAAA_Compet\Speaker-identification\data\processed\audio_wav\58a2f7e9-4d62-4b7d-94d3-757acac568f3.wav"",""58a2f7e9-4d62-4b7d-94d3-757acac568f3.wav"")",64.68,unknown,0,unknown,,93,2f9be455-1aa7-43b2-8419-290295e60f10,0.2638,unknown->known,3,False,True,0,unknown,1.0,OK,1,True,True,True,legacy_only,
691bb686-69ac-41bf-a18b-c9f8ee48bb9d.wav,D:\Projects\My projects\IAAA_Compet\Speaker-identification\data\processed\audio_wav\691bb686-69ac-41bf-a18b-c9f8ee48bb9d.wav,"=HYPERLINK(""D:\Projects\My projects\IAAA_Compet\Speaker-identification\data\processed\audio_wav\691bb686-69ac-41bf-a18b-c9f8ee48bb9d.wav"",""691bb686-69ac-41bf-a18b-c9f8ee48bb9d.wav"")",6.4,known,232,829c7958-139f-4d4d-b3ca-fc2dbbada73d,5,0,unknown,0.5648,known->unknown,4,False,True,232,829c7958-139f-4d4d-b3ca-fc2dbbada73d,0.5236,OK,1,True,True,True,legacy_only,
6edbe5f6-e6a9-4f6f-b16d-14c8ebf2d340.wav,D:\Projects\My projects\IAAA_Compet\Speaker-identification\data\processed\audio_wav\6edbe5f6-e6a9-4f6f-b16d-14c8ebf2d340.wav,"=HYPERLINK(""D:\Projects\My projects\IAAA_Compet\Speaker-identification\data\processed\audio_wav\6edbe5f6-e6a9-4f6f-b16d-14c8ebf2d340.wav"",""6edbe5f6-e6a9-4f6f-b16d-14c8ebf2d340.wav"")",67.75,known,334,bf4d74b0-5050-40a9-ac6b-2961481229f6,5,0,unknown,0.8473,known->unknown,2,True,True,334,bf4d74b0-5050-40a9-ac6b-2961481229f6,0.9585,OK,1,True,True,True,legacy_only,
7793ce0d-9344-4d5c-bab4-5976655b7415.wav,D:\Projects\My projects\IAAA_Compet\Speaker-identification\data\processed\audio_wav\7793ce0d-9344-4d5c-bab4-5976655b7415.wav,"=HYPERLINK(""D:\Projects\My projects\IAAA_Compet\Speaker-identification\data\processed\audio_wav\7793ce0d-9344-4d5c-bab4-5976655b7415.wav"",""7793ce0d-9344-4d5c-bab4-5976655b7415.wav"")",61.78,unknown,0,unknown,,368,cf04eecd-fd82-4425-9f5f-8f5d33485491,0.265,unknown->known,2,True,True,0,unknown,1.0,OK,1,True,True,True,legacy_only,
7a078033-733a-4255-8cd4-aae2d91cc3e2.wav,D:\Projects\My projects\IAAA_Compet\Speaker-identification\data\processed\audio_wav\7a078033-733a-4255-8cd4-aae2d91cc3e2.wav,"=HYPERLINK(""D:\Projects\My projects\IAAA_Compet\Speaker-identification\data\processed\audio_wav\7a078033-733a-4255-8cd4-aae2d91cc3e2.wav"",""7a078033-733a-4255-8cd4-aae2d91cc3e2.wav"")",46.51,unknown,0,unknown,,67,21739d9d-66dc-4215-acb1-412f1e60fecf,0.3851,unknown->known,2,True,True,0,unknown,0.999,OK,1,True,True,True,legacy_only,
7bb30c04-160a-4db1-8be0-5c10d0efd87a.wav,D:\Projects\My projects\IAAA_Compet\Speaker-identification\data\processed\audio_wav\7bb30c04-160a-4db1-8be0-5c10d0efd87a.wav,"=HYPERLINK(""D:\Projects\My projects\IAAA_Compet\Speaker-identification\data\processed\audio_wav\7bb30c04-160a-4db1-8be0-5c10d0efd87a.wav"",""7bb30c04-160a-4db1-8be0-5c10d0efd87a.wav"")",74.92,known,441,fc81bbab-2514-4da9-8a13-151a403b613f,5,0,unknown,0.8621,known->unknown,2,True,True,441,fc81bbab-2514-4da9-8a13-151a403b613f,0.8556,OK,1,True,True,True,legacy_only,
873e3efe-c022-499c-a6ad-98927e25c089.wav,D:\Projects\My projects\IAAA_Compet\Speaker-identification\data\processed\audio_wav\873e3efe-c022-499c-a6ad-98927e25c089.wav,"=HYPERLINK(""D:\Projects\My projects\IAAA_Compet\Speaker-identification\data\processed\audio_wav\873e3efe-c022-499c-a6ad-98927e25c089.wav"",""873e3efe-c022-499c-a6ad-98927e25c089.wav"")",2.82,unknown,0,unknown,,356,c9aa5193-6c47-485d-a030-c948733768fb,0.4691,unknown->known,2,True,True,0,unknown,0.7946,OK,1,True,True,True,legacy_only,
87af3329-6fb1-4d8e-af32-d2471a660536.wav,D:\Projects\My projects\IAAA_Compet\Speaker-identification\data\processed\audio_wav\87af3329-6fb1-4d8e-af32-d2471a660536.wav,"=HYPERLINK(""D:\Projects\My projects\IAAA_Compet\Speaker-identification\data\processed\audio_wav\87af3329-6fb1-4d8e-af32-d2471a660536.wav"",""87af3329-6fb1-4d8e-af32-d2471a660536.wav"")",106.92,unknown,0,unknown,,370,d09a8c86-c3fb-4e02-a1b8-a32b14d4755a,0.2607,unknown->known,4,False,True,0,unknown,1.0,OK,1,True,True,True,legacy_only,
8b798073-98e6-40bc-862e-c7ce260838de.wav,D:\Projects\My projects\IAAA_Compet\Speaker-identification\data\processed\audio_wav\8b798073-98e6-40bc-862e-c7ce260838de.wav,"=HYPERLINK(""D:\Projects\My projects\IAAA_Compet\Speaker-identification\data\processed\audio_wav\8b798073-98e6-40bc-862e-c7ce260838de.wav"",""8b798073-98e6-40bc-862e-c7ce260838de.wav"")",59.22,unknown,0,unknown,,54,198f615b-4c8f-4043-ae9c-1de531d4ce4a,0.4397,unknown->known,4,False,True,0,unknown,0.9993,OK,1,True,True,True,legacy_only,
8e7a5280-ee88-4878-bbcf-e35389205382.wav,D:\Projects\My projects\IAAA_Compet\Speaker-identification\data\processed\audio_wav\8e7a5280-ee88-4878-bbcf-e35389205382.wav,"=HYPERLINK(""D:\Projects\My projects\IAAA_Compet\Speaker-identification\data\processed\audio_wav\8e7a5280-ee88-4878-bbcf-e35389205382.wav"",""8e7a5280-ee88-4878-bbcf-e35389205382.wav"")",7.0,unknown,0,unknown,,148,4e3c2da0-9a15-4e3f-873f-84ed281e2215,0.6742,unknown->known,2,True,True,0,unknown,0.6876,OK,1,True,True,True,legacy_only,
9071c1d6-debe-49c4-8170-afbe2e98d0ea.wav,D:\Projects\My projects\IAAA_Compet\Speaker-identification\data\processed\audio_wav\9071c1d6-debe-49c4-8170-afbe2e98d0ea.wav,"=HYPERLINK(""D:\Projects\My projects\IAAA_Compet\Speaker-identification\data\processed\audio_wav\9071c1d6-debe-49c4-8170-afbe2e98d0ea.wav"",""9071c1d6-debe-49c4-8170-afbe2e98d0ea.wav"")",39.68,known,245,871e3e60-c8fc-4614-b78a-0da75a2a609f,5,0,unknown,0.9521,known->unknown,2,True,True,245,871e3e60-c8fc-4614-b78a-0da75a2a609f,0.9309,OK,1,True,True,True,legacy_only,
a05aa101-da56-468f-ba4d-0a4901178a53.wav,D:\Projects\My projects\IAAA_Compet\Speaker-identification\data\processed\audio_wav\a05aa101-da56-468f-ba4d-0a4901178a53.wav,"=HYPERLINK(""D:\Projects\My projects\IAAA_Compet\Speaker-identification\data\processed\audio_wav\a05aa101-da56-468f-ba4d-0a4901178a53.wav"",""a05aa101-da56-468f-ba4d-0a4901178a53.wav"")",3.07,unknown,0,unknown,,148,4e3c2da0-9a15-4e3f-873f-84ed281e2215,0.6742,unknown->known,2,True,True,0,unknown,0.6876,OK,1,True,True,True,legacy_only,
a7e1b73e-da00-4a70-88bd-3af36bb4fe07.wav,D:\Projects\My projects\IAAA_Compet\Speaker-identification\data\processed\audio_wav\a7e1b73e-da00-4a70-88bd-3af36bb4fe07.wav,"=HYPERLINK(""D:\Projects\My projects\IAAA_Compet\Speaker-identification\data\processed\audio_wav\a7e1b73e-da00-4a70-88bd-3af36bb4fe07.wav"",""a7e1b73e-da00-4a70-88bd-3af36bb4fe07.wav"")",6.91,unknown,0,unknown,,377,d47baa5f-b17e-42b5-bad9-57c4f3a355b3,0.5132,unknown->known,2,True,True,0,unknown,0.8796,OK,1,True,True,True,legacy_only,
b0f2e5ac-8d94-4be1-bb14-c99b2713a49a.wav,D:\Projects\My projects\IAAA_Compet\Speaker-identification\data\processed\audio_wav\b0f2e5ac-8d94-4be1-bb14-c99b2713a49a.wav,"=HYPERLINK(""D:\Projects\My projects\IAAA_Compet\Speaker-identification\data\processed\audio_wav\b0f2e5ac-8d94-4be1-bb14-c99b2713a49a.wav"",""b0f2e5ac-8d94-4be1-bb14-c99b2713a49a.wav"")",114.01,known,149,4f05b0d9-304b-411d-bfc6-37199c235a50,5,0,unknown,0.4126,known->unknown,29,False,False,149,4f05b0d9-304b-411d-bfc6-37199c235a50,0.9886,OK,1,True,True,True,legacy_only,
b47bf4f7-a49f-4654-a91c-8bd6f6540177.wav,D:\Projects\My projects\IAAA_Compet\Speaker-identification\data\processed\audio_wav\b47bf4f7-a49f-4654-a91c-8bd6f6540177.wav,"=HYPERLINK(""D:\Projects\My projects\IAAA_Compet\Speaker-identification\data\processed\audio_wav\b47bf4f7-a49f-4654-a91c-8bd6f6540177.wav"",""b47bf4f7-a49f-4654-a91c-8bd6f6540177.wav"")",51.37,unknown,0,unknown,,43,1669ecb1-7cc7-45be-9f87-1ab06b93937a,0.7076,unknown->known,2,True,True,0,unknown,1.0,OK,1,True,True,True,legacy_only,
b719202f-33b5-43d6-bef5-f8c75278a7a5.wav,D:\Projects\My projects\IAAA_Compet\Speaker-identification\data\processed\audio_wav\b719202f-33b5-43d6-bef5-f8c75278a7a5.wav,"=HYPERLINK(""D:\Projects\My projects\IAAA_Compet\Speaker-identification\data\processed\audio_wav\b719202f-33b5-43d6-bef5-f8c75278a7a5.wav"",""b719202f-33b5-43d6-bef5-f8c75278a7a5.wav"")",67.58,known,356,c9aa5193-6c47-485d-a030-c948733768fb,5,0,unknown,0.9042,known->unknown,234,False,False,356,c9aa5193-6c47-485d-a030-c948733768fb,0.9759,OK,1,True,True,True,legacy_only,
b867fd87-424e-4871-bafb-a71af4b008f2.wav,D:\Projects\My projects\IAAA_Compet\Speaker-identification\data\processed\audio_wav\b867fd87-424e-4871-bafb-a71af4b008f2.wav,"=HYPERLINK(""D:\Projects\My projects\IAAA_Compet\Speaker-identification\data\processed\audio_wav\b867fd87-424e-4871-bafb-a71af4b008f2.wav"",""b867fd87-424e-4871-bafb-a71af4b008f2.wav"")",82.01,unknown,0,unknown,,103,328f3c16-495f-4c99-8960-4ca253d06255,0.608,unknown->known,3,False,True,0,unknown,0.8678,OK,1,True,True,True,legacy_only,
be139eb9-2311-4540-9d0c-125caadf4dc6.wav,D:\Projects\My projects\IAAA_Compet\Speaker-identification\data\processed\audio_wav\be139eb9-2311-4540-9d0c-125caadf4dc6.wav,"=HYPERLINK(""D:\Projects\My projects\IAAA_Compet\Speaker-identification\data\processed\audio_wav\be139eb9-2311-4540-9d0c-125caadf4dc6.wav"",""be139eb9-2311-4540-9d0c-125caadf4dc6.wav"")",74.58,unknown,0,unknown,,383,d77ab143-3d30-4171-9ba8-e2ec1debba0c,0.4549,unknown->known,2,True,True,0,unknown,1.0,OK,1,True,True,True,legacy_only,
be46ff19-d43d-4471-a417-64f9b2000e54.wav,D:\Projects\My projects\IAAA_Compet\Speaker-identification\data\processed\audio_wav\be46ff19-d43d-4471-a417-64f9b2000e54.wav,"=HYPERLINK(""D:\Projects\My projects\IAAA_Compet\Speaker-identification\data\processed\audio_wav\be46ff19-d43d-4471-a417-64f9b2000e54.wav"",""be46ff19-d43d-4471-a417-64f9b2000e54.wav"")",72.53,unknown,0,unknown,,161,57aa8470-0886-48bb-8b3f-548fab195903,0.64,unknown->known,2,True,True,0,unknown,0.9163,OK,1,True,True,True,legacy_only,
c291fa45-178f-4cf7-8777-9bf2c7a0d6e0.wav,D:\Projects\My projects\IAAA_Compet\Speaker-identification\data\processed\audio_wav\c291fa45-178f-4cf7-8777-9bf2c7a0d6e0.wav,"=HYPERLINK(""D:\Projects\My projects\IAAA_Compet\Speaker-identification\data\processed\audio_wav\c291fa45-178f-4cf7-8777-9bf2c7a0d6e0.wav"",""c291fa45-178f-4cf7-8777-9bf2c7a0d6e0.wav"")",89.77,unknown,0,unknown,,433,f73fa075-2f70-492a-b7d3-96666a53cd36,0.2884,unknown->known,2,True,True,0,unknown,0.9998,OK,1,True,True,True,legacy_only,
c637d4ff-335f-4147-898b-21b1e58c5e84.wav,D:\Projects\My projects\IAAA_Compet\Speaker-identification\data\processed\audio_wav\c637d4ff-335f-4147-898b-21b1e58c5e84.wav,"=HYPERLINK(""D:\Projects\My projects\IAAA_Compet\Speaker-identification\data\processed\audio_wav\c637d4ff-335f-4147-898b-21b1e58c5e84.wav"",""c637d4ff-335f-4147-898b-21b1e58c5e84.wav"")",18.26,unknown,0,unknown,,148,4e3c2da0-9a15-4e3f-873f-84ed281e2215,0.6138,unknown->known,2,True,True,0,unknown,0.6171,OK,1,True,True,True,legacy_only,
c6a2f4d6-6e54-42bf-a75a-454763f970ec.wav,D:\Projects\My projects\IAAA_Compet\Speaker-identification\data\processed\audio_wav\c6a2f4d6-6e54-42bf-a75a-454763f970ec.wav,"=HYPERLINK(""D:\Projects\My projects\IAAA_Compet\Speaker-identification\data\processed\audio_wav\c6a2f4d6-6e54-42bf-a75a-454763f970ec.wav"",""c6a2f4d6-6e54-42bf-a75a-454763f970ec.wav"")",68.27,known,414,e9df0984-85d9-4f00-8ab7-d846dd00896a,5,417,eda2333c-3a7d-4a5e-aed7-60f0d7566bca,0.2423,known->wrong_known,23,False,False,414,e9df0984-85d9-4f00-8ab7-d846dd00896a,0.9493,OK,1,True,True,True,legacy_only,
d31ef156-2050-4eee-8b5a-4229ac761a7d.wav,D:\Projects\My projects\IAAA_Compet\Speaker-identification\data\processed\audio_wav\d31ef156-2050-4eee-8b5a-4229ac761a7d.wav,"=HYPERLINK(""D:\Projects\My projects\IAAA_Compet\Speaker-identification\data\processed\audio_wav\d31ef156-2050-4eee-8b5a-4229ac761a7d.wav"",""d31ef156-2050-4eee-8b5a-4229ac761a7d.wav"")",53.08,unknown,0,unknown,,175,5ddbb40d-9127-499f-83f1-cd4bbea8638d,0.2918,unknown->known,3,False,True,0,unknown,1.0,OK,1,True,True,True,legacy_only,
dfd0de78-7c2a-4973-954e-561911a0efce.wav,D:\Projects\My projects\IAAA_Compet\Speaker-identification\data\processed\audio_wav\dfd0de78-7c2a-4973-954e-561911a0efce.wav,"=HYPERLINK(""D:\Projects\My projects\IAAA_Compet\Speaker-identification\data\processed\audio_wav\dfd0de78-7c2a-4973-954e-561911a0efce.wav"",""dfd0de78-7c2a-4973-954e-561911a0efce.wav"")",64.6,unknown,0,unknown,,253,8a2eaed1-83cc-41ef-bac9-cc6496ca7b19,0.543,unknown->known,53,False,False,0,unknown,1.0,OK,1,True,True,True,legacy_only,
e0eb9409-b764-4362-b60e-fbfb85cfb280.wav,D:\Projects\My projects\IAAA_Compet\Speaker-identification\data\processed\audio_wav\e0eb9409-b764-4362-b60e-fbfb85cfb280.wav,"=HYPERLINK(""D:\Projects\My projects\IAAA_Compet\Speaker-identification\data\processed\audio_wav\e0eb9409-b764-4362-b60e-fbfb85cfb280.wav"",""e0eb9409-b764-4362-b60e-fbfb85cfb280.wav"")",49.24,unknown,0,unknown,,81,28b3f737-9906-46bc-87b8-f68209fa266e,0.5651,unknown->known,3,False,True,0,unknown,1.0,OK,1,True,True,True,legacy_only,
e21fbf01-cf0b-4f4f-a1b7-84775b8ed341.wav,D:\Projects\My projects\IAAA_Compet\Speaker-identification\data\processed\audio_wav\e21fbf01-cf0b-4f4f-a1b7-84775b8ed341.wav,"=HYPERLINK(""D:\Projects\My projects\IAAA_Compet\Speaker-identification\data\processed\audio_wav\e21fbf01-cf0b-4f4f-a1b7-84775b8ed341.wav"",""e21fbf01-cf0b-4f4f-a1b7-84775b8ed341.wav"")",38.06,unknown,0,unknown,,118,3b45500f-8853-4c77-aa86-6ba0f5a69cb8,0.5117,unknown->known,2,True,True,0,unknown,0.9994,OK,1,True,True,True,legacy_only,
e2f13d77-c1e6-408e-9e4b-9454c6433173.wav,D:\Projects\My projects\IAAA_Compet\Speaker-identification\data\processed\audio_wav\e2f13d77-c1e6-408e-9e4b-9454c6433173.wav,"=HYPERLINK(""D:\Projects\My projects\IAAA_Compet\Speaker-identification\data\processed\audio_wav\e2f13d77-c1e6-408e-9e4b-9454c6433173.wav"",""e2f13d77-c1e6-408e-9e4b-9454c6433173.wav"")",63.49,unknown,0,unknown,,253,8a2eaed1-83cc-41ef-bac9-cc6496ca7b19,0.317,unknown->known,7,False,False,0,unknown,1.0,OK,1,True,True,True,legacy_only,
e31d94f7-cc53-469b-a10a-308f7159e406.wav,D:\Projects\My projects\IAAA_Compet\Speaker-identification\data\processed\audio_wav\e31d94f7-cc53-469b-a10a-308f7159e406.wav,"=HYPERLINK(""D:\Projects\My projects\IAAA_Compet\Speaker-identification\data\processed\audio_wav\e31d94f7-cc53-469b-a10a-308f7159e406.wav"",""e31d94f7-cc53-469b-a10a-308f7159e406.wav"")",65.79,unknown,0,unknown,,281,9c50b542-576b-4526-8635-b39f388d607f,0.2488,unknown->known,6,False,False,0,unknown,1.0,OK,1,True,True,True,legacy_only,
ea36e72f-c409-44c9-88e5-44095b21f986.wav,D:\Projects\My projects\IAAA_Compet\Speaker-identification\data\processed\audio_wav\ea36e72f-c409-44c9-88e5-44095b21f986.wav,"=HYPERLINK(""D:\Projects\My projects\IAAA_Compet\Speaker-identification\data\processed\audio_wav\ea36e72f-c409-44c9-88e5-44095b21f986.wav"",""ea36e72f-c409-44c9-88e5-44095b21f986.wav"")",74.07,unknown,0,unknown,,38,13fa1966-8054-41ea-8b07-4152f4183368,0.3904,unknown->known,5,False,True,0,unknown,0.9998,OK,1,True,True,True,legacy_only,
ec797afb-b19f-454d-8c4c-c2e8b59f9f86.wav,D:\Projects\My projects\IAAA_Compet\Speaker-identification\data\processed\audio_wav\ec797afb-b19f-454d-8c4c-c2e8b59f9f86.wav,"=HYPERLINK(""D:\Projects\My projects\IAAA_Compet\Speaker-identification\data\processed\audio_wav\ec797afb-b19f-454d-8c4c-c2e8b59f9f86.wav"",""ec797afb-b19f-454d-8c4c-c2e8b59f9f86.wav"")",72.11,unknown,0,unknown,,252,89b8c1d2-87b8-44ee-9922-dbfdbe74e486,0.3455,unknown->known,2,True,True,0,unknown,0.9598,OK,1,True,True,True,legacy_only,
f33d6d72-f05c-4149-9731-613519e46566.wav,D:\Projects\My projects\IAAA_Compet\Speaker-identification\data\processed\audio_wav\f33d6d72-f05c-4149-9731-613519e46566.wav,"=HYPERLINK(""D:\Projects\My projects\IAAA_Compet\Speaker-identification\data\processed\audio_wav\f33d6d72-f05c-4149-9731-613519e46566.wav"",""f33d6d72-f05c-4149-9731-613519e46566.wav"")",66.9,known,27,0d881624-3656-42fd-b5c2-16af38a8f923,5,419,f118d63b-bae5-4c9c-84f1-ed39eb0f1caf,0.2623,known->wrong_known,33,False,False,27,0d881624-3656-42fd-b5c2-16af38a8f923,0.9519,OK,1,True,True,True,legacy_only,
f42d1f4d-26b3-4c7d-9a6d-195f091fdc19.wav,D:\Projects\My projects\IAAA_Compet\Speaker-identification\data\processed\audio_wav\f42d1f4d-26b3-4c7d-9a6d-195f091fdc19.wav,"=HYPERLINK(""D:\Projects\My projects\IAAA_Compet\Speaker-identification\data\processed\audio_wav\f42d1f4d-26b3-4c7d-9a6d-195f091fdc19.wav"",""f42d1f4d-26b3-4c7d-9a6d-195f091fdc19.wav"")",1.54,unknown,0,unknown,,148,4e3c2da0-9a15-4e3f-873f-84ed281e2215,0.6282,unknown->known,2,True,True,0,unknown,0.6274,OK,1,True,True,True,legacy_only,
7cc187f6-d980-4ff9-949f-cd200bcdb9ca.wav,D:\Projects\My projects\IAAA_Compet\Speaker-identification\data\processed\audio_wav\7cc187f6-d980-4ff9-949f-cd200bcdb9ca.wav,"=HYPERLINK(""D:\Projects\My projects\IAAA_Compet\Speaker-identification\data\processed\audio_wav\7cc187f6-d980-4ff9-949f-cd200bcdb9ca.wav"",""7cc187f6-d980-4ff9-949f-cd200bcdb9ca.wav"")",62.29,known,102,31a64b6f-2380-4d0c-ab74-8adeb48a9575,5,102,31a64b6f-2380-4d0c-ab74-8adeb48a9575,0.5267,OK,1,True,True,0,unknown,0.8713,known->unknown,2,True,True,True,cluster_only,
b2afa3fe-5632-4abe-a784-b6e590bcd81f.wav,D:\Projects\My projects\IAAA_Compet\Speaker-identification\data\processed\audio_wav\b2afa3fe-5632-4abe-a784-b6e590bcd81f.wav,"=HYPERLINK(""D:\Projects\My projects\IAAA_Compet\Speaker-identification\data\processed\audio_wav\b2afa3fe-5632-4abe-a784-b6e590bcd81f.wav"",""b2afa3fe-5632-4abe-a784-b6e590bcd81f.wav"")",1.62,known,292,a4262002-1f41-4c9b-84d0-3e3dadf50327,5,292,a4262002-1f41-4c9b-84d0-3e3dadf50327,0.9297,OK,1,True,True,122,3e9763b4-b699-4463-bac1-c6e24e59222c,0.6926,known->wrong_known,5,False,True,True,cluster_only,
bdc21377-6134-487b-9355-f79b1ac5bf27.wav,D:\Projects\My projects\IAAA_Compet\Speaker-identification\data\processed\audio_wav\bdc21377-6134-487b-9355-f79b1ac5bf27.wav,"=HYPERLINK(""D:\Projects\My projects\IAAA_Compet\Speaker-identification\data\processed\audio_wav\bdc21377-6134-487b-9355-f79b1ac5bf27.wav"",""bdc21377-6134-487b-9355-f79b1ac5bf27.wav"")",3.75,known,187,6728c0ea-3d27-4271-a3fa-0ccca11d33c9,5,187,6728c0ea-3d27-4271-a3fa-0ccca11d33c9,0.8473,OK,1,True,True,0,unknown,0.5031,known->unknown,2,True,True,True,cluster_only,
e3438612-4ae1-44dc-ae6e-975a1bf0532f.wav,D:\Projects\My projects\IAAA_Compet\Speaker-identification\data\processed\audio_wav\e3438612-4ae1-44dc-ae6e-975a1bf0532f.wav,"=HYPERLINK(""D:\Projects\My projects\IAAA_Compet\Speaker-identification\data\processed\audio_wav\e3438612-4ae1-44dc-ae6e-975a1bf0532f.wav"",""e3438612-4ae1-44dc-ae6e-975a1bf0532f.wav"")",22.1,known,148,4e3c2da0-9a15-4e3f-873f-84ed281e2215,9,148,4e3c2da0-9a15-4e3f-873f-84ed281e2215,0.3261,OK,1,True,True,212,78e467bf-0f04-473b-bf7e-7c59a267aef8,0.4899,known->wrong_known,6,False,False,True,cluster_only,
002d9f02-46b0-44fb-b609-2dd6ce71f4c9.wav,D:\Projects\My projects\IAAA_Compet\Speaker-identification\data\processed\audio_wav\002d9f02-46b0-44fb-b609-2dd6ce71f4c9.wav,"=HYPERLINK(""D:\Projects\My projects\IAAA_Compet\Speaker-identification\data\processed\audio_wav\002d9f02-46b0-44fb-b609-2dd6ce71f4c9.wav"",""002d9f02-46b0-44fb-b609-2dd6ce71f4c9.wav"")",64.6,known,89,2c9eb2ed-0970-4e41-9a17-d1bd3f7ede68,5,89,2c9eb2ed-0970-4e41-9a17-d1bd3f7ede68,0.9836,OK,1,True,True,89,2c9eb2ed-0970-4e41-9a17-d1bd3f7ede68,0.9965,OK,1,True,True,False,ok,
006a0851-f24c-4236-ba6d-384079b3d43d.wav,D:\Projects\My projects\IAAA_Compet\Speaker-identification\data\processed\audio_wav\006a0851-f24c-4236-ba6d-384079b3d43d.wav,"=HYPERLINK(""D:\Projects\My projects\IAAA_Compet\Speaker-identification\data\processed\audio_wav\006a0851-f24c-4236-ba6d-384079b3d43d.wav"",""006a0851-f24c-4236-ba6d-384079b3d43d.wav"")",79.87,known,84,2aff504b-755f-49c5-9d96-da01f11e6e56,5,84,2aff504b-755f-49c5-9d96-da01f11e6e56,0.9999,OK,1,True,True,84,2aff504b-755f-49c5-9d96-da01f11e6e56,0.9976,OK,1,True,True,False,ok,
00902afa-40d1-4a74-b6e6-6f5b48c15e54.wav,D:\Projects\My projects\IAAA_Compet\Speaker-identification\data\processed\audio_wav\00902afa-40d1-4a74-b6e6-6f5b48c15e54.wav,"=HYPERLINK(""D:\Projects\My projects\IAAA_Compet\Speaker-identification\data\processed\audio_wav\00902afa-40d1-4a74-b6e6-6f5b48c15e54.wav"",""00902afa-40d1-4a74-b6e6-6f5b48c15e54.wav"")",53.16,unknown,0,unknown,,0,unknown,0.9257,OK,1,True,True,0,unknown,1.0,OK,1,True,True,False,ok,
0115af47-c029-45cf-bc2c-f5c25e8c4e82.wav,D:\Projects\My projects\IAAA_Compet\Speaker-identification\data\processed\audio_wav\0115af47-c029-45cf-bc2c-f5c25e8c4e82.wav,"=HYPERLINK(""D:\Projects\My projects\IAAA_Compet\Speaker-identification\data\processed\audio_wav\0115af47-c029-45cf-bc2c-f5c25e8c4e82.wav"",""0115af47-c029-45cf-bc2c-f5c25e8c4e82.wav"")",74.75,unknown,0,unknown,,0,unknown,0.7405,OK,1,True,True,0,unknown,1.0,OK,1,True,True,False,ok,
0146bfc8-e565-40ce-8954-9520b035a342.wav,D:\Projects\My projects\IAAA_Compet\Speaker-identification\data\processed\audio_wav\0146bfc8-e565-40ce-8954-9520b035a342.wav,"=HYPERLINK(""D:\Projects\My projects\IAAA_Compet\Speaker-identification\data\processed\audio_wav\0146bfc8-e565-40ce-8954-9520b035a342.wav"",""0146bfc8-e565-40ce-8954-9520b035a342.wav"")",48.73,unknown,0,unknown,,0,unknown,0.9944,OK,1,True,True,0,unknown,1.0,OK,1,True,True,False,ok,
01570a93-3e3f-4969-b72c-e5d39ccde59c.wav,D:\Projects\My projects\IAAA_Compet\Speaker-identification\data\processed\audio_wav\01570a93-3e3f-4969-b72c-e5d39ccde59c.wav,"=HYPERLINK(""D:\Projects\My projects\IAAA_Compet\Speaker-identification\data\processed\audio_wav\01570a93-3e3f-4969-b72c-e5d39ccde59c.wav"",""01570a93-3e3f-4969-b72c-e5d39ccde59c.wav"")",68.61,unknown,0,unknown,,0,unknown,0.8076,OK,1,True,True,0,unknown,0.998,OK,1,True,True,False,ok,
017beef1-1d1b-44c9-a2be-cce177049c29.wav,D:\Projects\My projects\IAAA_Compet\Speaker-identification\data\processed\audio_wav\017beef1-1d1b-44c9-a2be-cce177049c29.wav,"=HYPERLINK(""D:\Projects\My projects\IAAA_Compet\Speaker-identification\data\processed\audio_wav\017beef1-1d1b-44c9-a2be-cce177049c29.wav"",""017beef1-1d1b-44c9-a2be-cce177049c29.wav"")",52.39,known,199,6ff0fa40-1e53-4532-ae79-6bb506f48c89,5,199,6ff0fa40-1e53-4532-ae79-6bb506f48c89,0.9701,OK,1,True,True,199,6ff0fa40-1e53-4532-ae79-6bb506f48c89,0.9827,OK,1,True,True,False,ok,
018ac105-9d4c-47d9-b02a-6a45ba3ccd02.wav,D:\Projects\My projects\IAAA_Compet\Speaker-identification\data\processed\audio_wav\018ac105-9d4c-47d9-b02a-6a45ba3ccd02.wav,"=HYPERLINK(""D:\Projects\My projects\IAAA_Compet\Speaker-identification\data\processed\audio_wav\018ac105-9d4c-47d9-b02a-6a45ba3ccd02.wav"",""018ac105-9d4c-47d9-b02a-6a45ba3ccd02.wav"")",8.36,known,340,c2a9e05a-6c0e-4485-847a-b2ea2b243465,5,340,c2a9e05a-6c0e-4485-847a-b2ea2b243465,0.9962,OK,1,True,True,340,c2a9e05a-6c0e-4485-847a-b2ea2b243465,0.9991,OK,1,True,True,False,ok,
01da88a4-2f69-46eb-9624-314d97287303.wav,D:\Projects\My projects\IAAA_Compet\Speaker-identification\data\processed\audio_wav\01da88a4-2f69-46eb-9624-314d97287303.wav,"=HYPERLINK(""D:\Projects\My projects\IAAA_Compet\Speaker-identification\data\processed\audio_wav\01da88a4-2f69-46eb-9624-314d97287303.wav"",""01da88a4-2f69-46eb-9624-314d97287303.wav"")",49.66,known,190,690bf329-0cbd-4fbe-a851-b14af8b99c90,5,190,690bf329-0cbd-4fbe-a851-b14af8b99c90,0.8984,OK,1,True,True,190,690bf329-0cbd-4fbe-a851-b14af8b99c90,0.9742,OK,1,True,True,False,ok,
01e45b4b-2ff9-465d-9ac9-16a020b48094.wav,D:\Projects\My projects\IAAA_Compet\Speaker-identification\data\processed\audio_wav\01e45b4b-2ff9-465d-9ac9-16a020b48094.wav,"=HYPERLINK(""D:\Projects\My projects\IAAA_Compet\Speaker-identification\data\processed\audio_wav\01e45b4b-2ff9-465d-9ac9-16a020b48094.wav"",""01e45b4b-2ff9-465d-9ac9-16a020b48094.wav"")",70.66,known,401,e1e2a531-92b7-4008-ae6f-e6f9a5446f77,5,401,e1e2a531-92b7-4008-ae6f-e6f9a5446f77,0.9996,OK,1,True,True,401,e1e2a531-92b7-4008-ae6f-e6f9a5446f77,0.9789,OK,1,True,True,False,ok,
02c5f46c-f728-49c8-bc62-6cfa8b786022.wav,D:\Projects\My projects\IAAA_Compet\Speaker-identification\data\processed\audio_wav\02c5f46c-f728-49c8-bc62-6cfa8b786022.wav,"=HYPERLINK(""D:\Projects\My projects\IAAA_Compet\Speaker-identification\data\processed\audio_wav\02c5f46c-f728-49c8-bc62-6cfa8b786022.wav"",""02c5f46c-f728-49c8-bc62-6cfa8b786022.wav"")",49.24,unknown,0,unknown,,0,unknown,0.9845,OK,1,True,True,0,unknown,1.0,OK,1,True,True,False,ok,
0378f718-4560-4178-995a-20cd5c55c169.wav,D:\Projects\My projects\IAAA_Compet\Speaker-identification\data\processed\audio_wav\0378f718-4560-4178-995a-20cd5c55c169.wav,"=HYPERLINK(""D:\Projects\My projects\IAAA_Compet\Speaker-identification\data\processed\audio_wav\0378f718-4560-4178-995a-20cd5c55c169.wav"",""0378f718-4560-4178-995a-20cd5c55c169.wav"")",76.03,known,424,f3487b48-7d86-4403-97de-68b1027254aa,5,424,f3487b48-7d86-4403-97de-68b1027254aa,0.9972,OK,1,True,True,424,f3487b48-7d86-4403-97de-68b1027254aa,0.9876,OK,1,True,True,False,ok,
03b6e11b-a416-4b3b-911f-39e41645eb99.wav,D:\Projects\My projects\IAAA_Compet\Speaker-identification\data\processed\audio_wav\03b6e11b-a416-4b3b-911f-39e41645eb99.wav,"=HYPERLINK(""D:\Projects\My projects\IAAA_Compet\Speaker-identification\data\processed\audio_wav\03b6e11b-a416-4b3b-911f-39e41645eb99.wav"",""03b6e11b-a416-4b3b-911f-39e41645eb99.wav"")",80.04,known,73,239d663c-3a25-4984-acf0-60d168a8843e,5,73,239d663c-3a25-4984-acf0-60d168a8843e,0.9898,OK,1,True,True,73,239d663c-3a25-4984-acf0-60d168a8843e,0.9945,OK,1,True,True,False,ok,
03c628a3-0aaa-4166-82c2-e6fea6fab28f.wav,D:\Projects\My projects\IAAA_Compet\Speaker-identification\data\processed\audio_wav\03c628a3-0aaa-4166-82c2-e6fea6fab28f.wav,"=HYPERLINK(""D:\Projects\My projects\IAAA_Compet\Speaker-identification\data\processed\audio_wav\03c628a3-0aaa-4166-82c2-e6fea6fab28f.wav"",""03c628a3-0aaa-4166-82c2-e6fea6fab28f.wav"")",62.04,known,218,7cf2f9fb-0c75-4777-bdc1-5da4e68a2284,5,218,7cf2f9fb-0c75-4777-bdc1-5da4e68a2284,0.9432,OK,1,True,True,218,7cf2f9fb-0c75-4777-bdc1-5da4e68a2284,0.9712,OK,1,True,True,False,ok,
04062100-ce86-459e-ab0a-a394fde0d308.wav,D:\Projects\My projects\IAAA_Compet\Speaker-identification\data\processed\audio_wav\04062100-ce86-459e-ab0a-a394fde0d308.wav,"=HYPERLINK(""D:\Projects\My projects\IAAA_Compet\Speaker-identification\data\processed\audio_wav\04062100-ce86-459e-ab0a-a394fde0d308.wav"",""04062100-ce86-459e-ab0a-a394fde0d308.wav"")",47.7,known,60,1b4138c8-aea7-41e6-ab7e-e88fbc1fab8b,5,60,1b4138c8-aea7-41e6-ab7e-e88fbc1fab8b,0.9899,OK,1,True,True,60,1b4138c8-aea7-41e6-ab7e-e88fbc1fab8b,0.9968,OK,1,True,True,False,ok,
041f6636-db74-4827-aa4a-6344c68e6b6c.wav,D:\Projects\My projects\IAAA_Compet\Speaker-identification\data\processed\audio_wav\041f6636-db74-4827-aa4a-6344c68e6b6c.wav,"=HYPERLINK(""D:\Projects\My projects\IAAA_Compet\Speaker-identification\data\processed\audio_wav\041f6636-db74-4827-aa4a-6344c68e6b6c.wav"",""041f6636-db74-4827-aa4a-6344c68e6b6c.wav"")",51.2,known,210,770d97c8-8385-4df2-941a-fdeef6af0a8c,5,210,770d97c8-8385-4df2-941a-fdeef6af0a8c,0.958,OK,1,True,True,210,770d97c8-8385-4df2-941a-fdeef6af0a8c,0.8825,OK,1,True,True,False,ok,
04277f85-f666-4302-9893-32fda5f076d1.wav,D:\Projects\My projects\IAAA_Compet\Speaker-identification\data\processed\audio_wav\04277f85-f666-4302-9893-32fda5f076d1.wav,"=HYPERLINK(""D:\Projects\My projects\IAAA_Compet\Speaker-identification\data\processed\audio_wav\04277f85-f666-4302-9893-32fda5f076d1.wav"",""04277f85-f666-4302-9893-32fda5f076d1.wav"")",67.07,known,39,148618d7-3ed1-4088-be69-c89fff8af2b5,5,39,148618d7-3ed1-4088-be69-c89fff8af2b5,0.9818,OK,1,True,True,39,148618d7-3ed1-4088-be69-c89fff8af2b5,0.9442,OK,1,True,True,False,ok,
046361d1-adc6-4547-ace5-776d018f35db.wav,D:\Projects\My projects\IAAA_Compet\Speaker-identification\data\processed\audio_wav\046361d1-adc6-4547-ace5-776d018f35db.wav,"=HYPERLINK(""D:\Projects\My projects\IAAA_Compet\Speaker-identification\data\processed\audio_wav\046361d1-adc6-4547-ace5-776d018f35db.wav"",""046361d1-adc6-4547-ace5-776d018f35db.wav"")",26.2,known,238,845cbfc6-af92-4fa0-8b33-4e4e0e3b002a,5,238,845cbfc6-af92-4fa0-8b33-4e4e0e3b002a,0.9913,OK,1,True,True,238,845cbfc6-af92-4fa0-8b33-4e4e0e3b002a,0.9597,OK,1,True,True,False,ok,
04e2bf0b-b0ca-46f7-aab9-8bd840a7144e.wav,D:\Projects\My projects\IAAA_Compet\Speaker-identification\data\processed\audio_wav\04e2bf0b-b0ca-46f7-aab9-8bd840a7144e.wav,"=HYPERLINK(""D:\Projects\My projects\IAAA_Compet\Speaker-identification\data\processed\audio_wav\04e2bf0b-b0ca-46f7-aab9-8bd840a7144e.wav"",""04e2bf0b-b0ca-46f7-aab9-8bd840a7144e.wav"")",65.88,known,266,9613ff0c-5943-43f3-a2c9-d87d78e57e43,5,266,9613ff0c-5943-43f3-a2c9-d87d78e57e43,0.6776,OK,1,True,True,266,9613ff0c-5943-43f3-a2c9-d87d78e57e43,0.9879,OK,1,True,True,False,ok,
04e3b5e4-f63d-4020-9f3a-f5a0a8266a8e.wav,D:\Projects\My projects\IAAA_Compet\Speaker-identification\data\processed\audio_wav\04e3b5e4-f63d-4020-9f3a-f5a0a8266a8e.wav,"=HYPERLINK(""D:\Projects\My projects\IAAA_Compet\Speaker-identification\data\processed\audio_wav\04e3b5e4-f63d-4020-9f3a-f5a0a8266a8e.wav"",""04e3b5e4-f63d-4020-9f3a-f5a0a8266a8e.wav"")",71.25,unknown,0,unknown,,0,unknown,0.9473,OK,1,True,True,0,unknown,0.9961,OK,1,True,True,False,ok,
05ec527a-84cc-4068-b2ae-9b557942f42a.wav,D:\Projects\My projects\IAAA_Compet\Speaker-identification\data\processed\audio_wav\05ec527a-84cc-4068-b2ae-9b557942f42a.wav,"=HYPERLINK(""D:\Projects\My projects\IAAA_Compet\Speaker-identification\data\processed\audio_wav\05ec527a-84cc-4068-b2ae-9b557942f42a.wav"",""05ec527a-84cc-4068-b2ae-9b557942f42a.wav"")",54.61,unknown,0,unknown,,0,unknown,0.9992,OK,1,True,True,0,unknown,1.0,OK,1,True,True,False,ok,
066032e6-3b11-44d2-9d2b-ee0ab9721968.wav,D:\Projects\My projects\IAAA_Compet\Speaker-identification\data\processed\audio_wav\066032e6-3b11-44d2-9d2b-ee0ab9721968.wav,"=HYPERLINK(""D:\Projects\My projects\IAAA_Compet\Speaker-identification\data\processed\audio_wav\066032e6-3b11-44d2-9d2b-ee0ab9721968.wav"",""066032e6-3b11-44d2-9d2b-ee0ab9721968.wav"")",65.88,known,155,523d4487-f570-42bf-877e-9b97538cf0f2,5,155,523d4487-f570-42bf-877e-9b97538cf0f2,0.9787,OK,1,True,True,155,523d4487-f570-42bf-877e-9b97538cf0f2,0.988,OK,1,True,True,False,ok,
06fdb752-564b-4d9d-a1ca-8ace7723e17c.wav,D:\Projects\My projects\IAAA_Compet\Speaker-identification\data\processed\audio_wav\06fdb752-564b-4d9d-a1ca-8ace7723e17c.wav,"=HYPERLINK(""D:\Projects\My projects\IAAA_Compet\Speaker-identification\data\processed\audio_wav\06fdb752-564b-4d9d-a1ca-8ace7723e17c.wav"",""06fdb752-564b-4d9d-a1ca-8ace7723e17c.wav"")",6.06,unknown,0,unknown,,0,unknown,0.9582,OK,1,True,True,0,unknown,0.5144,OK,1,True,True,False,ok,
0726b9e0-eb0c-45e6-b1c2-092245262ff5.wav,D:\Projects\My projects\IAAA_Compet\Speaker-identification\data\processed\audio_wav\0726b9e0-eb0c-45e6-b1c2-092245262ff5.wav,"=HYPERLINK(""D:\Projects\My projects\IAAA_Compet\Speaker-identification\data\processed\audio_wav\0726b9e0-eb0c-45e6-b1c2-092245262ff5.wav"",""0726b9e0-eb0c-45e6-b1c2-092245262ff5.wav"")",56.23,known,299,a825b409-7739-4c80-b1b8-0613c900ed4e,5,299,a825b409-7739-4c80-b1b8-0613c900ed4e,0.9559,OK,1,True,True,299,a825b409-7739-4c80-b1b8-0613c900ed4e,0.9929,OK,1,True,True,False,ok,
07d581f1-e140-4c3f-8590-8c0a6f2dce80.wav,D:\Projects\My projects\IAAA_Compet\Speaker-identification\data\processed\audio_wav\07d581f1-e140-4c3f-8590-8c0a6f2dce80.wav,"=HYPERLINK(""D:\Projects\My projects\IAAA_Compet\Speaker-identification\data\processed\audio_wav\07d581f1-e140-4c3f-8590-8c0a6f2dce80.wav"",""07d581f1-e140-4c3f-8590-8c0a6f2dce80.wav"")",87.81,known,319,b8ab631f-76ee-4c8c-959f-479d9e565b27,5,319,b8ab631f-76ee-4c8c-959f-479d9e565b27,0.6755,OK,1,True,True,319,b8ab631f-76ee-4c8c-959f-479d9e565b27,0.9766,OK,1,True,True,False,ok,
086d2a0c-b1ae-4948-83d2-f4e8db43a577.wav,D:\Projects\My projects\IAAA_Compet\Speaker-identification\data\processed\audio_wav\086d2a0c-b1ae-4948-83d2-f4e8db43a577.wav,"=HYPERLINK(""D:\Projects\My projects\IAAA_Compet\Speaker-identification\data\processed\audio_wav\086d2a0c-b1ae-4948-83d2-f4e8db43a577.wav"",""086d2a0c-b1ae-4948-83d2-f4e8db43a577.wav"")",57.69,unknown,0,unknown,,0,unknown,0.9889,OK,1,True,True,0,unknown,1.0,OK,1,True,True,False,ok,
08782165-0339-4147-bfd9-845b1c7dad5a.wav,D:\Projects\My projects\IAAA_Compet\Speaker-identification\data\processed\audio_wav\08782165-0339-4147-bfd9-845b1c7dad5a.wav,"=HYPERLINK(""D:\Projects\My projects\IAAA_Compet\Speaker-identification\data\processed\audio_wav\08782165-0339-4147-bfd9-845b1c7dad5a.wav"",""08782165-0339-4147-bfd9-845b1c7dad5a.wav"")",56.41,unknown,0,unknown,,0,unknown,0.9998,OK,1,True,True,0,unknown,1.0,OK,1,True,True,False,ok,
088ec668-3b2f-45e8-bbfb-ad6922dec091.wav,D:\Projects\My projects\IAAA_Compet\Speaker-identification\data\processed\audio_wav\088ec668-3b2f-45e8-bbfb-ad6922dec091.wav,"=HYPERLINK(""D:\Projects\My projects\IAAA_Compet\Speaker-identification\data\processed\audio_wav\088ec668-3b2f-45e8-bbfb-ad6922dec091.wav"",""088ec668-3b2f-45e8-bbfb-ad6922dec091.wav"")",50.69,unknown,0,unknown,,0,unknown,0.9915,OK,1,True,True,0,unknown,1.0,OK,1,True,True,False,ok,
08d01c40-d648-4887-9a7f-b1b72a020f05.wav,D:\Projects\My projects\IAAA_Compet\Speaker-identification\data\processed\audio_wav\08d01c40-d648-4887-9a7f-b1b72a020f05.wav,"=HYPERLINK(""D:\Projects\My projects\IAAA_Compet\Speaker-identification\data\processed\audio_wav\08d01c40-d648-4887-9a7f-b1b72a020f05.wav"",""08d01c40-d648-4887-9a7f-b1b72a020f05.wav"")",75.52,unknown,0,unknown,,0,unknown,0.9865,OK,1,True,True,0,unknown,1.0,OK,1,True,True,False,ok,
09049c28-0091-4f60-b5c1-9b37684f9484.wav,D:\Projects\My projects\IAAA_Compet\Speaker-identification\data\processed\audio_wav\09049c28-0091-4f60-b5c1-9b37684f9484.wav,"=HYPERLINK(""D:\Projects\My projects\IAAA_Compet\Speaker-identification\data\processed\audio_wav\09049c28-0091-4f60-b5c1-9b37684f9484.wav"",""09049c28-0091-4f60-b5c1-9b37684f9484.wav"")",64.6,known,419,f118d63b-bae5-4c9c-84f1-ed39eb0f1caf,5,419,f118d63b-bae5-4c9c-84f1-ed39eb0f1caf,0.99,OK,1,True,True,419,f118d63b-bae5-4c9c-84f1-ed39eb0f1caf,0.9656,OK,1,True,True,False,ok,
0af4f57b-7a7e-4c11-9d8e-2fdfd2c5d383.wav,D:\Projects\My projects\IAAA_Compet\Speaker-identification\data\processed\audio_wav\0af4f57b-7a7e-4c11-9d8e-2fdfd2c5d383.wav,"=HYPERLINK(""D:\Projects\My projects\IAAA_Compet\Speaker-identification\data\processed\audio_wav\0af4f57b-7a7e-4c11-9d8e-2fdfd2c5d383.wav"",""0af4f57b-7a7e-4c11-9d8e-2fdfd2c5d383.wav"")",94.63,known,297,a62f870f-e8a5-4725-bde7-40dc66ac2801,5,297,a62f870f-e8a5-4725-bde7-40dc66ac2801,0.9574,OK,1,True,True,297,a62f870f-e8a5-4725-bde7-40dc66ac2801,0.9973,OK,1,True,True,False,ok,
0bc37472-96b8-43f7-8a03-a0bc7bb5886c.wav,D:\Projects\My projects\IAAA_Compet\Speaker-identification\data\processed\audio_wav\0bc37472-96b8-43f7-8a03-a0bc7bb5886c.wav,"=HYPERLINK(""D:\Projects\My projects\IAAA_Compet\Speaker-identification\data\processed\audio_wav\0bc37472-96b8-43f7-8a03-a0bc7bb5886c.wav"",""0bc37472-96b8-43f7-8a03-a0bc7bb5886c.wav"")",73.56,unknown,0,unknown,,0,unknown,0.9989,OK,1,True,True,0,unknown,1.0,OK,1,True,True,False,ok,
0bea6a3f-f5eb-47db-a5d9-fc0d95418d50.wav,D:\Projects\My projects\IAAA_Compet\Speaker-identification\data\processed\audio_wav\0bea6a3f-f5eb-47db-a5d9-fc0d95418d50.wav,"=HYPERLINK(""D:\Projects\My projects\IAAA_Compet\Speaker-identification\data\processed\audio_wav\0bea6a3f-f5eb-47db-a5d9-fc0d95418d50.wav"",""0bea6a3f-f5eb-47db-a5d9-fc0d95418d50.wav"")",74.07,known,179,6142ffed-4144-4dc6-ad14-18fdf39ac066,5,179,6142ffed-4144-4dc6-ad14-18fdf39ac066,0.9564,OK,1,True,True,179,6142ffed-4144-4dc6-ad14-18fdf39ac066,0.9571,OK,1,True,True,False,ok,
0c37a45b-2f1f-42d5-ac05-43ed8e54db23.wav,D:\Projects\My projects\IAAA_Compet\Speaker-identification\data\processed\audio_wav\0c37a45b-2f1f-42d5-ac05-43ed8e54db23.wav,"=HYPERLINK(""D:\Projects\My projects\IAAA_Compet\Speaker-identification\data\processed\audio_wav\0c37a45b-2f1f-42d5-ac05-43ed8e54db23.wav"",""0c37a45b-2f1f-42d5-ac05-43ed8e54db23.wav"")",96.85,known,20,08f20873-1ea3-48a2-9899-5b8b8e960178,5,20,08f20873-1ea3-48a2-9899-5b8b8e960178,0.9615,OK,1,True,True,20,08f20873-1ea3-48a2-9899-5b8b8e960178,0.9677,OK,1,True,True,False,ok,
0ccc8788-7e8c-42f0-9513-3324067ae371.wav,D:\Projects\My projects\IAAA_Compet\Speaker-identification\data\processed\audio_wav\0ccc8788-7e8c-42f0-9513-3324067ae371.wav,"=HYPERLINK(""D:\Projects\My projects\IAAA_Compet\Speaker-identification\data\processed\audio_wav\0ccc8788-7e8c-42f0-9513-3324067ae371.wav"",""0ccc8788-7e8c-42f0-9513-3324067ae371.wav"")",47.27,unknown,0,unknown,,0,unknown,0.9924,OK,1,True,True,0,unknown,1.0,OK,1,True,True,False,ok,
0cfa0b4e-f9e5-47ed-a94c-cc66152af4fe.wav,D:\Projects\My projects\IAAA_Compet\Speaker-identification\data\processed\audio_wav\0cfa0b4e-f9e5-47ed-a94c-cc66152af4fe.wav,"=HYPERLINK(""D:\Projects\My projects\IAAA_Compet\Speaker-identification\data\processed\audio_wav\0cfa0b4e-f9e5-47ed-a94c-cc66152af4fe.wav"",""0cfa0b4e-f9e5-47ed-a94c-cc66152af4fe.wav"")",72.36,known,180,645ceffa-c1cd-4587-8f29-e3a96d8eb2b7,5,180,645ceffa-c1cd-4587-8f29-e3a96d8eb2b7,0.6905,OK,1,True,True,180,645ceffa-c1cd-4587-8f29-e3a96d8eb2b7,0.9907,OK,1,True,True,False,ok,
0dd632ef-4d19-4fb4-8a81-06dd98431315.wav,D:\Projects\My projects\IAAA_Compet\Speaker-identification\data\processed\audio_wav\0dd632ef-4d19-4fb4-8a81-06dd98431315.wav,"=HYPERLINK(""D:\Projects\My projects\IAAA_Compet\Speaker-identification\data\processed\audio_wav\0dd632ef-4d19-4fb4-8a81-06dd98431315.wav"",""0dd632ef-4d19-4fb4-8a81-06dd98431315.wav"")",62.04,unknown,0,unknown,,0,unknown,0.9999,OK,1,True,True,0,unknown,1.0,OK,1,True,True,False,ok,
0dfc5a45-fce7-49bb-83bb-4a89598d059a.wav,D:\Projects\My projects\IAAA_Compet\Speaker-identification\data\processed\audio_wav\0dfc5a45-fce7-49bb-83bb-4a89598d059a.wav,"=HYPERLINK(""D:\Projects\My projects\IAAA_Compet\Speaker-identification\data\processed\audio_wav\0dfc5a45-fce7-49bb-83bb-4a89598d059a.wav"",""0dfc5a45-fce7-49bb-83bb-4a89598d059a.wav"")",47.45,known,280,9bf25e34-a978-45f3-8be6-af89b34e3e2d,5,280,9bf25e34-a978-45f3-8be6-af89b34e3e2d,0.9677,OK,1,True,True,280,9bf25e34-a978-45f3-8be6-af89b34e3e2d,0.977,OK,1,True,True,False,ok,
0ed881a8-66d0-41c4-8bb2-2d4b938a729f.wav,D:\Projects\My projects\IAAA_Compet\Speaker-identification\data\processed\audio_wav\0ed881a8-66d0-41c4-8bb2-2d4b938a729f.wav,"=HYPERLINK(""D:\Projects\My projects\IAAA_Compet\Speaker-identification\data\processed\audio_wav\0ed881a8-66d0-41c4-8bb2-2d4b938a729f.wav"",""0ed881a8-66d0-41c4-8bb2-2d4b938a729f.wav"")",71.94,unknown,0,unknown,,0,unknown,0.4433,OK,1,True,True,0,unknown,1.0,OK,1,True,True,False,ok,
100b153b-413b-4355-9e3f-e7f0478921a0.wav,D:\Projects\My projects\IAAA_Compet\Speaker-identification\data\processed\audio_wav\100b153b-413b-4355-9e3f-e7f0478921a0.wav,"=HYPERLINK(""D:\Projects\My projects\IAAA_Compet\Speaker-identification\data\processed\audio_wav\100b153b-413b-4355-9e3f-e7f0478921a0.wav"",""100b153b-413b-4355-9e3f-e7f0478921a0.wav"")",75.52,known,276,99603457-8495-4591-8619-ac54f1ba8c65,5,276,99603457-8495-4591-8619-ac54f1ba8c65,0.9916,OK,1,True,True,276,99603457-8495-4591-8619-ac54f1ba8c65,0.9907,OK,1,True,True,False,ok,
103af91b-c1b0-4fd9-8254-e5e43bad200b.wav,D:\Projects\My projects\IAAA_Compet\Speaker-identification\data\processed\audio_wav\103af91b-c1b0-4fd9-8254-e5e43bad200b.wav,"=HYPERLINK(""D:\Projects\My projects\IAAA_Compet\Speaker-identification\data\processed\audio_wav\103af91b-c1b0-4fd9-8254-e5e43bad200b.wav"",""103af91b-c1b0-4fd9-8254-e5e43bad200b.wav"")",59.48,known,390,daffc1b6-de2e-43e5-88b0-a5619692a0b7,5,390,daffc1b6-de2e-43e5-88b0-a5619692a0b7,0.9711,OK,1,True,True,390,daffc1b6-de2e-43e5-88b0-a5619692a0b7,0.9961,OK,1,True,True,False,ok,
105bb496-7160-49f7-b8af-c898c747430a.wav,D:\Projects\My projects\IAAA_Compet\Speaker-identification\data\processed\audio_wav\105bb496-7160-49f7-b8af-c898c747430a.wav,"=HYPERLINK(""D:\Projects\My projects\IAAA_Compet\Speaker-identification\data\processed\audio_wav\105bb496-7160-49f7-b8af-c898c747430a.wav"",""105bb496-7160-49f7-b8af-c898c747430a.wav"")",73.05,unknown,0,unknown,,0,unknown,0.9996,OK,1,True,True,0,unknown,1.0,OK,1,True,True,False,ok,
1067b06f-02ee-4dbf-abf9-e6be50dcdfca.wav,D:\Projects\My projects\IAAA_Compet\Speaker-identification\data\processed\audio_wav\1067b06f-02ee-4dbf-abf9-e6be50dcdfca.wav,"=HYPERLINK(""D:\Projects\My projects\IAAA_Compet\Speaker-identification\data\processed\audio_wav\1067b06f-02ee-4dbf-abf9-e6be50dcdfca.wav"",""1067b06f-02ee-4dbf-abf9-e6be50dcdfca.wav"")",66.65,known,165,59272752-e846-4563-98dc-fb3fc948e6b4,5,165,59272752-e846-4563-98dc-fb3fc948e6b4,0.9994,OK,1,True,True,165,59272752-e846-4563-98dc-fb3fc948e6b4,0.9839,OK,1,True,True,False,ok,
10c3b42e-cae4-49a0-9842-c27360ead0ed.wav,D:\Projects\My projects\IAAA_Compet\Speaker-identification\data\processed\audio_wav\10c3b42e-cae4-49a0-9842-c27360ead0ed.wav,"=HYPERLINK(""D:\Projects\My projects\IAAA_Compet\Speaker-identification\data\processed\audio_wav\10c3b42e-cae4-49a0-9842-c27360ead0ed.wav"",""10c3b42e-cae4-49a0-9842-c27360ead0ed.wav"")",90.03,unknown,0,unknown,,0,unknown,0.9857,OK,1,True,True,0,unknown,1.0,OK,1,True,True,False,ok,
10c5c6f0-4feb-47a3-b8db-073aecfa03aa.wav,D:\Projects\My projects\IAAA_Compet\Speaker-identification\data\processed\audio_wav\10c5c6f0-4feb-47a3-b8db-073aecfa03aa.wav,"=HYPERLINK(""D:\Projects\My projects\IAAA_Compet\Speaker-identification\data\processed\audio_wav\10c5c6f0-4feb-47a3-b8db-073aecfa03aa.wav"",""10c5c6f0-4feb-47a3-b8db-073aecfa03aa.wav"")",47.53,unknown,0,unknown,,0,unknown,0.8995,OK,1,True,True,0,unknown,0.9997,OK,1,True,True,False,ok,
10f3e3c2-e889-4962-b2fe-28763eaf09aa.wav,D:\Projects\My projects\IAAA_Compet\Speaker-identification\data\processed\audio_wav\10f3e3c2-e889-4962-b2fe-28763eaf09aa.wav,"=HYPERLINK(""D:\Projects\My projects\IAAA_Compet\Speaker-identification\data\processed\audio_wav\10f3e3c2-e889-4962-b2fe-28763eaf09aa.wav"",""10f3e3c2-e889-4962-b2fe-28763eaf09aa.wav"")",63.91,known,21,09e48885-574e-4706-a3cb-3508216667ae,5,21,09e48885-574e-4706-a3cb-3508216667ae,0.9999,OK,1,True,True,21,09e48885-574e-4706-a3cb-3508216667ae,0.9967,OK,1,True,True,False,ok,
1155ea6b-89bb-4cea-8bce-a5df44648c3b.wav,D:\Projects\My projects\IAAA_Compet\Speaker-identification\data\processed\audio_wav\1155ea6b-89bb-4cea-8bce-a5df44648c3b.wav,"=HYPERLINK(""D:\Projects\My projects\IAAA_Compet\Speaker-identification\data\processed\audio_wav\1155ea6b-89bb-4cea-8bce-a5df44648c3b.wav"",""1155ea6b-89bb-4cea-8bce-a5df44648c3b.wav"")",9.05,unknown,0,unknown,,0,unknown,0.9837,OK,1,True,True,0,unknown,0.9894,OK,1,True,True,False,ok,
11d5e810-1cfc-4de5-bb79-f1df40b84623.wav,D:\Projects\My projects\IAAA_Compet\Speaker-identification\data\processed\audio_wav\11d5e810-1cfc-4de5-bb79-f1df40b84623.wav,"=HYPERLINK(""D:\Projects\My projects\IAAA_Compet\Speaker-identification\data\processed\audio_wav\11d5e810-1cfc-4de5-bb79-f1df40b84623.wav"",""11d5e810-1cfc-4de5-bb79-f1df40b84623.wav"")",53.16,unknown,0,unknown,,0,unknown,0.9997,OK,1,True,True,0,unknown,1.0,OK,1,True,True,False,ok,
1247607a-122a-4de4-ae52-7c63d3e9c2ae.wav,D:\Projects\My projects\IAAA_Compet\Speaker-identification\data\processed\audio_wav\1247607a-122a-4de4-ae52-7c63d3e9c2ae.wav,"=HYPERLINK(""D:\Projects\My projects\IAAA_Compet\Speaker-identification\data\processed\audio_wav\1247607a-122a-4de4-ae52-7c63d3e9c2ae.wav"",""1247607a-122a-4de4-ae52-7c63d3e9c2ae.wav"")",76.2,known,326,bb185928-f1e8-4c38-9301-a2989892566b,5,326,bb185928-f1e8-4c38-9301-a2989892566b,0.9196,OK,1,True,True,326,bb185928-f1e8-4c38-9301-a2989892566b,0.9993,OK,1,True,True,False,ok,
1272df1f-4eb0-4b40-ae90-a0721ed1ced1.wav,D:\Projects\My projects\IAAA_Compet\Speaker-identification\data\processed\audio_wav\1272df1f-4eb0-4b40-ae90-a0721ed1ced1.wav,"=HYPERLINK(""D:\Projects\My projects\IAAA_Compet\Speaker-identification\data\processed\audio_wav\1272df1f-4eb0-4b40-ae90-a0721ed1ced1.wav"",""1272df1f-4eb0-4b40-ae90-a0721ed1ced1.wav"")",46.76,unknown,0,unknown,,0,unknown,0.9679,OK,1,True,True,0,unknown,0.9967,OK,1,True,True,False,ok,
12dd9c1a-f5bd-4cc4-98fd-ee4f05d159ae.wav,D:\Projects\My projects\IAAA_Compet\Speaker-identification\data\processed\audio_wav\12dd9c1a-f5bd-4cc4-98fd-ee4f05d159ae.wav,"=HYPERLINK(""D:\Projects\My projects\IAAA_Compet\Speaker-identification\data\processed\audio_wav\12dd9c1a-f5bd-4cc4-98fd-ee4f05d159ae.wav"",""12dd9c1a-f5bd-4cc4-98fd-ee4f05d159ae.wav"")",60.67,known,335,bf6e803c-bc74-4f19-8304-f3a66835a9df,5,335,bf6e803c-bc74-4f19-8304-f3a66835a9df,0.9007,OK,1,True,True,335,bf6e803c-bc74-4f19-8304-f3a66835a9df,0.9886,OK,1,True,True,False,ok,
12f46af6-7ec4-4ad1-a74d-c957d3665e67.wav,D:\Projects\My projects\IAAA_Compet\Speaker-identification\data\processed\audio_wav\12f46af6-7ec4-4ad1-a74d-c957d3665e67.wav,"=HYPERLINK(""D:\Projects\My projects\IAAA_Compet\Speaker-identification\data\processed\audio_wav\12f46af6-7ec4-4ad1-a74d-c957d3665e67.wav"",""12f46af6-7ec4-4ad1-a74d-c957d3665e67.wav"")",50.77,unknown,0,unknown,,0,unknown,0.9962,OK,1,True,True,0,unknown,1.0,OK,1,True,True,False,ok,
12f6bab8-9612-4dbd-8fb5-7a5f4afed827.wav,D:\Projects\My projects\IAAA_Compet\Speaker-identification\data\processed\audio_wav\12f6bab8-9612-4dbd-8fb5-7a5f4afed827.wav,"=HYPERLINK(""D:\Projects\My projects\IAAA_Compet\Speaker-identification\data\processed\audio_wav\12f6bab8-9612-4dbd-8fb5-7a5f4afed827.wav"",""12f6bab8-9612-4dbd-8fb5-7a5f4afed827.wav"")",44.03,known,411,e8bf7f77-123b-42ec-b5a9-d45bb55c1ce7,5,411,e8bf7f77-123b-42ec-b5a9-d45bb55c1ce7,0.7749,OK,1,True,True,411,e8bf7f77-123b-42ec-b5a9-d45bb55c1ce7,0.9975,OK,1,True,True,False,ok,
139a7516-267f-4193-89e6-f8ca18b49ad9.wav,D:\Projects\My projects\IAAA_Compet\Speaker-identification\data\processed\audio_wav\139a7516-267f-4193-89e6-f8ca18b49ad9.wav,"=HYPERLINK(""D:\Projects\My projects\IAAA_Compet\Speaker-identification\data\processed\audio_wav\139a7516-267f-4193-89e6-f8ca18b49ad9.wav"",""139a7516-267f-4193-89e6-f8ca18b49ad9.wav"")",54.95,unknown,0,unknown,,0,unknown,0.9996,OK,1,True,True,0,unknown,0.9997,OK,1,True,True,False,ok,
13bb8bb4-4a22-42de-bb39-d527b608237e.wav,D:\Projects\My projects\IAAA_Compet\Speaker-identification\data\processed\audio_wav\13bb8bb4-4a22-42de-bb39-d527b608237e.wav,"=HYPERLINK(""D:\Projects\My projects\IAAA_Compet\Speaker-identification\data\processed\audio_wav\13bb8bb4-4a22-42de-bb39-d527b608237e.wav"",""13bb8bb4-4a22-42de-bb39-d527b608237e.wav"")",94.98,unknown,0,unknown,,0,unknown,0.3755,OK,1,True,True,0,unknown,1.0,OK,1,True,True,False,ok,
14b9b711-c594-4ac7-9be2-0353fe978947.wav,D:\Projects\My projects\IAAA_Compet\Speaker-identification\data\processed\audio_wav\14b9b711-c594-4ac7-9be2-0353fe978947.wav,"=HYPERLINK(""D:\Projects\My projects\IAAA_Compet\Speaker-identification\data\processed\audio_wav\14b9b711-c594-4ac7-9be2-0353fe978947.wav"",""14b9b711-c594-4ac7-9be2-0353fe978947.wav"")",52.14,unknown,0,unknown,,0,unknown,0.7238,OK,1,True,True,0,unknown,1.0,OK,1,True,True,False,ok,
14c191b9-3588-4a62-a9be-b6d334dbe5de.wav,D:\Projects\My projects\IAAA_Compet\Speaker-identification\data\processed\audio_wav\14c191b9-3588-4a62-a9be-b6d334dbe5de.wav,"=HYPERLINK(""D:\Projects\My projects\IAAA_Compet\Speaker-identification\data\processed\audio_wav\14c191b9-3588-4a62-a9be-b6d334dbe5de.wav"",""14c191b9-3588-4a62-a9be-b6d334dbe5de.wav"")",71.34,known,304,aadaf6cf-d319-43ac-a058-21e5cc1b226d,5,304,aadaf6cf-d319-43ac-a058-21e5cc1b226d,0.9892,OK,1,True,True,304,aadaf6cf-d319-43ac-a058-21e5cc1b226d,0.9811,OK,1,True,True,False,ok,
14c2cf5f-75a9-49fc-abb8-dcf32b7623bc.wav,D:\Projects\My projects\IAAA_Compet\Speaker-identification\data\processed\audio_wav\14c2cf5f-75a9-49fc-abb8-dcf32b7623bc.wav,"=HYPERLINK(""D:\Projects\My projects\IAAA_Compet\Speaker-identification\data\processed\audio_wav\14c2cf5f-75a9-49fc-abb8-dcf32b7623bc.wav"",""14c2cf5f-75a9-49fc-abb8-dcf32b7623bc.wav"")",66.9,unknown,0,unknown,,0,unknown,0.8537,OK,1,True,True,0,unknown,1.0,OK,1,True,True,False,ok,
14ea7e2e-bc62-482d-9704-b92568ea2f96.wav,D:\Projects\My projects\IAAA_Compet\Speaker-identification\data\processed\audio_wav\14ea7e2e-bc62-482d-9704-b92568ea2f96.wav,"=HYPERLINK(""D:\Projects\My projects\IAAA_Compet\Speaker-identification\data\processed\audio_wav\14ea7e2e-bc62-482d-9704-b92568ea2f96.wav"",""14ea7e2e-bc62-482d-9704-b92568ea2f96.wav"")",47.27,unknown,0,unknown,,0,unknown,0.3154,OK,1,True,True,0,unknown,1.0,OK,1,True,True,False,ok,
15bbc53a-d882-4389-b507-71017bee06b6.wav,D:\Projects\My projects\IAAA_Compet\Speaker-identification\data\processed\audio_wav\15bbc53a-d882-4389-b507-71017bee06b6.wav,"=HYPERLINK(""D:\Projects\My projects\IAAA_Compet\Speaker-identification\data\processed\audio_wav\15bbc53a-d882-4389-b507-71017bee06b6.wav"",""15bbc53a-d882-4389-b507-71017bee06b6.wav"")",65.96,unknown,0,unknown,,0,unknown,0.7439,OK,1,True,True,0,unknown,0.9999,OK,1,True,True,False,ok,
160c4afb-e0b3-47b4-bee8-1d8d6ada3e45.wav,D:\Projects\My projects\IAAA_Compet\Speaker-identification\data\processed\audio_wav\160c4afb-e0b3-47b4-bee8-1d8d6ada3e45.wav,"=HYPERLINK(""D:\Projects\My projects\IAAA_Compet\Speaker-identification\data\processed\audio_wav\160c4afb-e0b3-47b4-bee8-1d8d6ada3e45.wav"",""160c4afb-e0b3-47b4-bee8-1d8d6ada3e45.wav"")",50.6,known,372,d0d718a8-3d6e-4050-8f6a-f4fdddd75d2a,5,372,d0d718a8-3d6e-4050-8f6a-f4fdddd75d2a,0.9996,OK,1,True,True,372,d0d718a8-3d6e-4050-8f6a-f4fdddd75d2a,0.9947,OK,1,True,True,False,ok,
165eb8ee-afd0-45a5-89c7-fb6481ed8523.wav,D:\Projects\My projects\IAAA_Compet\Speaker-identification\data\processed\audio_wav\165eb8ee-afd0-45a5-89c7-fb6481ed8523.wav,"=HYPERLINK(""D:\Projects\My projects\IAAA_Compet\Speaker-identification\data\processed\audio_wav\165eb8ee-afd0-45a5-89c7-fb6481ed8523.wav"",""165eb8ee-afd0-45a5-89c7-fb6481ed8523.wav"")",58.28,unknown,0,unknown,,0,unknown,0.963,OK,1,True,True,0,unknown,0.9999,OK,1,True,True,False,ok,
1686d3a5-e73c-41d8-87da-331101a52402.wav,D:\Projects\My projects\IAAA_Compet\Speaker-identification\data\processed\audio_wav\1686d3a5-e73c-41d8-87da-331101a52402.wav,"=HYPERLINK(""D:\Projects\My projects\IAAA_Compet\Speaker-identification\data\processed\audio_wav\1686d3a5-e73c-41d8-87da-331101a52402.wav"",""1686d3a5-e73c-41d8-87da-331101a52402.wav"")",46.85,unknown,0,unknown,,0,unknown,0.9326,OK,1,True,True,0,unknown,0.9999,OK,1,True,True,False,ok,
16efeaa9-faab-4eaa-a5d9-22f8f3ed79bb.wav,D:\Projects\My projects\IAAA_Compet\Speaker-identification\data\processed\audio_wav\16efeaa9-faab-4eaa-a5d9-22f8f3ed79bb.wav,"=HYPERLINK(""D:\Projects\My projects\IAAA_Compet\Speaker-identification\data\processed\audio_wav\16efeaa9-faab-4eaa-a5d9-22f8f3ed79bb.wav"",""16efeaa9-faab-4eaa-a5d9-22f8f3ed79bb.wav"")",11.43,unknown,0,unknown,,0,unknown,0.7871,OK,1,True,True,0,unknown,1.0,OK,1,True,True,False,ok,
1793cb5c-35a8-4347-9fb8-67299d74592e.wav,D:\Projects\My projects\IAAA_Compet\Speaker-identification\data\processed\audio_wav\1793cb5c-35a8-4347-9fb8-67299d74592e.wav,"=HYPERLINK(""D:\Projects\My projects\IAAA_Compet\Speaker-identification\data\processed\audio_wav\1793cb5c-35a8-4347-9fb8-67299d74592e.wav"",""1793cb5c-35a8-4347-9fb8-67299d74592e.wav"")",71.17,unknown,0,unknown,,0,unknown,0.2665,OK,1,True,True,0,unknown,0.9997,OK,1,True,True,False,ok,
185c29f4-1296-450b-a7a6-5935cec7deaf.wav,D:\Projects\My projects\IAAA_Compet\Speaker-identification\data\processed\audio_wav\185c29f4-1296-450b-a7a6-5935cec7deaf.wav,"=HYPERLINK(""D:\Projects\My projects\IAAA_Compet\Speaker-identification\data\processed\audio_wav\185c29f4-1296-450b-a7a6-5935cec7deaf.wav"",""185c29f4-1296-450b-a7a6-5935cec7deaf.wav"")",48.9,known,196,6d32161d-942e-4e78-b694-64a10987bd38,5,196,6d32161d-942e-4e78-b694-64a10987bd38,0.9971,OK,1,True,True,196,6d32161d-942e-4e78-b694-64a10987bd38,0.9986,OK,1,True,True,False,ok,
18a993af-478c-44cf-906e-7e4a4ef938fb.wav,D:\Projects\My projects\IAAA_Compet\Speaker-identification\data\processed\audio_wav\18a993af-478c-44cf-906e-7e4a4ef938fb.wav,"=HYPERLINK(""D:\Projects\My projects\IAAA_Compet\Speaker-identification\data\processed\audio_wav\18a993af-478c-44cf-906e-7e4a4ef938fb.wav"",""18a993af-478c-44cf-906e-7e4a4ef938fb.wav"")",63.66,unknown,0,unknown,,0,unknown,0.9274,OK,1,True,True,0,unknown,1.0,OK,1,True,True,False,ok,
1924fcda-2dcc-467c-bda5-d0b6a4429837.wav,D:\Projects\My projects\IAAA_Compet\Speaker-identification\data\processed\audio_wav\1924fcda-2dcc-467c-bda5-d0b6a4429837.wav,"=HYPERLINK(""D:\Projects\My projects\IAAA_Compet\Speaker-identification\data\processed\audio_wav\1924fcda-2dcc-467c-bda5-d0b6a4429837.wav"",""1924fcda-2dcc-467c-bda5-d0b6a4429837.wav"")",70.91,unknown,0,unknown,,0,unknown,0.8758,OK,1,True,True,0,unknown,0.9995,OK,1,True,True,False,ok,
1a02a111-57fa-4772-81cb-a97bef64f9cd.wav,D:\Projects\My projects\IAAA_Compet\Speaker-identification\data\processed\audio_wav\1a02a111-57fa-4772-81cb-a97bef64f9cd.wav,"=HYPERLINK(""D:\Projects\My projects\IAAA_Compet\Speaker-identification\data\processed\audio_wav\1a02a111-57fa-4772-81cb-a97bef64f9cd.wav"",""1a02a111-57fa-4772-81cb-a97bef64f9cd.wav"")",3.93,unknown,0,unknown,,0,unknown,0.7556,OK,1,True,True,0,unknown,0.8721,OK,1,True,True,False,ok,
1a874ceb-c07d-4da4-a794-8c2dd1b205e6.wav,D:\Projects\My projects\IAAA_Compet\Speaker-identification\data\processed\audio_wav\1a874ceb-c07d-4da4-a794-8c2dd1b205e6.wav,"=HYPERLINK(""D:\Projects\My projects\IAAA_Compet\Speaker-identification\data\processed\audio_wav\1a874ceb-c07d-4da4-a794-8c2dd1b205e6.wav"",""1a874ceb-c07d-4da4-a794-8c2dd1b205e6.wav"")",60.07,known,429,f48514e0-e229-460d-9c0b-51e27e99b4be,5,429,f48514e0-e229-460d-9c0b-51e27e99b4be,0.9661,OK,1,True,True,429,f48514e0-e229-460d-9c0b-51e27e99b4be,0.943,OK,1,True,True,False,ok,
1b17f164-4f95-451b-be10-2a05b0f9c526.wav,D:\Projects\My projects\IAAA_Compet\Speaker-identification\data\processed\audio_wav\1b17f164-4f95-451b-be10-2a05b0f9c526.wav,"=HYPERLINK(""D:\Projects\My projects\IAAA_Compet\Speaker-identification\data\processed\audio_wav\1b17f164-4f95-451b-be10-2a05b0f9c526.wav"",""1b17f164-4f95-451b-be10-2a05b0f9c526.wav"")",62.12,unknown,0,unknown,,0,unknown,0.9999,OK,1,True,True,0,unknown,1.0,OK,1,True,True,False,ok,
1b63d77c-1027-4ea8-8738-19a3c529c80c.wav,D:\Projects\My projects\IAAA_Compet\Speaker-identification\data\processed\audio_wav\1b63d77c-1027-4ea8-8738-19a3c529c80c.wav,"=HYPERLINK(""D:\Projects\My projects\IAAA_Compet\Speaker-identification\data\processed\audio_wav\1b63d77c-1027-4ea8-8738-19a3c529c80c.wav"",""1b63d77c-1027-4ea8-8738-19a3c529c80c.wav"")",59.31,unknown,0,unknown,,0,unknown,0.9817,OK,1,True,True,0,unknown,1.0,OK,1,True,True,False,ok,
1b7f05bf-6763-409e-85ab-de4516645f77.wav,D:\Projects\My projects\IAAA_Compet\Speaker-identification\data\processed\audio_wav\1b7f05bf-6763-409e-85ab-de4516645f77.wav,"=HYPERLINK(""D:\Projects\My projects\IAAA_Compet\Speaker-identification\data\processed\audio_wav\1b7f05bf-6763-409e-85ab-de4516645f77.wav"",""1b7f05bf-6763-409e-85ab-de4516645f77.wav"")",77.06,unknown,0,unknown,,0,unknown,0.6901,OK,1,True,True,0,unknown,0.9999,OK,1,True,True,False,ok,
1b860bd4-45a4-4811-affc-de438f338323.wav,D:\Projects\My projects\IAAA_Compet\Speaker-identification\data\processed\audio_wav\1b860bd4-45a4-4811-affc-de438f338323.wav,"=HYPERLINK(""D:\Projects\My projects\IAAA_Compet\Speaker-identification\data\processed\audio_wav\1b860bd4-45a4-4811-affc-de438f338323.wav"",""1b860bd4-45a4-4811-affc-de438f338323.wav"")",56.15,unknown,0,unknown,,0,unknown,0.9982,OK,1,True,True,0,unknown,1.0,OK,1,True,True,False,ok,
1b94d056-816c-4ab6-9b53-34ff12d1cd94.wav,D:\Projects\My projects\IAAA_Compet\Speaker-identification\data\processed\audio_wav\1b94d056-816c-4ab6-9b53-34ff12d1cd94.wav,"=HYPERLINK(""D:\Projects\My projects\IAAA_Compet\Speaker-identification\data\processed\audio_wav\1b94d056-816c-4ab6-9b53-34ff12d1cd94.wav"",""1b94d056-816c-4ab6-9b53-34ff12d1cd94.wav"")",70.4,known,142,491cfc67-5281-47bf-9523-6a24b267c8ec,5,142,491cfc67-5281-47bf-9523-6a24b267c8ec,0.9972,OK,1,True,True,142,491cfc67-5281-47bf-9523-6a24b267c8ec,0.9923,OK,1,True,True,False,ok,
1bd4ff89-7b3b-4def-af53-67a6fd452ba8.wav,D:\Projects\My projects\IAAA_Compet\Speaker-identification\data\processed\audio_wav\1bd4ff89-7b3b-4def-af53-67a6fd452ba8.wav,"=HYPERLINK(""D:\Projects\My projects\IAAA_Compet\Speaker-identification\data\processed\audio_wav\1bd4ff89-7b3b-4def-af53-67a6fd452ba8.wav"",""1bd4ff89-7b3b-4def-af53-67a6fd452ba8.wav"")",51.54,unknown,0,unknown,,0,unknown,0.9764,OK,1,True,True,0,unknown,1.0,OK,1,True,True,False,ok,
1c0bee92-1c62-4eac-9a21-2168a989bed6.wav,D:\Projects\My projects\IAAA_Compet\Speaker-identification\data\processed\audio_wav\1c0bee92-1c62-4eac-9a21-2168a989bed6.wav,"=HYPERLINK(""D:\Projects\My projects\IAAA_Compet\Speaker-identification\data\processed\audio_wav\1c0bee92-1c62-4eac-9a21-2168a989bed6.wav"",""1c0bee92-1c62-4eac-9a21-2168a989bed6.wav"")",56.66,known,65,1eceb490-50cd-461c-9079-2e60e21d68e7,5,65,1eceb490-50cd-461c-9079-2e60e21d68e7,0.9979,OK,1,True,True,65,1eceb490-50cd-461c-9079-2e60e21d68e7,0.9953,OK,1,True,True,False,ok,
1c45868f-486c-4a7b-91ca-61e3067a467a.wav,D:\Projects\My projects\IAAA_Compet\Speaker-identification\data\processed\audio_wav\1c45868f-486c-4a7b-91ca-61e3067a467a.wav,"=HYPERLINK(""D:\Projects\My projects\IAAA_Compet\Speaker-identification\data\processed\audio_wav\1c45868f-486c-4a7b-91ca-61e3067a467a.wav"",""1c45868f-486c-4a7b-91ca-61e3067a467a.wav"")",59.22,unknown,0,unknown,,0,unknown,0.7338,OK,1,True,True,0,unknown,0.9999,OK,1,True,True,False,ok,
1c73c40b-78f8-4ac0-9fa2-b3128c533c4d.wav,D:\Projects\My projects\IAAA_Compet\Speaker-identification\data\processed\audio_wav\1c73c40b-78f8-4ac0-9fa2-b3128c533c4d.wav,"=HYPERLINK(""D:\Projects\My projects\IAAA_Compet\Speaker-identification\data\processed\audio_wav\1c73c40b-78f8-4ac0-9fa2-b3128c533c4d.wav"",""1c73c40b-78f8-4ac0-9fa2-b3128c533c4d.wav"")",71.77,unknown,0,unknown,,0,unknown,0.9827,OK,1,True,True,0,unknown,1.0,OK,1,True,True,False,ok,
1cca34e0-407b-4eb3-8acd-c8d3eba84a98.wav,D:\Projects\My projects\IAAA_Compet\Speaker-identification\data\processed\audio_wav\1cca34e0-407b-4eb3-8acd-c8d3eba84a98.wav,"=HYPERLINK(""D:\Projects\My projects\IAAA_Compet\Speaker-identification\data\processed\audio_wav\1cca34e0-407b-4eb3-8acd-c8d3eba84a98.wav"",""1cca34e0-407b-4eb3-8acd-c8d3eba84a98.wav"")",47.45,known,395,deb6d152-b70d-418f-b1c0-563133c5fdce,5,395,deb6d152-b70d-418f-b1c0-563133c5fdce,0.9413,OK,1,True,True,395,deb6d152-b70d-418f-b1c0-563133c5fdce,0.9955,OK,1,True,True,False,ok,
1cdf1026-c6ee-4d2d-be1f-6962ca7d1c2b.wav,D:\Projects\My projects\IAAA_Compet\Speaker-identification\data\processed\audio_wav\1cdf1026-c6ee-4d2d-be1f-6962ca7d1c2b.wav,"=HYPERLINK(""D:\Projects\My projects\IAAA_Compet\Speaker-identification\data\processed\audio_wav\1cdf1026-c6ee-4d2d-be1f-6962ca7d1c2b.wav"",""1cdf1026-c6ee-4d2d-be1f-6962ca7d1c2b.wav"")",52.22,known,318,b778cf11-097f-4842-a314-54fd0ddc8be6,5,318,b778cf11-097f-4842-a314-54fd0ddc8be6,0.9965,OK,1,True,True,318,b778cf11-097f-4842-a314-54fd0ddc8be6,0.9912,OK,1,True,True,False,ok,
1d0cbf5b-780d-4904-820d-56ae2df730db.wav,D:\Projects\My projects\IAAA_Compet\Speaker-identification\data\processed\audio_wav\1d0cbf5b-780d-4904-820d-56ae2df730db.wav,"=HYPERLINK(""D:\Projects\My projects\IAAA_Compet\Speaker-identification\data\processed\audio_wav\1d0cbf5b-780d-4904-820d-56ae2df730db.wav"",""1d0cbf5b-780d-4904-820d-56ae2df730db.wav"")",7.94,known,327,bba33b19-f0aa-4da7-9277-0ad65fc14c49,5,327,bba33b19-f0aa-4da7-9277-0ad65fc14c49,0.9989,OK,1,True,True,327,bba33b19-f0aa-4da7-9277-0ad65fc14c49,0.9925,OK,1,True,True,False,ok,
1d1a74c1-dd96-45d1-b0c2-6aacf2d7ab33.wav,D:\Projects\My projects\IAAA_Compet\Speaker-identification\data\processed\audio_wav\1d1a74c1-dd96-45d1-b0c2-6aacf2d7ab33.wav,"=HYPERLINK(""D:\Projects\My projects\IAAA_Compet\Speaker-identification\data\processed\audio_wav\1d1a74c1-dd96-45d1-b0c2-6aacf2d7ab33.wav"",""1d1a74c1-dd96-45d1-b0c2-6aacf2d7ab33.wav"")",63.49,known,241,861a5f3d-64ac-4a5b-b624-4f4b3da82180,5,241,861a5f3d-64ac-4a5b-b624-4f4b3da82180,0.9991,OK,1,True,True,241,861a5f3d-64ac-4a5b-b624-4f4b3da82180,0.9975,OK,1,True,True,False,ok,
1d3a8542-cfb6-45cd-9add-a764ae029296.wav,D:\Projects\My projects\IAAA_Compet\Speaker-identification\data\processed\audio_wav\1d3a8542-cfb6-45cd-9add-a764ae029296.wav,"=HYPERLINK(""D:\Projects\My projects\IAAA_Compet\Speaker-identification\data\processed\audio_wav\1d3a8542-cfb6-45cd-9add-a764ae029296.wav"",""1d3a8542-cfb6-45cd-9add-a764ae029296.wav"")",85.16,unknown,0,unknown,,0,unknown,0.9986,OK,1,True,True,0,unknown,1.0,OK,1,True,True,False,ok,
1d4b8643-d896-4792-88f5-58559193b3f3.wav,D:\Projects\My projects\IAAA_Compet\Speaker-identification\data\processed\audio_wav\1d4b8643-d896-4792-88f5-58559193b3f3.wav,"=HYPERLINK(""D:\Projects\My projects\IAAA_Compet\Speaker-identification\data\processed\audio_wav\1d4b8643-d896-4792-88f5-58559193b3f3.wav"",""1d4b8643-d896-4792-88f5-58559193b3f3.wav"")",90.79,unknown,0,unknown,,0,unknown,1.0,OK,1,True,True,0,unknown,1.0,OK,1,True,True,False,ok,
1dc8e14e-c33a-476d-a9e4-ec8e7d990152.wav,D:\Projects\My projects\IAAA_Compet\Speaker-identification\data\processed\audio_wav\1dc8e14e-c33a-476d-a9e4-ec8e7d990152.wav,"=HYPERLINK(""D:\Projects\My projects\IAAA_Compet\Speaker-identification\data\processed\audio_wav\1dc8e14e-c33a-476d-a9e4-ec8e7d990152.wav"",""1dc8e14e-c33a-476d-a9e4-ec8e7d990152.wav"")",65.62,unknown,0,unknown,,0,unknown,0.9967,OK,1,True,True,0,unknown,0.9999,OK,1,True,True,False,ok,
1e859cb5-fb9a-4b8d-83b0-d1db09b8694a.wav,D:\Projects\My projects\IAAA_Compet\Speaker-identification\data\processed\audio_wav\1e859cb5-fb9a-4b8d-83b0-d1db09b8694a.wav,"=HYPERLINK(""D:\Projects\My projects\IAAA_Compet\Speaker-identification\data\processed\audio_wav\1e859cb5-fb9a-4b8d-83b0-d1db09b8694a.wav"",""1e859cb5-fb9a-4b8d-83b0-d1db09b8694a.wav"")",54.87,known,207,73d2777a-b98f-43a1-9697-1f37dda06e70,5,207,73d2777a-b98f-43a1-9697-1f37dda06e70,0.9587,OK,1,True,True,207,73d2777a-b98f-43a1-9697-1f37dda06e70,0.9845,OK,1,True,True,False,ok,
1ee2df70-0852-48b2-8156-d54c69245725.wav,D:\Projects\My projects\IAAA_Compet\Speaker-identification\data\processed\audio_wav\1ee2df70-0852-48b2-8156-d54c69245725.wav,"=HYPERLINK(""D:\Projects\My projects\IAAA_Compet\Speaker-identification\data\processed\audio_wav\1ee2df70-0852-48b2-8156-d54c69245725.wav"",""1ee2df70-0852-48b2-8156-d54c69245725.wav"")",61.7,known,184,659c18da-1f6c-4761-be1f-08eb81cea2a3,5,184,659c18da-1f6c-4761-be1f-08eb81cea2a3,0.9991,OK,1,True,True,184,659c18da-1f6c-4761-be1f-08eb81cea2a3,0.9997,OK,1,True,True,False,ok,
1fd54c34-0ecc-49ab-8e6c-40fc4adba36a.wav,D:\Projects\My projects\IAAA_Compet\Speaker-identification\data\processed\audio_wav\1fd54c34-0ecc-49ab-8e6c-40fc4adba36a.wav,"=HYPERLINK(""D:\Projects\My projects\IAAA_Compet\Speaker-identification\data\processed\audio_wav\1fd54c34-0ecc-49ab-8e6c-40fc4adba36a.wav"",""1fd54c34-0ecc-49ab-8e6c-40fc4adba36a.wav"")",38.4,unknown,0,unknown,,0,unknown,0.9852,OK,1,True,True,0,unknown,1.0,OK,1,True,True,False,ok,
2072df43-b333-4e0a-bb30-777a70a36128.wav,D:\Projects\My projects\IAAA_Compet\Speaker-identification\data\processed\audio_wav\2072df43-b333-4e0a-bb30-777a70a36128.wav,"=HYPERLINK(""D:\Projects\My projects\IAAA_Compet\Speaker-identification\data\processed\audio_wav\2072df43-b333-4e0a-bb30-777a70a36128.wav"",""2072df43-b333-4e0a-bb30-777a70a36128.wav"")",92.84,known,144,4a52d4ce-5e3d-4651-b4ce-de0b399eaa0d,5,144,4a52d4ce-5e3d-4651-b4ce-de0b399eaa0d,0.9992,OK,1,True,True,144,4a52d4ce-5e3d-4651-b4ce-de0b399eaa0d,0.9947,OK,1,True,True,False,ok,
20807879-fd8c-46bc-90d3-027f0717e0cb.wav,D:\Projects\My projects\IAAA_Compet\Speaker-identification\data\processed\audio_wav\20807879-fd8c-46bc-90d3-027f0717e0cb.wav,"=HYPERLINK(""D:\Projects\My projects\IAAA_Compet\Speaker-identification\data\processed\audio_wav\20807879-fd8c-46bc-90d3-027f0717e0cb.wav"",""20807879-fd8c-46bc-90d3-027f0717e0cb.wav"")",47.96,known,2,007b48af-6a7c-44e9-9e04-564031dc794a,5,2,007b48af-6a7c-44e9-9e04-564031dc794a,0.9982,OK,1,True,True,2,007b48af-6a7c-44e9-9e04-564031dc794a,0.9993,OK,1,True,True,False,ok,
2142c8ca-e4c7-4020-81cf-9f4695c31722.wav,D:\Projects\My projects\IAAA_Compet\Speaker-identification\data\processed\audio_wav\2142c8ca-e4c7-4020-81cf-9f4695c31722.wav,"=HYPERLINK(""D:\Projects\My projects\IAAA_Compet\Speaker-identification\data\processed\audio_wav\2142c8ca-e4c7-4020-81cf-9f4695c31722.wav"",""2142c8ca-e4c7-4020-81cf-9f4695c31722.wav"")",96.34,unknown,0,unknown,,0,unknown,0.8202,OK,1,True,True,0,unknown,1.0,OK,1,True,True,False,ok,
22018b68-bc17-4592-87fa-5ce8fccc065c.wav,D:\Projects\My projects\IAAA_Compet\Speaker-identification\data\processed\audio_wav\22018b68-bc17-4592-87fa-5ce8fccc065c.wav,"=HYPERLINK(""D:\Projects\My projects\IAAA_Compet\Speaker-identification\data\processed\audio_wav\22018b68-bc17-4592-87fa-5ce8fccc065c.wav"",""22018b68-bc17-4592-87fa-5ce8fccc065c.wav"")",48.73,unknown,0,unknown,,0,unknown,0.7199,OK,1,True,True,0,unknown,1.0,OK,1,True,True,False,ok,
22433a7b-ee36-4382-919e-ee4421b5ff5f.wav,D:\Projects\My projects\IAAA_Compet\Speaker-identification\data\processed\audio_wav\22433a7b-ee36-4382-919e-ee4421b5ff5f.wav,"=HYPERLINK(""D:\Projects\My projects\IAAA_Compet\Speaker-identification\data\processed\audio_wav\22433a7b-ee36-4382-919e-ee4421b5ff5f.wav"",""22433a7b-ee36-4382-919e-ee4421b5ff5f.wav"")",74.24,known,174,5cd25500-4afa-43ac-88db-06c101eeb3c5,5,174,5cd25500-4afa-43ac-88db-06c101eeb3c5,0.9831,OK,1,True,True,174,5cd25500-4afa-43ac-88db-06c101eeb3c5,0.9996,OK,1,True,True,False,ok,
22f8ad5d-23cf-473d-aab3-560014ba2e41.wav,D:\Projects\My projects\IAAA_Compet\Speaker-identification\data\processed\audio_wav\22f8ad5d-23cf-473d-aab3-560014ba2e41.wav,"=HYPERLINK(""D:\Projects\My projects\IAAA_Compet\Speaker-identification\data\processed\audio_wav\22f8ad5d-23cf-473d-aab3-560014ba2e41.wav"",""22f8ad5d-23cf-473d-aab3-560014ba2e41.wav"")",56.66,unknown,0,unknown,,0,unknown,0.894,OK,1,True,True,0,unknown,1.0,OK,1,True,True,False,ok,
230715ae-69b2-4dc3-8c24-3364d7b1b6db.wav,D:\Projects\My projects\IAAA_Compet\Speaker-identification\data\processed\audio_wav\230715ae-69b2-4dc3-8c24-3364d7b1b6db.wav,"=HYPERLINK(""D:\Projects\My projects\IAAA_Compet\Speaker-identification\data\processed\audio_wav\230715ae-69b2-4dc3-8c24-3364d7b1b6db.wav"",""230715ae-69b2-4dc3-8c24-3364d7b1b6db.wav"")",53.5,known,64,1eacaf41-2f98-4b21-9294-e530caee85bd,5,64,1eacaf41-2f98-4b21-9294-e530caee85bd,0.6159,OK,1,True,True,64,1eacaf41-2f98-4b21-9294-e530caee85bd,0.9201,OK,1,True,True,False,ok,
24008900-d079-4694-bcfb-69b3c98d382d.wav,D:\Projects\My projects\IAAA_Compet\Speaker-identification\data\processed\audio_wav\24008900-d079-4694-bcfb-69b3c98d382d.wav,"=HYPERLINK(""D:\Projects\My projects\IAAA_Compet\Speaker-identification\data\processed\audio_wav\24008900-d079-4694-bcfb-69b3c98d382d.wav"",""24008900-d079-4694-bcfb-69b3c98d382d.wav"")",71.77,known,126,4267d95c-fc17-46d5-a6bd-076384a102dc,5,126,4267d95c-fc17-46d5-a6bd-076384a102dc,0.9975,OK,1,True,True,126,4267d95c-fc17-46d5-a6bd-076384a102dc,0.9413,OK,1,True,True,False,ok,
240c2517-3fb7-4c1f-a671-75cb891c599b.wav,D:\Projects\My projects\IAAA_Compet\Speaker-identification\data\processed\audio_wav\240c2517-3fb7-4c1f-a671-75cb891c599b.wav,"=HYPERLINK(""D:\Projects\My projects\IAAA_Compet\Speaker-identification\data\processed\audio_wav\240c2517-3fb7-4c1f-a671-75cb891c599b.wav"",""240c2517-3fb7-4c1f-a671-75cb891c599b.wav"")",48.55,unknown,0,unknown,,0,unknown,0.9956,OK,1,True,True,0,unknown,1.0,OK,1,True,True,False,ok,
24f08c46-5dc2-449e-8454-4c745f6b522e.wav,D:\Projects\My projects\IAAA_Compet\Speaker-identification\data\processed\audio_wav\24f08c46-5dc2-449e-8454-4c745f6b522e.wav,"=HYPERLINK(""D:\Projects\My projects\IAAA_Compet\Speaker-identification\data\processed\audio_wav\24f08c46-5dc2-449e-8454-4c745f6b522e.wav"",""24f08c46-5dc2-449e-8454-4c745f6b522e.wav"")",77.23,unknown,0,unknown,,0,unknown,0.9695,OK,1,True,True,0,unknown,1.0,OK,1,True,True,False,ok,
24fc00f1-5436-4548-ac69-812a6eef8524.wav,D:\Projects\My projects\IAAA_Compet\Speaker-identification\data\processed\audio_wav\24fc00f1-5436-4548-ac69-812a6eef8524.wav,"=HYPERLINK(""D:\Projects\My projects\IAAA_Compet\Speaker-identification\data\processed\audio_wav\24fc00f1-5436-4548-ac69-812a6eef8524.wav"",""24fc00f1-5436-4548-ac69-812a6eef8524.wav"")",73.81,unknown,0,unknown,,0,unknown,0.4858,OK,1,True,True,0,unknown,0.9842,OK,1,True,True,False,ok,
25acc8a7-0b74-4d0f-8e78-9d1e704c72a0.wav,D:\Projects\My projects\IAAA_Compet\Speaker-identification\data\processed\audio_wav\25acc8a7-0b74-4d0f-8e78-9d1e704c72a0.wav,"=HYPERLINK(""D:\Projects\My projects\IAAA_Compet\Speaker-identification\data\processed\audio_wav\25acc8a7-0b74-4d0f-8e78-9d1e704c72a0.wav"",""25acc8a7-0b74-4d0f-8e78-9d1e704c72a0.wav"")",67.93,known,291,a41ba836-9bb4-485c-a704-69868ad33c47,5,291,a41ba836-9bb4-485c-a704-69868ad33c47,0.9984,OK,1,True,True,291,a41ba836-9bb4-485c-a704-69868ad33c47,0.9979,OK,1,True,True,False,ok,
25bf15f7-1034-4bc3-9c2d-c92755934e09.wav,D:\Projects\My projects\IAAA_Compet\Speaker-identification\data\processed\audio_wav\25bf15f7-1034-4bc3-9c2d-c92755934e09.wav,"=HYPERLINK(""D:\Projects\My projects\IAAA_Compet\Speaker-identification\data\processed\audio_wav\25bf15f7-1034-4bc3-9c2d-c92755934e09.wav"",""25bf15f7-1034-4bc3-9c2d-c92755934e09.wav"")",111.45,unknown,0,unknown,,0,unknown,0.2607,OK,1,True,True,0,unknown,1.0,OK,1,True,True,False,ok,
26017439-f33e-49a2-8d54-06251375cc9f.wav,D:\Projects\My projects\IAAA_Compet\Speaker-identification\data\processed\audio_wav\26017439-f33e-49a2-8d54-06251375cc9f.wav,"=HYPERLINK(""D:\Projects\My projects\IAAA_Compet\Speaker-identification\data\processed\audio_wav\26017439-f33e-49a2-8d54-06251375cc9f.wav"",""26017439-f33e-49a2-8d54-06251375cc9f.wav"")",55.3,known,328,bc0e5c09-43c1-427d-a014-85ccb015adb2,6,328,bc0e5c09-43c1-427d-a014-85ccb015adb2,0.9997,OK,1,True,True,328,bc0e5c09-43c1-427d-a014-85ccb015adb2,0.995,OK,1,True,True,False,ok,
260ab11b-5d16-4fe3-a1f5-948f55543456.wav,D:\Projects\My projects\IAAA_Compet\Speaker-identification\data\processed\audio_wav\260ab11b-5d16-4fe3-a1f5-948f55543456.wav,"=HYPERLINK(""D:\Projects\My projects\IAAA_Compet\Speaker-identification\data\processed\audio_wav\260ab11b-5d16-4fe3-a1f5-948f55543456.wav"",""260ab11b-5d16-4fe3-a1f5-948f55543456.wav"")",66.13,unknown,0,unknown,,0,unknown,0.9608,OK,1,True,True,0,unknown,1.0,OK,1,True,True,False,ok,
260bf36d-8c1a-444a-9e97-5c0af37a750f.wav,D:\Projects\My projects\IAAA_Compet\Speaker-identification\data\processed\audio_wav\260bf36d-8c1a-444a-9e97-5c0af37a750f.wav,"=HYPERLINK(""D:\Projects\My projects\IAAA_Compet\Speaker-identification\data\processed\audio_wav\260bf36d-8c1a-444a-9e97-5c0af37a750f.wav"",""260bf36d-8c1a-444a-9e97-5c0af37a750f.wav"")",71.68,known,59,1b3cc828-dbb1-4ee6-82d2-9448f94a7a8f,5,59,1b3cc828-dbb1-4ee6-82d2-9448f94a7a8f,0.7622,OK,1,True,True,59,1b3cc828-dbb1-4ee6-82d2-9448f94a7a8f,0.9921,OK,1,True,True,False,ok,
261d2655-e873-4eec-9d0d-f1654d80eca9.wav,D:\Projects\My projects\IAAA_Compet\Speaker-identification\data\processed\audio_wav\261d2655-e873-4eec-9d0d-f1654d80eca9.wav,"=HYPERLINK(""D:\Projects\My projects\IAAA_Compet\Speaker-identification\data\processed\audio_wav\261d2655-e873-4eec-9d0d-f1654d80eca9.wav"",""261d2655-e873-4eec-9d0d-f1654d80eca9.wav"")",55.89,unknown,0,unknown,,0,unknown,0.8284,OK,1,True,True,0,unknown,0.9929,OK,1,True,True,False,ok,
2682981f-74c6-407f-9437-656c11f52276.wav,D:\Projects\My projects\IAAA_Compet\Speaker-identification\data\processed\audio_wav\2682981f-74c6-407f-9437-656c11f52276.wav,"=HYPERLINK(""D:\Projects\My projects\IAAA_Compet\Speaker-identification\data\processed\audio_wav\2682981f-74c6-407f-9437-656c11f52276.wav"",""2682981f-74c6-407f-9437-656c11f52276.wav"")",65.11,unknown,0,unknown,,0,unknown,0.7575,OK,1,True,True,0,unknown,0.999,OK,1,True,True,False,ok,
270bf242-9c67-4bd4-b03e-7facebe78717.wav,D:\Projects\My projects\IAAA_Compet\Speaker-identification\data\processed\audio_wav\270bf242-9c67-4bd4-b03e-7facebe78717.wav,"=HYPERLINK(""D:\Projects\My projects\IAAA_Compet\Speaker-identification\data\processed\audio_wav\270bf242-9c67-4bd4-b03e-7facebe78717.wav"",""270bf242-9c67-4bd4-b03e-7facebe78717.wav"")",51.88,known,139,472010c9-99a0-4e11-95e7-13f08e2ed627,5,139,472010c9-99a0-4e11-95e7-13f08e2ed627,0.9882,OK,1,True,True,139,472010c9-99a0-4e11-95e7-13f08e2ed627,0.9841,OK,1,True,True,False,ok,
27e24d14-e341-47a8-98c4-7449ab149203.wav,D:\Projects\My projects\IAAA_Compet\Speaker-identification\data\processed\audio_wav\27e24d14-e341-47a8-98c4-7449ab149203.wav,"=HYPERLINK(""D:\Projects\My projects\IAAA_Compet\Speaker-identification\data\processed\audio_wav\27e24d14-e341-47a8-98c4-7449ab149203.wav"",""27e24d14-e341-47a8-98c4-7449ab149203.wav"")",81.83,known,208,75e33d33-b708-47cd-8eea-8e0d934cd82a,5,208,75e33d33-b708-47cd-8eea-8e0d934cd82a,0.9958,OK,1,True,True,208,75e33d33-b708-47cd-8eea-8e0d934cd82a,0.9857,OK,1,True,True,False,ok,
28217332-bdb6-45eb-937e-d1c6265320a3.wav,D:\Projects\My projects\IAAA_Compet\Speaker-identification\data\processed\audio_wav\28217332-bdb6-45eb-937e-d1c6265320a3.wav,"=HYPERLINK(""D:\Projects\My projects\IAAA_Compet\Speaker-identification\data\processed\audio_wav\28217332-bdb6-45eb-937e-d1c6265320a3.wav"",""28217332-bdb6-45eb-937e-d1c6265320a3.wav"")",72.28,known,161,57aa8470-0886-48bb-8b3f-548fab195903,5,161,57aa8470-0886-48bb-8b3f-548fab195903,0.9561,OK,1,True,True,161,57aa8470-0886-48bb-8b3f-548fab195903,0.9287,OK,1,True,True,False,ok,
28d5a140-7e4a-4e29-b5a9-87da6ae12c4b.wav,D:\Projects\My projects\IAAA_Compet\Speaker-identification\data\processed\audio_wav\28d5a140-7e4a-4e29-b5a9-87da6ae12c4b.wav,"=HYPERLINK(""D:\Projects\My projects\IAAA_Compet\Speaker-identification\data\processed\audio_wav\28d5a140-7e4a-4e29-b5a9-87da6ae12c4b.wav"",""28d5a140-7e4a-4e29-b5a9-87da6ae12c4b.wav"")",19.23,known,316,b484fe26-da42-45e0-88ee-9de8d57e86f7,5,316,b484fe26-da42-45e0-88ee-9de8d57e86f7,0.9257,OK,1,True,True,316,b484fe26-da42-45e0-88ee-9de8d57e86f7,0.9856,OK,1,True,True,False,ok,
290c89d4-cbd7-469c-964b-63de63ee0722.wav,D:\Projects\My projects\IAAA_Compet\Speaker-identification\data\processed\audio_wav\290c89d4-cbd7-469c-964b-63de63ee0722.wav,"=HYPERLINK(""D:\Projects\My projects\IAAA_Compet\Speaker-identification\data\processed\audio_wav\290c89d4-cbd7-469c-964b-63de63ee0722.wav"",""290c89d4-cbd7-469c-964b-63de63ee0722.wav"")",66.73,unknown,0,unknown,,0,unknown,0.9839,OK,1,True,True,0,unknown,1.0,OK,1,True,True,False,ok,
29870613-27b4-42ab-a735-c5814701a4c8.wav,D:\Projects\My projects\IAAA_Compet\Speaker-identification\data\processed\audio_wav\29870613-27b4-42ab-a735-c5814701a4c8.wav,"=HYPERLINK(""D:\Projects\My projects\IAAA_Compet\Speaker-identification\data\processed\audio_wav\29870613-27b4-42ab-a735-c5814701a4c8.wav"",""29870613-27b4-42ab-a735-c5814701a4c8.wav"")",56.92,unknown,0,unknown,,0,unknown,0.8339,OK,1,True,True,0,unknown,1.0,OK,1,True,True,False,ok,
2990ecb8-6a2d-4ccf-82c6-87ed217f68d2.wav,D:\Projects\My projects\IAAA_Compet\Speaker-identification\data\processed\audio_wav\2990ecb8-6a2d-4ccf-82c6-87ed217f68d2.wav,"=HYPERLINK(""D:\Projects\My projects\IAAA_Compet\Speaker-identification\data\processed\audio_wav\2990ecb8-6a2d-4ccf-82c6-87ed217f68d2.wav"",""2990ecb8-6a2d-4ccf-82c6-87ed217f68d2.wav"")",45.23,known,311,af8e4cad-56a0-4d20-907b-dbf501019a09,5,311,af8e4cad-56a0-4d20-907b-dbf501019a09,0.9672,OK,1,True,True,311,af8e4cad-56a0-4d20-907b-dbf501019a09,0.9974,OK,1,True,True,False,ok,
299a66de-0251-4d1f-816a-be887c890f36.wav,D:\Projects\My projects\IAAA_Compet\Speaker-identification\data\processed\audio_wav\299a66de-0251-4d1f-816a-be887c890f36.wav,"=HYPERLINK(""D:\Projects\My projects\IAAA_Compet\Speaker-identification\data\processed\audio_wav\299a66de-0251-4d1f-816a-be887c890f36.wav"",""299a66de-0251-4d1f-816a-be887c890f36.wav"")",55.98,unknown,0,unknown,,0,unknown,0.9959,OK,1,True,True,0,unknown,1.0,OK,1,True,True,False,ok,
2a155242-db7b-49f4-8983-341056cf8c4a.wav,D:\Projects\My projects\IAAA_Compet\Speaker-identification\data\processed\audio_wav\2a155242-db7b-49f4-8983-341056cf8c4a.wav,"=HYPERLINK(""D:\Projects\My projects\IAAA_Compet\Speaker-identification\data\processed\audio_wav\2a155242-db7b-49f4-8983-341056cf8c4a.wav"",""2a155242-db7b-49f4-8983-341056cf8c4a.wav"")",60.16,unknown,0,unknown,,0,unknown,0.9718,OK,1,True,True,0,unknown,1.0,OK,1,True,True,False,ok,
2a3395b2-3f72-4592-b2da-7e8fe457cdd4.wav,D:\Projects\My projects\IAAA_Compet\Speaker-identification\data\processed\audio_wav\2a3395b2-3f72-4592-b2da-7e8fe457cdd4.wav,"=HYPERLINK(""D:\Projects\My projects\IAAA_Compet\Speaker-identification\data\processed\audio_wav\2a3395b2-3f72-4592-b2da-7e8fe457cdd4.wav"",""2a3395b2-3f72-4592-b2da-7e8fe457cdd4.wav"")",11.61,unknown,0,unknown,,0,unknown,0.9974,OK,1,True,True,0,unknown,0.9958,OK,1,True,True,False,ok,
2b3adf07-00b4-4c83-9c67-4f2610759e77.wav,D:\Projects\My projects\IAAA_Compet\Speaker-identification\data\processed\audio_wav\2b3adf07-00b4-4c83-9c67-4f2610759e77.wav,"=HYPERLINK(""D:\Projects\My projects\IAAA_Compet\Speaker-identification\data\processed\audio_wav\2b3adf07-00b4-4c83-9c67-4f2610759e77.wav"",""2b3adf07-00b4-4c83-9c67-4f2610759e77.wav"")",62.98,known,285,9f2809f2-c7f0-4745-9669-98b9cf5b193a,5,285,9f2809f2-c7f0-4745-9669-98b9cf5b193a,0.9805,OK,1,True,True,285,9f2809f2-c7f0-4745-9669-98b9cf5b193a,0.9965,OK,1,True,True,False,ok,
2b44a93d-1804-47fc-9104-5ca8ac6d18e0.wav,D:\Projects\My projects\IAAA_Compet\Speaker-identification\data\processed\audio_wav\2b44a93d-1804-47fc-9104-5ca8ac6d18e0.wav,"=HYPERLINK(""D:\Projects\My projects\IAAA_Compet\Speaker-identification\data\processed\audio_wav\2b44a93d-1804-47fc-9104-5ca8ac6d18e0.wav"",""2b44a93d-1804-47fc-9104-5ca8ac6d18e0.wav"")",92.67,known,444,fd552dbf-8324-4039-9ae9-2b0cb81b7221,5,444,fd552dbf-8324-4039-9ae9-2b0cb81b7221,0.4993,OK,1,True,True,444,fd552dbf-8324-4039-9ae9-2b0cb81b7221,0.9318,OK,1,True,True,False,ok,
2b50619d-0ea8-4b8e-8f2f-eae5c647c548.wav,D:\Projects\My projects\IAAA_Compet\Speaker-identification\data\processed\audio_wav\2b50619d-0ea8-4b8e-8f2f-eae5c647c548.wav,"=HYPERLINK(""D:\Projects\My projects\IAAA_Compet\Speaker-identification\data\processed\audio_wav\2b50619d-0ea8-4b8e-8f2f-eae5c647c548.wav"",""2b50619d-0ea8-4b8e-8f2f-eae5c647c548.wav"")",46.59,unknown,0,unknown,,0,unknown,0.9983,OK,1,True,True,0,unknown,1.0,OK,1,True,True,False,ok,
2b565014-7fc0-4117-b7b7-69b895416572.wav,D:\Projects\My projects\IAAA_Compet\Speaker-identification\data\processed\audio_wav\2b565014-7fc0-4117-b7b7-69b895416572.wav,"=HYPERLINK(""D:\Projects\My projects\IAAA_Compet\Speaker-identification\data\processed\audio_wav\2b565014-7fc0-4117-b7b7-69b895416572.wav"",""2b565014-7fc0-4117-b7b7-69b895416572.wav"")",54.02,known,247,886b1ede-d0ad-4ceb-89b3-5fc9e0187361,5,247,886b1ede-d0ad-4ceb-89b3-5fc9e0187361,0.9984,OK,1,True,True,247,886b1ede-d0ad-4ceb-89b3-5fc9e0187361,0.9623,OK,1,True,True,False,ok,
2b69c8a2-313f-4d41-ae14-304eda283efe.wav,D:\Projects\My projects\IAAA_Compet\Speaker-identification\data\processed\audio_wav\2b69c8a2-313f-4d41-ae14-304eda283efe.wav,"=HYPERLINK(""D:\Projects\My projects\IAAA_Compet\Speaker-identification\data\processed\audio_wav\2b69c8a2-313f-4d41-ae14-304eda283efe.wav"",""2b69c8a2-313f-4d41-ae14-304eda283efe.wav"")",45.91,unknown,0,unknown,,0,unknown,0.6987,OK,1,True,True,0,unknown,0.9988,OK,1,True,True,False,ok,
2b6d04e2-33a9-4298-8981-13f299e6318a.wav,D:\Projects\My projects\IAAA_Compet\Speaker-identification\data\processed\audio_wav\2b6d04e2-33a9-4298-8981-13f299e6318a.wav,"=HYPERLINK(""D:\Projects\My projects\IAAA_Compet\Speaker-identification\data\processed\audio_wav\2b6d04e2-33a9-4298-8981-13f299e6318a.wav"",""2b6d04e2-33a9-4298-8981-13f299e6318a.wav"")",58.28,unknown,0,unknown,,0,unknown,0.9933,OK,1,True,True,0,unknown,1.0,OK,1,True,True,False,ok,
2b6ebdbe-ae11-4293-8003-9f2024db4277.wav,D:\Projects\My projects\IAAA_Compet\Speaker-identification\data\processed\audio_wav\2b6ebdbe-ae11-4293-8003-9f2024db4277.wav,"=HYPERLINK(""D:\Projects\My projects\IAAA_Compet\Speaker-identification\data\processed\audio_wav\2b6ebdbe-ae11-4293-8003-9f2024db4277.wav"",""2b6ebdbe-ae11-4293-8003-9f2024db4277.wav"")",79.79,unknown,0,unknown,,0,unknown,0.4662,OK,1,True,True,0,unknown,0.9981,OK,1,True,True,False,ok,
2b9a71bd-f3c8-4920-b3f2-55ffffa621b5.wav,D:\Projects\My projects\IAAA_Compet\Speaker-identification\data\processed\audio_wav\2b9a71bd-f3c8-4920-b3f2-55ffffa621b5.wav,"=HYPERLINK(""D:\Projects\My projects\IAAA_Compet\Speaker-identification\data\processed\audio_wav\2b9a71bd-f3c8-4920-b3f2-55ffffa621b5.wav"",""2b9a71bd-f3c8-4920-b3f2-55ffffa621b5.wav"")",87.72,known,17,0714e439-63b5-4041-81b7-ef66b3d89b2b,5,17,0714e439-63b5-4041-81b7-ef66b3d89b2b,0.9964,OK,1,True,True,17,0714e439-63b5-4041-81b7-ef66b3d89b2b,0.9985,OK,1,True,True,False,ok,
2c85bdee-99d2-44bc-a29c-952749f6c0a7.wav,D:\Projects\My projects\IAAA_Compet\Speaker-identification\data\processed\audio_wav\2c85bdee-99d2-44bc-a29c-952749f6c0a7.wav,"=HYPERLINK(""D:\Projects\My projects\IAAA_Compet\Speaker-identification\data\processed\audio_wav\2c85bdee-99d2-44bc-a29c-952749f6c0a7.wav"",""2c85bdee-99d2-44bc-a29c-952749f6c0a7.wav"")",84.22,known,267,965b7309-544d-411d-8285-43c831fa9f4b,5,267,965b7309-544d-411d-8285-43c831fa9f4b,0.9946,OK,1,True,True,267,965b7309-544d-411d-8285-43c831fa9f4b,0.9735,OK,1,True,True,False,ok,
2c885ec9-d597-4f61-ad94-84082e97134a.wav,D:\Projects\My projects\IAAA_Compet\Speaker-identification\data\processed\audio_wav\2c885ec9-d597-4f61-ad94-84082e97134a.wav,"=HYPERLINK(""D:\Projects\My projects\IAAA_Compet\Speaker-identification\data\processed\audio_wav\2c885ec9-d597-4f61-ad94-84082e97134a.wav"",""2c885ec9-d597-4f61-ad94-84082e97134a.wav"")",68.69,unknown,0,unknown,,0,unknown,0.805,OK,1,True,True,0,unknown,0.9995,OK,1,True,True,False,ok,
2c9863e0-90df-4764-872e-0e62ea5f1020.wav,D:\Projects\My projects\IAAA_Compet\Speaker-identification\data\processed\audio_wav\2c9863e0-90df-4764-872e-0e62ea5f1020.wav,"=HYPERLINK(""D:\Projects\My projects\IAAA_Compet\Speaker-identification\data\processed\audio_wav\2c9863e0-90df-4764-872e-0e62ea5f1020.wav"",""2c9863e0-90df-4764-872e-0e62ea5f1020.wav"")",59.99,unknown,0,unknown,,0,unknown,0.9951,OK,1,True,True,0,unknown,1.0,OK,1,True,True,False,ok,
2ceb7840-3bb9-437f-87af-4e5b9b7fc97b.wav,D:\Projects\My projects\IAAA_Compet\Speaker-identification\data\processed\audio_wav\2ceb7840-3bb9-437f-87af-4e5b9b7fc97b.wav,"=HYPERLINK(""D:\Projects\My projects\IAAA_Compet\Speaker-identification\data\processed\audio_wav\2ceb7840-3bb9-437f-87af-4e5b9b7fc97b.wav"",""2ceb7840-3bb9-437f-87af-4e5b9b7fc97b.wav"")",78.25,known,185,665f604a-6bf1-4aa7-bcb3-a8fef0da061c,5,185,665f604a-6bf1-4aa7-bcb3-a8fef0da061c,0.762,OK,1,True,True,185,665f604a-6bf1-4aa7-bcb3-a8fef0da061c,0.9514,OK,1,True,True,False,ok,
2d084fa3-f917-45c4-96c4-062edeb8140a.wav,D:\Projects\My projects\IAAA_Compet\Speaker-identification\data\processed\audio_wav\2d084fa3-f917-45c4-96c4-062edeb8140a.wav,"=HYPERLINK(""D:\Projects\My projects\IAAA_Compet\Speaker-identification\data\processed\audio_wav\2d084fa3-f917-45c4-96c4-062edeb8140a.wav"",""2d084fa3-f917-45c4-96c4-062edeb8140a.wav"")",50.86,unknown,0,unknown,,0,unknown,0.3685,OK,1,True,True,0,unknown,1.0,OK,1,True,True,False,ok,
2da2cd6c-314c-48d1-b4a4-18a6a29e891b.wav,D:\Projects\My projects\IAAA_Compet\Speaker-identification\data\processed\audio_wav\2da2cd6c-314c-48d1-b4a4-18a6a29e891b.wav,"=HYPERLINK(""D:\Projects\My projects\IAAA_Compet\Speaker-identification\data\processed\audio_wav\2da2cd6c-314c-48d1-b4a4-18a6a29e891b.wav"",""2da2cd6c-314c-48d1-b4a4-18a6a29e891b.wav"")",12.54,known,164,59186f69-2753-4cc4-b370-d254f5efe0c4,5,164,59186f69-2753-4cc4-b370-d254f5efe0c4,0.9849,OK,1,True,True,164,59186f69-2753-4cc4-b370-d254f5efe0c4,0.9939,OK,1,True,True,False,ok,
2dd6d205-e59c-4fa4-b857-30acc620ee85.wav,D:\Projects\My projects\IAAA_Compet\Speaker-identification\data\processed\audio_wav\2dd6d205-e59c-4fa4-b857-30acc620ee85.wav,"=HYPERLINK(""D:\Projects\My projects\IAAA_Compet\Speaker-identification\data\processed\audio_wav\2dd6d205-e59c-4fa4-b857-30acc620ee85.wav"",""2dd6d205-e59c-4fa4-b857-30acc620ee85.wav"")",25.17,unknown,0,unknown,,0,unknown,0.9991,OK,1,True,True,0,unknown,1.0,OK,1,True,True,False,ok,
2df94c02-65e4-4e27-a768-ac318babb57b.wav,D:\Projects\My projects\IAAA_Compet\Speaker-identification\data\processed\audio_wav\2df94c02-65e4-4e27-a768-ac318babb57b.wav,"=HYPERLINK(""D:\Projects\My projects\IAAA_Compet\Speaker-identification\data\processed\audio_wav\2df94c02-65e4-4e27-a768-ac318babb57b.wav"",""2df94c02-65e4-4e27-a768-ac318babb57b.wav"")",90.28,unknown,0,unknown,,0,unknown,0.9252,OK,1,True,True,0,unknown,1.0,OK,1,True,True,False,ok,
2eb5663c-b546-4a69-b512-2a920b0b46f7.wav,D:\Projects\My projects\IAAA_Compet\Speaker-identification\data\processed\audio_wav\2eb5663c-b546-4a69-b512-2a920b0b46f7.wav,"=HYPERLINK(""D:\Projects\My projects\IAAA_Compet\Speaker-identification\data\processed\audio_wav\2eb5663c-b546-4a69-b512-2a920b0b46f7.wav"",""2eb5663c-b546-4a69-b512-2a920b0b46f7.wav"")",39.94,unknown,0,unknown,,0,unknown,0.9926,OK,1,True,True,0,unknown,1.0,OK,1,True,True,False,ok,
3026b53d-bc49-40be-85c9-7f9a6d493188.wav,D:\Projects\My projects\IAAA_Compet\Speaker-identification\data\processed\audio_wav\3026b53d-bc49-40be-85c9-7f9a6d493188.wav,"=HYPERLINK(""D:\Projects\My projects\IAAA_Compet\Speaker-identification\data\processed\audio_wav\3026b53d-bc49-40be-85c9-7f9a6d493188.wav"",""3026b53d-bc49-40be-85c9-7f9a6d493188.wav"")",67.5,unknown,0,unknown,,0,unknown,0.9128,OK,1,True,True,0,unknown,1.0,OK,1,True,True,False,ok,
302cb03d-7149-41f9-a758-62d059166070.wav,D:\Projects\My projects\IAAA_Compet\Speaker-identification\data\processed\audio_wav\302cb03d-7149-41f9-a758-62d059166070.wav,"=HYPERLINK(""D:\Projects\My projects\IAAA_Compet\Speaker-identification\data\processed\audio_wav\302cb03d-7149-41f9-a758-62d059166070.wav"",""302cb03d-7149-41f9-a758-62d059166070.wav"")",64.34,known,178,5f177fcd-1519-483d-96a3-80cb6ce41ba5,5,178,5f177fcd-1519-483d-96a3-80cb6ce41ba5,0.9709,OK,1,True,True,178,5f177fcd-1519-483d-96a3-80cb6ce41ba5,0.9707,OK,1,True,True,False,ok,
30ee13b5-9470-4251-ae4a-8a98b250dea7.wav,D:\Projects\My projects\IAAA_Compet\Speaker-identification\data\processed\audio_wav\30ee13b5-9470-4251-ae4a-8a98b250dea7.wav,"=HYPERLINK(""D:\Projects\My projects\IAAA_Compet\Speaker-identification\data\processed\audio_wav\30ee13b5-9470-4251-ae4a-8a98b250dea7.wav"",""30ee13b5-9470-4251-ae4a-8a98b250dea7.wav"")",50.01,unknown,0,unknown,,0,unknown,0.3693,OK,1,True,True,0,unknown,0.9999,OK,1,True,True,False,ok,
31199fb9-06f4-480c-80e7-c5d1521e49fa.wav,D:\Projects\My projects\IAAA_Compet\Speaker-identification\data\processed\audio_wav\31199fb9-06f4-480c-80e7-c5d1521e49fa.wav,"=HYPERLINK(""D:\Projects\My projects\IAAA_Compet\Speaker-identification\data\processed\audio_wav\31199fb9-06f4-480c-80e7-c5d1521e49fa.wav"",""31199fb9-06f4-480c-80e7-c5d1521e49fa.wav"")",65.11,known,209,768ad92d-65e6-46b4-a76c-80e70abd53c9,5,209,768ad92d-65e6-46b4-a76c-80e70abd53c9,0.9069,OK,1,True,True,209,768ad92d-65e6-46b4-a76c-80e70abd53c9,0.9908,OK,1,True,True,False,ok,
318106c0-a369-469f-b4a5-103668ec7a57.wav,D:\Projects\My projects\IAAA_Compet\Speaker-identification\data\processed\audio_wav\318106c0-a369-469f-b4a5-103668ec7a57.wav,"=HYPERLINK(""D:\Projects\My projects\IAAA_Compet\Speaker-identification\data\processed\audio_wav\318106c0-a369-469f-b4a5-103668ec7a57.wav"",""318106c0-a369-469f-b4a5-103668ec7a57.wav"")",89.94,known,228,812441e8-796f-49c1-bbd9-ddc22fa395d6,5,228,812441e8-796f-49c1-bbd9-ddc22fa395d6,0.7788,OK,1,True,True,228,812441e8-796f-49c1-bbd9-ddc22fa395d6,0.975,OK,1,True,True,False,ok,
31d043c1-6532-438e-8c24-fec92fef66e5.wav,D:\Projects\My projects\IAAA_Compet\Speaker-identification\data\processed\audio_wav\31d043c1-6532-438e-8c24-fec92fef66e5.wav,"=HYPERLINK(""D:\Projects\My projects\IAAA_Compet\Speaker-identification\data\processed\audio_wav\31d043c1-6532-438e-8c24-fec92fef66e5.wav"",""31d043c1-6532-438e-8c24-fec92fef66e5.wav"")",70.57,known,16,066a0bc3-9488-49be-b584-d686d11319ae,5,16,066a0bc3-9488-49be-b584-d686d11319ae,0.9392,OK,1,True,True,16,066a0bc3-9488-49be-b584-d686d11319ae,0.9731,OK,1,True,True,False,ok,
31e12999-18e7-4735-a9cc-cc0484ed7c09.wav,D:\Projects\My projects\IAAA_Compet\Speaker-identification\data\processed\audio_wav\31e12999-18e7-4735-a9cc-cc0484ed7c09.wav,"=HYPERLINK(""D:\Projects\My projects\IAAA_Compet\Speaker-identification\data\processed\audio_wav\31e12999-18e7-4735-a9cc-cc0484ed7c09.wav"",""31e12999-18e7-4735-a9cc-cc0484ed7c09.wav"")",67.5,unknown,0,unknown,,0,unknown,0.9814,OK,1,True,True,0,unknown,1.0,OK,1,True,True,False,ok,
32890017-126b-4bc0-a42a-408ffc9ee966.wav,D:\Projects\My projects\IAAA_Compet\Speaker-identification\data\processed\audio_wav\32890017-126b-4bc0-a42a-408ffc9ee966.wav,"=HYPERLINK(""D:\Projects\My projects\IAAA_Compet\Speaker-identification\data\processed\audio_wav\32890017-126b-4bc0-a42a-408ffc9ee966.wav"",""32890017-126b-4bc0-a42a-408ffc9ee966.wav"")",71.34,unknown,0,unknown,,0,unknown,0.9195,OK,1,True,True,0,unknown,1.0,OK,1,True,True,False,ok,
32a7e5ff-1c5c-48ea-8225-398e8f54e811.wav,D:\Projects\My projects\IAAA_Compet\Speaker-identification\data\processed\audio_wav\32a7e5ff-1c5c-48ea-8225-398e8f54e811.wav,"=HYPERLINK(""D:\Projects\My projects\IAAA_Compet\Speaker-identification\data\processed\audio_wav\32a7e5ff-1c5c-48ea-8225-398e8f54e811.wav"",""32a7e5ff-1c5c-48ea-8225-398e8f54e811.wav"")",69.63,unknown,0,unknown,,0,unknown,0.9962,OK,1,True,True,0,unknown,0.9992,OK,1,True,True,False,ok,
32ed68bf-fd10-40cc-bb51-6856d5d9a60b.wav,D:\Projects\My projects\IAAA_Compet\Speaker-identification\data\processed\audio_wav\32ed68bf-fd10-40cc-bb51-6856d5d9a60b.wav,"=HYPERLINK(""D:\Projects\My projects\IAAA_Compet\Speaker-identification\data\processed\audio_wav\32ed68bf-fd10-40cc-bb51-6856d5d9a60b.wav"",""32ed68bf-fd10-40cc-bb51-6856d5d9a60b.wav"")",82.77,known,125,40d6382e-e021-496a-8c5f-691092c0836a,5,125,40d6382e-e021-496a-8c5f-691092c0836a,0.9954,OK,1,True,True,125,40d6382e-e021-496a-8c5f-691092c0836a,0.996,OK,1,True,True,False,ok,
33438cf1-e188-4f30-90ab-2575d8d88d36.wav,D:\Projects\My projects\IAAA_Compet\Speaker-identification\data\processed\audio_wav\33438cf1-e188-4f30-90ab-2575d8d88d36.wav,"=HYPERLINK(""D:\Projects\My projects\IAAA_Compet\Speaker-identification\data\processed\audio_wav\33438cf1-e188-4f30-90ab-2575d8d88d36.wav"",""33438cf1-e188-4f30-90ab-2575d8d88d36.wav"")",62.81,known,146,4ae01a1d-2b16-4606-87f5-4fecc70eee1f,5,146,4ae01a1d-2b16-4606-87f5-4fecc70eee1f,0.9856,OK,1,True,True,146,4ae01a1d-2b16-4606-87f5-4fecc70eee1f,0.9954,OK,1,True,True,False,ok,
33a9b536-db6f-480e-81b5-57bb48bbe83b.wav,D:\Projects\My projects\IAAA_Compet\Speaker-identification\data\processed\audio_wav\33a9b536-db6f-480e-81b5-57bb48bbe83b.wav,"=HYPERLINK(""D:\Projects\My projects\IAAA_Compet\Speaker-identification\data\processed\audio_wav\33a9b536-db6f-480e-81b5-57bb48bbe83b.wav"",""33a9b536-db6f-480e-81b5-57bb48bbe83b.wav"")",56.41,known,412,e8dc72d2-d088-4dbd-b5e3-f28ea92bd4d6,5,412,e8dc72d2-d088-4dbd-b5e3-f28ea92bd4d6,0.9963,OK,1,True,True,412,e8dc72d2-d088-4dbd-b5e3-f28ea92bd4d6,0.9975,OK,1,True,True,False,ok,
33c11458-0bdf-45f1-afe7-b724a3b88fff.wav,D:\Projects\My projects\IAAA_Compet\Speaker-identification\data\processed\audio_wav\33c11458-0bdf-45f1-afe7-b724a3b88fff.wav,"=HYPERLINK(""D:\Projects\My projects\IAAA_Compet\Speaker-identification\data\processed\audio_wav\33c11458-0bdf-45f1-afe7-b724a3b88fff.wav"",""33c11458-0bdf-45f1-afe7-b724a3b88fff.wav"")",55.64,known,342,c39ee011-4784-4b31-8708-a1f14f4c8e79,5,342,c39ee011-4784-4b31-8708-a1f14f4c8e79,0.9999,OK,1,True,True,342,c39ee011-4784-4b31-8708-a1f14f4c8e79,0.9995,OK,1,True,True,False,ok,
33f72f04-65df-470a-86ac-111873fb783a.wav,D:\Projects\My projects\IAAA_Compet\Speaker-identification\data\processed\audio_wav\33f72f04-65df-470a-86ac-111873fb783a.wav,"=HYPERLINK(""D:\Projects\My projects\IAAA_Compet\Speaker-identification\data\processed\audio_wav\33f72f04-65df-470a-86ac-111873fb783a.wav"",""33f72f04-65df-470a-86ac-111873fb783a.wav"")",1.45,unknown,0,unknown,,0,unknown,0.4469,OK,1,True,True,0,unknown,0.6546,OK,1,True,True,False,ok,
34344845-bcb0-4edf-8d1f-dd58c7b38caf.wav,D:\Projects\My projects\IAAA_Compet\Speaker-identification\data\processed\audio_wav\34344845-bcb0-4edf-8d1f-dd58c7b38caf.wav,"=HYPERLINK(""D:\Projects\My projects\IAAA_Compet\Speaker-identification\data\processed\audio_wav\34344845-bcb0-4edf-8d1f-dd58c7b38caf.wav"",""34344845-bcb0-4edf-8d1f-dd58c7b38caf.wav"")",58.71,known,101,319a0035-c7a1-4359-85bb-94a4ad5843bb,5,101,319a0035-c7a1-4359-85bb-94a4ad5843bb,0.9984,OK,1,True,True,101,319a0035-c7a1-4359-85bb-94a4ad5843bb,0.9873,OK,1,True,True,False,ok,
35186ea1-790d-4cba-aecb-4e8a748c96d8.wav,D:\Projects\My projects\IAAA_Compet\Speaker-identification\data\processed\audio_wav\35186ea1-790d-4cba-aecb-4e8a748c96d8.wav,"=HYPERLINK(""D:\Projects\My projects\IAAA_Compet\Speaker-identification\data\processed\audio_wav\35186ea1-790d-4cba-aecb-4e8a748c96d8.wav"",""35186ea1-790d-4cba-aecb-4e8a748c96d8.wav"")",58.45,unknown,0,unknown,,0,unknown,0.9914,OK,1,True,True,0,unknown,1.0,OK,1,True,True,False,ok,
352f3408-6fb8-4dc3-90be-531e6e2a143f.wav,D:\Projects\My projects\IAAA_Compet\Speaker-identification\data\processed\audio_wav\352f3408-6fb8-4dc3-90be-531e6e2a143f.wav,"=HYPERLINK(""D:\Projects\My projects\IAAA_Compet\Speaker-identification\data\processed\audio_wav\352f3408-6fb8-4dc3-90be-531e6e2a143f.wav"",""352f3408-6fb8-4dc3-90be-531e6e2a143f.wav"")",73.39,unknown,0,unknown,,0,unknown,0.8983,OK,1,True,True,0,unknown,1.0,OK,1,True,True,False,ok,
359f71c4-365b-459d-8260-fc0e2129797d.wav,D:\Projects\My projects\IAAA_Compet\Speaker-identification\data\processed\audio_wav\359f71c4-365b-459d-8260-fc0e2129797d.wav,"=HYPERLINK(""D:\Projects\My projects\IAAA_Compet\Speaker-identification\data\processed\audio_wav\359f71c4-365b-459d-8260-fc0e2129797d.wav"",""359f71c4-365b-459d-8260-fc0e2129797d.wav"")",61.01,known,108,35d23e36-e4b3-4603-a4e7-f6677843e98e,5,108,35d23e36-e4b3-4603-a4e7-f6677843e98e,0.9946,OK,1,True,True,108,35d23e36-e4b3-4603-a4e7-f6677843e98e,0.9834,OK,1,True,True,False,ok,
35bf8358-ecfc-4eb2-a202-75a7e3c164c3.wav,D:\Projects\My projects\IAAA_Compet\Speaker-identification\data\processed\audio_wav\35bf8358-ecfc-4eb2-a202-75a7e3c164c3.wav,"=HYPERLINK(""D:\Projects\My projects\IAAA_Compet\Speaker-identification\data\processed\audio_wav\35bf8358-ecfc-4eb2-a202-75a7e3c164c3.wav"",""35bf8358-ecfc-4eb2-a202-75a7e3c164c3.wav"")",51.71,known,41,158f1c87-a05e-4251-8209-c34d8a9cb22b,5,41,158f1c87-a05e-4251-8209-c34d8a9cb22b,0.9993,OK,1,True,True,41,158f1c87-a05e-4251-8209-c34d8a9cb22b,0.9995,OK,1,True,True,False,ok,
35c04a5c-4085-4574-90f0-3fbe282e803a.wav,D:\Projects\My projects\IAAA_Compet\Speaker-identification\data\processed\audio_wav\35c04a5c-4085-4574-90f0-3fbe282e803a.wav,"=HYPERLINK(""D:\Projects\My projects\IAAA_Compet\Speaker-identification\data\processed\audio_wav\35c04a5c-4085-4574-90f0-3fbe282e803a.wav"",""35c04a5c-4085-4574-90f0-3fbe282e803a.wav"")",71.59,unknown,0,unknown,,0,unknown,0.6635,OK,1,True,True,0,unknown,1.0,OK,1,True,True,False,ok,
35d1ae01-eb44-4191-a963-f35c12bd9c50.wav,D:\Projects\My projects\IAAA_Compet\Speaker-identification\data\processed\audio_wav\35d1ae01-eb44-4191-a963-f35c12bd9c50.wav,"=HYPERLINK(""D:\Projects\My projects\IAAA_Compet\Speaker-identification\data\processed\audio_wav\35d1ae01-eb44-4191-a963-f35c12bd9c50.wav"",""35d1ae01-eb44-4191-a963-f35c12bd9c50.wav"")",58.54,unknown,0,unknown,,0,unknown,0.9813,OK,1,True,True,0,unknown,1.0,OK,1,True,True,False,ok,
35d4eb34-897c-46f3-b39d-bc89dc0d9f75.wav,D:\Projects\My projects\IAAA_Compet\Speaker-identification\data\processed\audio_wav\35d4eb34-897c-46f3-b39d-bc89dc0d9f75.wav,"=HYPERLINK(""D:\Projects\My projects\IAAA_Compet\Speaker-identification\data\processed\audio_wav\35d4eb34-897c-46f3-b39d-bc89dc0d9f75.wav"",""35d4eb34-897c-46f3-b39d-bc89dc0d9f75.wav"")",85.85,known,227,80cb5479-4a3a-4b4d-a9c5-cf6ca2134e86,5,227,80cb5479-4a3a-4b4d-a9c5-cf6ca2134e86,0.9373,OK,1,True,True,227,80cb5479-4a3a-4b4d-a9c5-cf6ca2134e86,0.9042,OK,1,True,True,False,ok,
35e5b511-7677-40a1-8539-8cfb394481fb.wav,D:\Projects\My projects\IAAA_Compet\Speaker-identification\data\processed\audio_wav\35e5b511-7677-40a1-8539-8cfb394481fb.wav,"=HYPERLINK(""D:\Projects\My projects\IAAA_Compet\Speaker-identification\data\processed\audio_wav\35e5b511-7677-40a1-8539-8cfb394481fb.wav"",""35e5b511-7677-40a1-8539-8cfb394481fb.wav"")",53.08,unknown,0,unknown,,0,unknown,0.9966,OK,1,True,True,0,unknown,1.0,OK,1,True,True,False,ok,
3614cdc4-b651-44a5-8c15-7155a754e625.wav,D:\Projects\My projects\IAAA_Compet\Speaker-identification\data\processed\audio_wav\3614cdc4-b651-44a5-8c15-7155a754e625.wav,"=HYPERLINK(""D:\Projects\My projects\IAAA_Compet\Speaker-identification\data\processed\audio_wav\3614cdc4-b651-44a5-8c15-7155a754e625.wav"",""3614cdc4-b651-44a5-8c15-7155a754e625.wav"")",66.3,unknown,0,unknown,,0,unknown,0.9977,OK,1,True,True,0,unknown,1.0,OK,1,True,True,False,ok,
36acbdde-7ca7-4717-9514-1f8e9a583a66.wav,D:\Projects\My projects\IAAA_Compet\Speaker-identification\data\processed\audio_wav\36acbdde-7ca7-4717-9514-1f8e9a583a66.wav,"=HYPERLINK(""D:\Projects\My projects\IAAA_Compet\Speaker-identification\data\processed\audio_wav\36acbdde-7ca7-4717-9514-1f8e9a583a66.wav"",""36acbdde-7ca7-4717-9514-1f8e9a583a66.wav"")",57.26,known,98,301d7ce4-d07a-4532-8fed-822e8ad82aff,5,98,301d7ce4-d07a-4532-8fed-822e8ad82aff,0.9977,OK,1,True,True,98,301d7ce4-d07a-4532-8fed-822e8ad82aff,0.9971,OK,1,True,True,False,ok,
36ce8f5d-eced-4d26-bc52-b7f9076b2f0e.wav,D:\Projects\My projects\IAAA_Compet\Speaker-identification\data\processed\audio_wav\36ce8f5d-eced-4d26-bc52-b7f9076b2f0e.wav,"=HYPERLINK(""D:\Projects\My projects\IAAA_Compet\Speaker-identification\data\processed\audio_wav\36ce8f5d-eced-4d26-bc52-b7f9076b2f0e.wav"",""36ce8f5d-eced-4d26-bc52-b7f9076b2f0e.wav"")",58.71,unknown,0,unknown,,0,unknown,0.9386,OK,1,True,True,0,unknown,1.0,OK,1,True,True,False,ok,
3714d305-1a3d-4d2c-97fb-9ae4a467b615.wav,D:\Projects\My projects\IAAA_Compet\Speaker-identification\data\processed\audio_wav\3714d305-1a3d-4d2c-97fb-9ae4a467b615.wav,"=HYPERLINK(""D:\Projects\My projects\IAAA_Compet\Speaker-identification\data\processed\audio_wav\3714d305-1a3d-4d2c-97fb-9ae4a467b615.wav"",""3714d305-1a3d-4d2c-97fb-9ae4a467b615.wav"")",68.1,unknown,0,unknown,,0,unknown,0.9982,OK,1,True,True,0,unknown,1.0,OK,1,True,True,False,ok,
374ea216-ae74-436f-b46d-ed184425be72.wav,D:\Projects\My projects\IAAA_Compet\Speaker-identification\data\processed\audio_wav\374ea216-ae74-436f-b46d-ed184425be72.wav,"=HYPERLINK(""D:\Projects\My projects\IAAA_Compet\Speaker-identification\data\processed\audio_wav\374ea216-ae74-436f-b46d-ed184425be72.wav"",""374ea216-ae74-436f-b46d-ed184425be72.wav"")",27.56,unknown,0,unknown,,0,unknown,0.6799,OK,1,True,True,0,unknown,1.0,OK,1,True,True,False,ok,
37a578cc-da12-4f0d-b028-31487361dc9e.wav,D:\Projects\My projects\IAAA_Compet\Speaker-identification\data\processed\audio_wav\37a578cc-da12-4f0d-b028-31487361dc9e.wav,"=HYPERLINK(""D:\Projects\My projects\IAAA_Compet\Speaker-identification\data\processed\audio_wav\37a578cc-da12-4f0d-b028-31487361dc9e.wav"",""37a578cc-da12-4f0d-b028-31487361dc9e.wav"")",14.17,unknown,0,unknown,,0,unknown,0.7093,OK,1,True,True,0,unknown,0.9956,OK,1,True,True,False,ok,
37e2677b-1fe9-4370-8607-e16d0b921dc0.wav,D:\Projects\My projects\IAAA_Compet\Speaker-identification\data\processed\audio_wav\37e2677b-1fe9-4370-8607-e16d0b921dc0.wav,"=HYPERLINK(""D:\Projects\My projects\IAAA_Compet\Speaker-identification\data\processed\audio_wav\37e2677b-1fe9-4370-8607-e16d0b921dc0.wav"",""37e2677b-1fe9-4370-8607-e16d0b921dc0.wav"")",78.08,known,396,df3f0154-dcae-4140-b9a6-ac96cf43d2e0,5,396,df3f0154-dcae-4140-b9a6-ac96cf43d2e0,0.9984,OK,1,True,True,396,df3f0154-dcae-4140-b9a6-ac96cf43d2e0,0.9984,OK,1,True,True,False,ok,
384aba34-f04d-4b8a-8035-68a016f4f290.wav,D:\Projects\My projects\IAAA_Compet\Speaker-identification\data\processed\audio_wav\384aba34-f04d-4b8a-8035-68a016f4f290.wav,"=HYPERLINK(""D:\Projects\My projects\IAAA_Compet\Speaker-identification\data\processed\audio_wav\384aba34-f04d-4b8a-8035-68a016f4f290.wav"",""384aba34-f04d-4b8a-8035-68a016f4f290.wav"")",53.59,known,105,33722fcf-c60f-4bd3-8f89-4f9899d3fb73,5,105,33722fcf-c60f-4bd3-8f89-4f9899d3fb73,0.9811,OK,1,True,True,105,33722fcf-c60f-4bd3-8f89-4f9899d3fb73,0.9937,OK,1,True,True,False,ok,
3910506b-5ee4-41de-bbe7-43bb3767a9db.wav,D:\Projects\My projects\IAAA_Compet\Speaker-identification\data\processed\audio_wav\3910506b-5ee4-41de-bbe7-43bb3767a9db.wav,"=HYPERLINK(""D:\Projects\My projects\IAAA_Compet\Speaker-identification\data\processed\audio_wav\3910506b-5ee4-41de-bbe7-43bb3767a9db.wav"",""3910506b-5ee4-41de-bbe7-43bb3767a9db.wav"")",46.34,known,312,b0a75e51-2ac8-4ec1-9cd2-5256e9dc5147,5,312,b0a75e51-2ac8-4ec1-9cd2-5256e9dc5147,0.9931,OK,1,True,True,312,b0a75e51-2ac8-4ec1-9cd2-5256e9dc5147,0.9946,OK,1,True,True,False,ok,
3915b63e-1de1-44ac-9452-78381ceb9b5b.wav,D:\Projects\My projects\IAAA_Compet\Speaker-identification\data\processed\audio_wav\3915b63e-1de1-44ac-9452-78381ceb9b5b.wav,"=HYPERLINK(""D:\Projects\My projects\IAAA_Compet\Speaker-identification\data\processed\audio_wav\3915b63e-1de1-44ac-9452-78381ceb9b5b.wav"",""3915b63e-1de1-44ac-9452-78381ceb9b5b.wav"")",77.82,unknown,0,unknown,,0,unknown,0.9974,OK,1,True,True,0,unknown,1.0,OK,1,True,True,False,ok,
39a02829-f95e-4f4f-a882-c51257142bbc.wav,D:\Projects\My projects\IAAA_Compet\Speaker-identification\data\processed\audio_wav\39a02829-f95e-4f4f-a882-c51257142bbc.wav,"=HYPERLINK(""D:\Projects\My projects\IAAA_Compet\Speaker-identification\data\processed\audio_wav\39a02829-f95e-4f4f-a882-c51257142bbc.wav"",""39a02829-f95e-4f4f-a882-c51257142bbc.wav"")",66.05,unknown,0,unknown,,0,unknown,0.8795,OK,1,True,True,0,unknown,1.0,OK,1,True,True,False,ok,
3a046c02-52d9-403b-a175-08db03af11fb.wav,D:\Projects\My projects\IAAA_Compet\Speaker-identification\data\processed\audio_wav\3a046c02-52d9-403b-a175-08db03af11fb.wav,"=HYPERLINK(""D:\Projects\My projects\IAAA_Compet\Speaker-identification\data\processed\audio_wav\3a046c02-52d9-403b-a175-08db03af11fb.wav"",""3a046c02-52d9-403b-a175-08db03af11fb.wav"")",74.75,unknown,0,unknown,,0,unknown,0.9925,OK,1,True,True,0,unknown,1.0,OK,1,True,True,False,ok,
3a779c1a-69aa-457f-8f17-cc7879a10b01.wav,D:\Projects\My projects\IAAA_Compet\Speaker-identification\data\processed\audio_wav\3a779c1a-69aa-457f-8f17-cc7879a10b01.wav,"=HYPERLINK(""D:\Projects\My projects\IAAA_Compet\Speaker-identification\data\processed\audio_wav\3a779c1a-69aa-457f-8f17-cc7879a10b01.wav"",""3a779c1a-69aa-457f-8f17-cc7879a10b01.wav"")",92.84,known,124,40c07653-2a48-4a64-af11-75389d13175d,5,124,40c07653-2a48-4a64-af11-75389d13175d,0.9883,OK,1,True,True,124,40c07653-2a48-4a64-af11-75389d13175d,0.9933,OK,1,True,True,False,ok,
3adf3d18-f5d0-40e5-8798-830325ed16b4.wav,D:\Projects\My projects\IAAA_Compet\Speaker-identification\data\processed\audio_wav\3adf3d18-f5d0-40e5-8798-830325ed16b4.wav,"=HYPERLINK(""D:\Projects\My projects\IAAA_Compet\Speaker-identification\data\processed\audio_wav\3adf3d18-f5d0-40e5-8798-830325ed16b4.wav"",""3adf3d18-f5d0-40e5-8798-830325ed16b4.wav"")",48.81,unknown,0,unknown,,0,unknown,0.998,OK,1,True,True,0,unknown,0.9996,OK,1,True,True,False,ok,
3b00d6f3-2ec6-4726-8dcd-bc42d474026f.wav,D:\Projects\My projects\IAAA_Compet\Speaker-identification\data\processed\audio_wav\3b00d6f3-2ec6-4726-8dcd-bc42d474026f.wav,"=HYPERLINK(""D:\Projects\My projects\IAAA_Compet\Speaker-identification\data\processed\audio_wav\3b00d6f3-2ec6-4726-8dcd-bc42d474026f.wav"",""3b00d6f3-2ec6-4726-8dcd-bc42d474026f.wav"")",59.05,known,56,1a1687fb-f969-44d6-9461-98a9217ffd15,5,56,1a1687fb-f969-44d6-9461-98a9217ffd15,0.9983,OK,1,True,True,56,1a1687fb-f969-44d6-9461-98a9217ffd15,0.9759,OK,1,True,True,False,ok,
3b014343-585c-46fc-ad73-f4c16bb4d8b7.wav,D:\Projects\My projects\IAAA_Compet\Speaker-identification\data\processed\audio_wav\3b014343-585c-46fc-ad73-f4c16bb4d8b7.wav,"=HYPERLINK(""D:\Projects\My projects\IAAA_Compet\Speaker-identification\data\processed\audio_wav\3b014343-585c-46fc-ad73-f4c16bb4d8b7.wav"",""3b014343-585c-46fc-ad73-f4c16bb4d8b7.wav"")",72.11,unknown,0,unknown,,0,unknown,0.9912,OK,1,True,True,0,unknown,1.0,OK,1,True,True,False,ok,
3b0b4e04-ec7d-44fd-a630-31785789d8e5.wav,D:\Projects\My projects\IAAA_Compet\Speaker-identification\data\processed\audio_wav\3b0b4e04-ec7d-44fd-a630-31785789d8e5.wav,"=HYPERLINK(""D:\Projects\My projects\IAAA_Compet\Speaker-identification\data\processed\audio_wav\3b0b4e04-ec7d-44fd-a630-31785789d8e5.wav"",""3b0b4e04-ec7d-44fd-a630-31785789d8e5.wav"")",52.22,known,162,58769546-2d4e-4dd5-9f57-5a125ec97701,5,162,58769546-2d4e-4dd5-9f57-5a125ec97701,0.9199,OK,1,True,True,162,58769546-2d4e-4dd5-9f57-5a125ec97701,0.8922,OK,1,True,True,False,ok,
3b30c1f2-c0e7-4940-b760-ae2a705bd39d.wav,D:\Projects\My projects\IAAA_Compet\Speaker-identification\data\processed\audio_wav\3b30c1f2-c0e7-4940-b760-ae2a705bd39d.wav,"=HYPERLINK(""D:\Projects\My projects\IAAA_Compet\Speaker-identification\data\processed\audio_wav\3b30c1f2-c0e7-4940-b760-ae2a705bd39d.wav"",""3b30c1f2-c0e7-4940-b760-ae2a705bd39d.wav"")",65.88,unknown,0,unknown,,0,unknown,0.8477,OK,1,True,True,0,unknown,1.0,OK,1,True,True,False,ok,
3bc97c59-4c33-4d8f-ba1f-59186ac2621b.wav,D:\Projects\My projects\IAAA_Compet\Speaker-identification\data\processed\audio_wav\3bc97c59-4c33-4d8f-ba1f-59186ac2621b.wav,"=HYPERLINK(""D:\Projects\My projects\IAAA_Compet\Speaker-identification\data\processed\audio_wav\3bc97c59-4c33-4d8f-ba1f-59186ac2621b.wav"",""3bc97c59-4c33-4d8f-ba1f-59186ac2621b.wav"")",45.57,unknown,0,unknown,,0,unknown,0.6426,OK,1,True,True,0,unknown,0.5439,OK,1,True,True,False,ok,
3c65a4c8-08e2-417c-bd33-664df831186c.wav,D:\Projects\My projects\IAAA_Compet\Speaker-identification\data\processed\audio_wav\3c65a4c8-08e2-417c-bd33-664df831186c.wav,"=HYPERLINK(""D:\Projects\My projects\IAAA_Compet\Speaker-identification\data\processed\audio_wav\3c65a4c8-08e2-417c-bd33-664df831186c.wav"",""3c65a4c8-08e2-417c-bd33-664df831186c.wav"")",53.85,unknown,0,unknown,,0,unknown,0.988,OK,1,True,True,0,unknown,1.0,OK,1,True,True,False,ok,
3c9f1474-2016-42f8-86f3-cec1808213a7.wav,D:\Projects\My projects\IAAA_Compet\Speaker-identification\data\processed\audio_wav\3c9f1474-2016-42f8-86f3-cec1808213a7.wav,"=HYPERLINK(""D:\Projects\My projects\IAAA_Compet\Speaker-identification\data\processed\audio_wav\3c9f1474-2016-42f8-86f3-cec1808213a7.wav"",""3c9f1474-2016-42f8-86f3-cec1808213a7.wav"")",60.5,unknown,0,unknown,,0,unknown,0.8906,OK,1,True,True,0,unknown,1.0,OK,1,True,True,False,ok,
3cb91fcd-f8b0-4371-add0-ebfd1d339c7b.wav,D:\Projects\My projects\IAAA_Compet\Speaker-identification\data\processed\audio_wav\3cb91fcd-f8b0-4371-add0-ebfd1d339c7b.wav,"=HYPERLINK(""D:\Projects\My projects\IAAA_Compet\Speaker-identification\data\processed\audio_wav\3cb91fcd-f8b0-4371-add0-ebfd1d339c7b.wav"",""3cb91fcd-f8b0-4371-add0-ebfd1d339c7b.wav"")",56.92,known,239,8469ba5d-5a79-43d1-8eee-d126cc27d6bb,5,239,8469ba5d-5a79-43d1-8eee-d126cc27d6bb,0.9947,OK,1,True,True,239,8469ba5d-5a79-43d1-8eee-d126cc27d6bb,0.9864,OK,1,True,True,False,ok,
3cc8bd22-e6a7-409a-b632-6097b30330ce.wav,D:\Projects\My projects\IAAA_Compet\Speaker-identification\data\processed\audio_wav\3cc8bd22-e6a7-409a-b632-6097b30330ce.wav,"=HYPERLINK(""D:\Projects\My projects\IAAA_Compet\Speaker-identification\data\processed\audio_wav\3cc8bd22-e6a7-409a-b632-6097b30330ce.wav"",""3cc8bd22-e6a7-409a-b632-6097b30330ce.wav"")",60.84,unknown,0,unknown,,0,unknown,0.9354,OK,1,True,True,0,unknown,1.0,OK,1,True,True,False,ok,
3d0ab60f-86a8-4278-a760-1fbec92b242e.wav,D:\Projects\My projects\IAAA_Compet\Speaker-identification\data\processed\audio_wav\3d0ab60f-86a8-4278-a760-1fbec92b242e.wav,"=HYPERLINK(""D:\Projects\My projects\IAAA_Compet\Speaker-identification\data\processed\audio_wav\3d0ab60f-86a8-4278-a760-1fbec92b242e.wav"",""3d0ab60f-86a8-4278-a760-1fbec92b242e.wav"")",49.07,unknown,0,unknown,,0,unknown,0.9857,OK,1,True,True,0,unknown,0.9999,OK,1,True,True,False,ok,
3d14ec3a-ef69-4d8f-b7b7-89b3163ff8ef.wav,D:\Projects\My projects\IAAA_Compet\Speaker-identification\data\processed\audio_wav\3d14ec3a-ef69-4d8f-b7b7-89b3163ff8ef.wav,"=HYPERLINK(""D:\Projects\My projects\IAAA_Compet\Speaker-identification\data\processed\audio_wav\3d14ec3a-ef69-4d8f-b7b7-89b3163ff8ef.wav"",""3d14ec3a-ef69-4d8f-b7b7-89b3163ff8ef.wav"")",87.47,known,91,2eb1900b-22e5-4b11-9020-b0e0ead231a5,5,91,2eb1900b-22e5-4b11-9020-b0e0ead231a5,0.9987,OK,1,True,True,91,2eb1900b-22e5-4b11-9020-b0e0ead231a5,0.9804,OK,1,True,True,False,ok,
3d7d2c30-403f-42e0-a06f-5563583d85c5.wav,D:\Projects\My projects\IAAA_Compet\Speaker-identification\data\processed\audio_wav\3d7d2c30-403f-42e0-a06f-5563583d85c5.wav,"=HYPERLINK(""D:\Projects\My projects\IAAA_Compet\Speaker-identification\data\processed\audio_wav\3d7d2c30-403f-42e0-a06f-5563583d85c5.wav"",""3d7d2c30-403f-42e0-a06f-5563583d85c5.wav"")",65.37,unknown,0,unknown,,0,unknown,0.9911,OK,1,True,True,0,unknown,0.999,OK,1,True,True,False,ok,
3dde0e1a-e7ad-40d5-a3c4-37b4dae8d589.wav,D:\Projects\My projects\IAAA_Compet\Speaker-identification\data\processed\audio_wav\3dde0e1a-e7ad-40d5-a3c4-37b4dae8d589.wav,"=HYPERLINK(""D:\Projects\My projects\IAAA_Compet\Speaker-identification\data\processed\audio_wav\3dde0e1a-e7ad-40d5-a3c4-37b4dae8d589.wav"",""3dde0e1a-e7ad-40d5-a3c4-37b4dae8d589.wav"")",88.75,unknown,0,unknown,,0,unknown,0.9995,OK,1,True,True,0,unknown,1.0,OK,1,True,True,False,ok,
3df14f35-bfe4-4104-a9a9-c4ecb78eff04.wav,D:\Projects\My projects\IAAA_Compet\Speaker-identification\data\processed\audio_wav\3df14f35-bfe4-4104-a9a9-c4ecb78eff04.wav,"=HYPERLINK(""D:\Projects\My projects\IAAA_Compet\Speaker-identification\data\processed\audio_wav\3df14f35-bfe4-4104-a9a9-c4ecb78eff04.wav"",""3df14f35-bfe4-4104-a9a9-c4ecb78eff04.wav"")",69.21,unknown,0,unknown,,0,unknown,0.8152,OK,1,True,True,0,unknown,1.0,OK,1,True,True,False,ok,
3e40015d-10f9-4a62-a0e0-ff0a0a2f4dbe.wav,D:\Projects\My projects\IAAA_Compet\Speaker-identification\data\processed\audio_wav\3e40015d-10f9-4a62-a0e0-ff0a0a2f4dbe.wav,"=HYPERLINK(""D:\Projects\My projects\IAAA_Compet\Speaker-identification\data\processed\audio_wav\3e40015d-10f9-4a62-a0e0-ff0a0a2f4dbe.wav"",""3e40015d-10f9-4a62-a0e0-ff0a0a2f4dbe.wav"")",63.32,unknown,0,unknown,,0,unknown,0.9622,OK,1,True,True,0,unknown,0.9976,OK,1,True,True,False,ok,
3e42c998-cbdd-4153-8d6b-06b0c574d633.wav,D:\Projects\My projects\IAAA_Compet\Speaker-identification\data\processed\audio_wav\3e42c998-cbdd-4153-8d6b-06b0c574d633.wav,"=HYPERLINK(""D:\Projects\My projects\IAAA_Compet\Speaker-identification\data\processed\audio_wav\3e42c998-cbdd-4153-8d6b-06b0c574d633.wav"",""3e42c998-cbdd-4153-8d6b-06b0c574d633.wav"")",84.14,unknown,0,unknown,,0,unknown,0.999,OK,1,True,True,0,unknown,1.0,OK,1,True,True,False,ok,
3e66d4fe-0a4f-48fe-a2e8-4929823888b1.wav,D:\Projects\My projects\IAAA_Compet\Speaker-identification\data\processed\audio_wav\3e66d4fe-0a4f-48fe-a2e8-4929823888b1.wav,"=HYPERLINK(""D:\Projects\My projects\IAAA_Compet\Speaker-identification\data\processed\audio_wav\3e66d4fe-0a4f-48fe-a2e8-4929823888b1.wav"",""3e66d4fe-0a4f-48fe-a2e8-4929823888b1.wav"")",75.52,known,361,cc5074ea-1d64-4e10-ac40-8d2aa4dad009,5,361,cc5074ea-1d64-4e10-ac40-8d2aa4dad009,0.7565,OK,1,True,True,361,cc5074ea-1d64-4e10-ac40-8d2aa4dad009,0.9967,OK,1,True,True,False,ok,
3e85c408-d791-4a09-899d-64858c7f4b26.wav,D:\Projects\My projects\IAAA_Compet\Speaker-identification\data\processed\audio_wav\3e85c408-d791-4a09-899d-64858c7f4b26.wav,"=HYPERLINK(""D:\Projects\My projects\IAAA_Compet\Speaker-identification\data\processed\audio_wav\3e85c408-d791-4a09-899d-64858c7f4b26.wav"",""3e85c408-d791-4a09-899d-64858c7f4b26.wav"")",59.31,unknown,0,unknown,,0,unknown,0.9909,OK,1,True,True,0,unknown,1.0,OK,1,True,True,False,ok,
3efc083a-dcf2-4a6a-969e-7174ef0b8682.wav,D:\Projects\My projects\IAAA_Compet\Speaker-identification\data\processed\audio_wav\3efc083a-dcf2-4a6a-969e-7174ef0b8682.wav,"=HYPERLINK(""D:\Projects\My projects\IAAA_Compet\Speaker-identification\data\processed\audio_wav\3efc083a-dcf2-4a6a-969e-7174ef0b8682.wav"",""3efc083a-dcf2-4a6a-969e-7174ef0b8682.wav"")",51.11,known,3,00e28861-1e30-4cfd-b252-cea7361a80b8,5,3,00e28861-1e30-4cfd-b252-cea7361a80b8,0.9827,OK,1,True,True,3,00e28861-1e30-4cfd-b252-cea7361a80b8,0.9705,OK,1,True,True,False,ok,
3efc7524-0d0d-4d09-b9ed-89bc46301ef9.wav,D:\Projects\My projects\IAAA_Compet\Speaker-identification\data\processed\audio_wav\3efc7524-0d0d-4d09-b9ed-89bc46301ef9.wav,"=HYPERLINK(""D:\Projects\My projects\IAAA_Compet\Speaker-identification\data\processed\audio_wav\3efc7524-0d0d-4d09-b9ed-89bc46301ef9.wav"",""3efc7524-0d0d-4d09-b9ed-89bc46301ef9.wav"")",53.76,unknown,0,unknown,,0,unknown,0.9617,OK,1,True,True,0,unknown,1.0,OK,1,True,True,False,ok,
3f2c7e30-482c-4a10-8683-b2a61ef840a1.wav,D:\Projects\My projects\IAAA_Compet\Speaker-identification\data\processed\audio_wav\3f2c7e30-482c-4a10-8683-b2a61ef840a1.wav,"=HYPERLINK(""D:\Projects\My projects\IAAA_Compet\Speaker-identification\data\processed\audio_wav\3f2c7e30-482c-4a10-8683-b2a61ef840a1.wav"",""3f2c7e30-482c-4a10-8683-b2a61ef840a1.wav"")",72.36,known,355,c9526888-d340-44f2-9c0a-724f47a8fa95,5,355,c9526888-d340-44f2-9c0a-724f47a8fa95,0.9999,OK,1,True,True,355,c9526888-d340-44f2-9c0a-724f47a8fa95,0.9992,OK,1,True,True,False,ok,
3fa7e210-dcb8-4679-bc29-230e422a9cd4.wav,D:\Projects\My projects\IAAA_Compet\Speaker-identification\data\processed\audio_wav\3fa7e210-dcb8-4679-bc29-230e422a9cd4.wav,"=HYPERLINK(""D:\Projects\My projects\IAAA_Compet\Speaker-identification\data\processed\audio_wav\3fa7e210-dcb8-4679-bc29-230e422a9cd4.wav"",""3fa7e210-dcb8-4679-bc29-230e422a9cd4.wav"")",62.98,known,223,80065b91-5b28-4c76-bb52-28539110734e,5,223,80065b91-5b28-4c76-bb52-28539110734e,0.7616,OK,1,True,True,223,80065b91-5b28-4c76-bb52-28539110734e,0.8017,OK,1,True,True,False,ok,
3ffb2090-d8dc-4b72-9f15-801dc583a6f2.wav,D:\Projects\My projects\IAAA_Compet\Speaker-identification\data\processed\audio_wav\3ffb2090-d8dc-4b72-9f15-801dc583a6f2.wav,"=HYPERLINK(""D:\Projects\My projects\IAAA_Compet\Speaker-identification\data\processed\audio_wav\3ffb2090-d8dc-4b72-9f15-801dc583a6f2.wav"",""3ffb2090-d8dc-4b72-9f15-801dc583a6f2.wav"")",59.48,known,137,464c7b59-cf4b-4b5e-bc19-7166c48f8b57,5,137,464c7b59-cf4b-4b5e-bc19-7166c48f8b57,0.9556,OK,1,True,True,137,464c7b59-cf4b-4b5e-bc19-7166c48f8b57,0.9993,OK,1,True,True,False,ok,
40a79de5-3d44-4855-86be-edabfebbac0e.wav,D:\Projects\My projects\IAAA_Compet\Speaker-identification\data\processed\audio_wav\40a79de5-3d44-4855-86be-edabfebbac0e.wav,"=HYPERLINK(""D:\Projects\My projects\IAAA_Compet\Speaker-identification\data\processed\audio_wav\40a79de5-3d44-4855-86be-edabfebbac0e.wav"",""40a79de5-3d44-4855-86be-edabfebbac0e.wav"")",64.26,unknown,0,unknown,,0,unknown,0.9986,OK,1,True,True,0,unknown,1.0,OK,1,True,True,False,ok,
413d0958-cf21-4012-bc9c-9fbaea695c37.wav,D:\Projects\My projects\IAAA_Compet\Speaker-identification\data\processed\audio_wav\413d0958-cf21-4012-bc9c-9fbaea695c37.wav,"=HYPERLINK(""D:\Projects\My projects\IAAA_Compet\Speaker-identification\data\processed\audio_wav\413d0958-cf21-4012-bc9c-9fbaea695c37.wav"",""413d0958-cf21-4012-bc9c-9fbaea695c37.wav"")",82.01,known,81,28b3f737-9906-46bc-87b8-f68209fa266e,5,81,28b3f737-9906-46bc-87b8-f68209fa266e,0.8216,OK,1,True,True,81,28b3f737-9906-46bc-87b8-f68209fa266e,0.9726,OK,1,True,True,False,ok,
4177d54a-56f5-4e94-aa77-32925d4923b5.wav,D:\Projects\My projects\IAAA_Compet\Speaker-identification\data\processed\audio_wav\4177d54a-56f5-4e94-aa77-32925d4923b5.wav,"=HYPERLINK(""D:\Projects\My projects\IAAA_Compet\Speaker-identification\data\processed\audio_wav\4177d54a-56f5-4e94-aa77-32925d4923b5.wav"",""4177d54a-56f5-4e94-aa77-32925d4923b5.wav"")",68.44,unknown,0,unknown,,0,unknown,0.9511,OK,1,True,True,0,unknown,1.0,OK,1,True,True,False,ok,
41db5306-dfbf-4e9e-b8e9-ff93667e4799.wav,D:\Projects\My projects\IAAA_Compet\Speaker-identification\data\processed\audio_wav\41db5306-dfbf-4e9e-b8e9-ff93667e4799.wav,"=HYPERLINK(""D:\Projects\My projects\IAAA_Compet\Speaker-identification\data\processed\audio_wav\41db5306-dfbf-4e9e-b8e9-ff93667e4799.wav"",""41db5306-dfbf-4e9e-b8e9-ff93667e4799.wav"")",68.86,unknown,0,unknown,,0,unknown,0.9126,OK,1,True,True,0,unknown,1.0,OK,1,True,True,False,ok,
427329e5-cbee-4dfc-a39f-3d9492c07c36.wav,D:\Projects\My projects\IAAA_Compet\Speaker-identification\data\processed\audio_wav\427329e5-cbee-4dfc-a39f-3d9492c07c36.wav,"=HYPERLINK(""D:\Projects\My projects\IAAA_Compet\Speaker-identification\data\processed\audio_wav\427329e5-cbee-4dfc-a39f-3d9492c07c36.wav"",""427329e5-cbee-4dfc-a39f-3d9492c07c36.wav"")",69.55,unknown,0,unknown,,0,unknown,0.9981,OK,1,True,True,0,unknown,1.0,OK,1,True,True,False,ok,
429a3c07-1b8b-4d3d-9b8f-568721289194.wav,D:\Projects\My projects\IAAA_Compet\Speaker-identification\data\processed\audio_wav\429a3c07-1b8b-4d3d-9b8f-568721289194.wav,"=HYPERLINK(""D:\Projects\My projects\IAAA_Compet\Speaker-identification\data\processed\audio_wav\429a3c07-1b8b-4d3d-9b8f-568721289194.wav"",""429a3c07-1b8b-4d3d-9b8f-568721289194.wav"")",68.95,unknown,0,unknown,,0,unknown,0.9855,OK,1,True,True,0,unknown,1.0,OK,1,True,True,False,ok,
42df519d-8070-4296-83ba-4261ba8110d8.wav,D:\Projects\My projects\IAAA_Compet\Speaker-identification\data\processed\audio_wav\42df519d-8070-4296-83ba-4261ba8110d8.wav,"=HYPERLINK(""D:\Projects\My projects\IAAA_Compet\Speaker-identification\data\processed\audio_wav\42df519d-8070-4296-83ba-4261ba8110d8.wav"",""42df519d-8070-4296-83ba-4261ba8110d8.wav"")",68.18,known,434,f749c01a-721b-41c1-bf9e-081c6862da79,5,434,f749c01a-721b-41c1-bf9e-081c6862da79,0.9983,OK,1,True,True,434,f749c01a-721b-41c1-bf9e-081c6862da79,0.9862,OK,1,True,True,False,ok,
431320d3-e8d1-486b-946d-0c991b553496.wav,D:\Projects\My projects\IAAA_Compet\Speaker-identification\data\processed\audio_wav\431320d3-e8d1-486b-946d-0c991b553496.wav,"=HYPERLINK(""D:\Projects\My projects\IAAA_Compet\Speaker-identification\data\processed\audio_wav\431320d3-e8d1-486b-946d-0c991b553496.wav"",""431320d3-e8d1-486b-946d-0c991b553496.wav"")",3.33,unknown,0,unknown,,0,unknown,0.9538,OK,1,True,True,0,unknown,0.9999,OK,1,True,True,False,ok,
4360c193-ecf2-445c-9e98-813a95fdb844.wav,D:\Projects\My projects\IAAA_Compet\Speaker-identification\data\processed\audio_wav\4360c193-ecf2-445c-9e98-813a95fdb844.wav,"=HYPERLINK(""D:\Projects\My projects\IAAA_Compet\Speaker-identification\data\processed\audio_wav\4360c193-ecf2-445c-9e98-813a95fdb844.wav"",""4360c193-ecf2-445c-9e98-813a95fdb844.wav"")",63.06,known,28,0e276f09-7ec5-444c-8e4e-b104ac77e0f1,5,28,0e276f09-7ec5-444c-8e4e-b104ac77e0f1,0.9982,OK,1,True,True,28,0e276f09-7ec5-444c-8e4e-b104ac77e0f1,0.9679,OK,1,True,True,False,ok,
439b9e72-f804-4353-a5a7-ae6ef889bf79.wav,D:\Projects\My projects\IAAA_Compet\Speaker-identification\data\processed\audio_wav\439b9e72-f804-4353-a5a7-ae6ef889bf79.wav,"=HYPERLINK(""D:\Projects\My projects\IAAA_Compet\Speaker-identification\data\processed\audio_wav\439b9e72-f804-4353-a5a7-ae6ef889bf79.wav"",""439b9e72-f804-4353-a5a7-ae6ef889bf79.wav"")",52.05,known,443,fd486f78-16c4-4cd7-a259-4cd7a7853035,5,443,fd486f78-16c4-4cd7-a259-4cd7a7853035,0.9999,OK,1,True,True,443,fd486f78-16c4-4cd7-a259-4cd7a7853035,0.9996,OK,1,True,True,False,ok,
43e88106-6dd5-4699-8e53-78cf679f2c2d.wav,D:\Projects\My projects\IAAA_Compet\Speaker-identification\data\processed\audio_wav\43e88106-6dd5-4699-8e53-78cf679f2c2d.wav,"=HYPERLINK(""D:\Projects\My projects\IAAA_Compet\Speaker-identification\data\processed\audio_wav\43e88106-6dd5-4699-8e53-78cf679f2c2d.wav"",""43e88106-6dd5-4699-8e53-78cf679f2c2d.wav"")",58.62,unknown,0,unknown,,0,unknown,0.9636,OK,1,True,True,0,unknown,1.0,OK,1,True,True,False,ok,
43f5a634-1139-4dc8-a3b0-a812076d772f.wav,D:\Projects\My projects\IAAA_Compet\Speaker-identification\data\processed\audio_wav\43f5a634-1139-4dc8-a3b0-a812076d772f.wav,"=HYPERLINK(""D:\Projects\My projects\IAAA_Compet\Speaker-identification\data\processed\audio_wav\43f5a634-1139-4dc8-a3b0-a812076d772f.wav"",""43f5a634-1139-4dc8-a3b0-a812076d772f.wav"")",54.61,unknown,0,unknown,,0,unknown,0.9969,OK,1,True,True,0,unknown,0.9865,OK,1,True,True,False,ok,
43f8e3b8-042b-42b2-9440-771813d77fcf.wav,D:\Projects\My projects\IAAA_Compet\Speaker-identification\data\processed\audio_wav\43f8e3b8-042b-42b2-9440-771813d77fcf.wav,"=HYPERLINK(""D:\Projects\My projects\IAAA_Compet\Speaker-identification\data\processed\audio_wav\43f8e3b8-042b-42b2-9440-771813d77fcf.wav"",""43f8e3b8-042b-42b2-9440-771813d77fcf.wav"")",69.03,known,373,d1dcb1d0-0cee-4e2d-8b6c-1795b72d36d2,5,373,d1dcb1d0-0cee-4e2d-8b6c-1795b72d36d2,0.9943,OK,1,True,True,373,d1dcb1d0-0cee-4e2d-8b6c-1795b72d36d2,0.9871,OK,1,True,True,False,ok,
450b91ad-a717-4d97-af53-505d94241e7b.wav,D:\Projects\My projects\IAAA_Compet\Speaker-identification\data\processed\audio_wav\450b91ad-a717-4d97-af53-505d94241e7b.wav,"=HYPERLINK(""D:\Projects\My projects\IAAA_Compet\Speaker-identification\data\processed\audio_wav\450b91ad-a717-4d97-af53-505d94241e7b.wav"",""450b91ad-a717-4d97-af53-505d94241e7b.wav"")",69.21,known,173,5cc53e92-0427-402d-b654-a5afe9bd07c9,5,173,5cc53e92-0427-402d-b654-a5afe9bd07c9,0.9996,OK,1,True,True,173,5cc53e92-0427-402d-b654-a5afe9bd07c9,0.9972,OK,1,True,True,False,ok,
4520fed9-561b-4804-909e-3a91e231fdf5.wav,D:\Projects\My projects\IAAA_Compet\Speaker-identification\data\processed\audio_wav\4520fed9-561b-4804-909e-3a91e231fdf5.wav,"=HYPERLINK(""D:\Projects\My projects\IAAA_Compet\Speaker-identification\data\processed\audio_wav\4520fed9-561b-4804-909e-3a91e231fdf5.wav"",""4520fed9-561b-4804-909e-3a91e231fdf5.wav"")",63.91,known,76,25c33f61-59c2-46e5-8e2d-91912c70be0b,5,76,25c33f61-59c2-46e5-8e2d-91912c70be0b,0.9275,OK,1,True,True,76,25c33f61-59c2-46e5-8e2d-91912c70be0b,0.993,OK,1,True,True,False,ok,
45840077-8648-4466-979c-12fbe9dfad6b.wav,D:\Projects\My projects\IAAA_Compet\Speaker-identification\data\processed\audio_wav\45840077-8648-4466-979c-12fbe9dfad6b.wav,"=HYPERLINK(""D:\Projects\My projects\IAAA_Compet\Speaker-identification\data\processed\audio_wav\45840077-8648-4466-979c-12fbe9dfad6b.wav"",""45840077-8648-4466-979c-12fbe9dfad6b.wav"")",48.3,unknown,0,unknown,,0,unknown,0.993,OK,1,True,True,0,unknown,1.0,OK,1,True,True,False,ok,
461f5015-9a54-4422-8442-413f8c1cd9c1.wav,D:\Projects\My projects\IAAA_Compet\Speaker-identification\data\processed\audio_wav\461f5015-9a54-4422-8442-413f8c1cd9c1.wav,"=HYPERLINK(""D:\Projects\My projects\IAAA_Compet\Speaker-identification\data\processed\audio_wav\461f5015-9a54-4422-8442-413f8c1cd9c1.wav"",""461f5015-9a54-4422-8442-413f8c1cd9c1.wav"")",74.07,known,220,7ef6826d-f89d-46c1-be0c-e51fb7bdd192,5,220,7ef6826d-f89d-46c1-be0c-e51fb7bdd192,0.999,OK,1,True,True,220,7ef6826d-f89d-46c1-be0c-e51fb7bdd192,0.9987,OK,1,True,True,False,ok,
463d187d-7ddf-4c91-812c-cfd56dd36e8f.wav,D:\Projects\My projects\IAAA_Compet\Speaker-identification\data\processed\audio_wav\463d187d-7ddf-4c91-812c-cfd56dd36e8f.wav,"=HYPERLINK(""D:\Projects\My projects\IAAA_Compet\Speaker-identification\data\processed\audio_wav\463d187d-7ddf-4c91-812c-cfd56dd36e8f.wav"",""463d187d-7ddf-4c91-812c-cfd56dd36e8f.wav"")",60.93,known,331,beafb4c2-dafa-4a4d-a6d4-0911d817e28e,5,331,beafb4c2-dafa-4a4d-a6d4-0911d817e28e,0.8937,OK,1,True,True,331,beafb4c2-dafa-4a4d-a6d4-0911d817e28e,0.996,OK,1,True,True,False,ok,
46b3bb82-2dc6-4561-82ca-5dc6524bdb3c.wav,D:\Projects\My projects\IAAA_Compet\Speaker-identification\data\processed\audio_wav\46b3bb82-2dc6-4561-82ca-5dc6524bdb3c.wav,"=HYPERLINK(""D:\Projects\My projects\IAAA_Compet\Speaker-identification\data\processed\audio_wav\46b3bb82-2dc6-4561-82ca-5dc6524bdb3c.wav"",""46b3bb82-2dc6-4561-82ca-5dc6524bdb3c.wav"")",69.8,unknown,0,unknown,,0,unknown,0.1907,OK,1,True,True,0,unknown,0.9999,OK,1,True,True,False,ok,
470519ad-b4be-4bf7-b7d5-40eac686f5ea.wav,D:\Projects\My projects\IAAA_Compet\Speaker-identification\data\processed\audio_wav\470519ad-b4be-4bf7-b7d5-40eac686f5ea.wav,"=HYPERLINK(""D:\Projects\My projects\IAAA_Compet\Speaker-identification\data\processed\audio_wav\470519ad-b4be-4bf7-b7d5-40eac686f5ea.wav"",""470519ad-b4be-4bf7-b7d5-40eac686f5ea.wav"")",70.57,unknown,0,unknown,,0,unknown,0.9864,OK,1,True,True,0,unknown,1.0,OK,1,True,True,False,ok,
47449377-26c6-4aee-bc4f-1df4bea0c608.wav,D:\Projects\My projects\IAAA_Compet\Speaker-identification\data\processed\audio_wav\47449377-26c6-4aee-bc4f-1df4bea0c608.wav,"=HYPERLINK(""D:\Projects\My projects\IAAA_Compet\Speaker-identification\data\processed\audio_wav\47449377-26c6-4aee-bc4f-1df4bea0c608.wav"",""47449377-26c6-4aee-bc4f-1df4bea0c608.wav"")",59.48,known,53,19473ce7-e2bd-44d4-8ef2-c07b6c90f2f0,5,53,19473ce7-e2bd-44d4-8ef2-c07b6c90f2f0,0.9584,OK,1,True,True,53,19473ce7-e2bd-44d4-8ef2-c07b6c90f2f0,0.9966,OK,1,True,True,False,ok,
474e6ed6-7971-4dc9-9b04-fc2a2cd61878.wav,D:\Projects\My projects\IAAA_Compet\Speaker-identification\data\processed\audio_wav\474e6ed6-7971-4dc9-9b04-fc2a2cd61878.wav,"=HYPERLINK(""D:\Projects\My projects\IAAA_Compet\Speaker-identification\data\processed\audio_wav\474e6ed6-7971-4dc9-9b04-fc2a2cd61878.wav"",""474e6ed6-7971-4dc9-9b04-fc2a2cd61878.wav"")",67.84,known,97,301aae2b-cff4-41ef-9fe2-1a7a2bdc556f,5,97,301aae2b-cff4-41ef-9fe2-1a7a2bdc556f,0.9785,OK,1,True,True,97,301aae2b-cff4-41ef-9fe2-1a7a2bdc556f,0.9878,OK,1,True,True,False,ok,
47b62225-e48a-46b5-987d-0b54c62dda08.wav,D:\Projects\My projects\IAAA_Compet\Speaker-identification\data\processed\audio_wav\47b62225-e48a-46b5-987d-0b54c62dda08.wav,"=HYPERLINK(""D:\Projects\My projects\IAAA_Compet\Speaker-identification\data\processed\audio_wav\47b62225-e48a-46b5-987d-0b54c62dda08.wav"",""47b62225-e48a-46b5-987d-0b54c62dda08.wav"")",58.03,known,391,db591616-1f54-4bfd-8f13-25d1ed68affd,5,391,db591616-1f54-4bfd-8f13-25d1ed68affd,0.9984,OK,1,True,True,391,db591616-1f54-4bfd-8f13-25d1ed68affd,0.9895,OK,1,True,True,False,ok,
47f74084-b198-45b7-b5c7-71ce1d09336e.wav,D:\Projects\My projects\IAAA_Compet\Speaker-identification\data\processed\audio_wav\47f74084-b198-45b7-b5c7-71ce1d09336e.wav,"=HYPERLINK(""D:\Projects\My projects\IAAA_Compet\Speaker-identification\data\processed\audio_wav\47f74084-b198-45b7-b5c7-71ce1d09336e.wav"",""47f74084-b198-45b7-b5c7-71ce1d09336e.wav"")",67.33,unknown,0,unknown,,0,unknown,0.9996,OK,1,True,True,0,unknown,1.0,OK,1,True,True,False,ok,
485a5937-accd-4855-940a-d4f8d7eeb0ea.wav,D:\Projects\My projects\IAAA_Compet\Speaker-identification\data\processed\audio_wav\485a5937-accd-4855-940a-d4f8d7eeb0ea.wav,"=HYPERLINK(""D:\Projects\My projects\IAAA_Compet\Speaker-identification\data\processed\audio_wav\485a5937-accd-4855-940a-d4f8d7eeb0ea.wav"",""485a5937-accd-4855-940a-d4f8d7eeb0ea.wav"")",66.56,known,54,198f615b-4c8f-4043-ae9c-1de531d4ce4a,5,54,198f615b-4c8f-4043-ae9c-1de531d4ce4a,0.9742,OK,1,True,True,54,198f615b-4c8f-4043-ae9c-1de531d4ce4a,0.9971,OK,1,True,True,False,ok,
486cd3d3-c138-4e3d-8983-46cc42732836.wav,D:\Projects\My projects\IAAA_Compet\Speaker-identification\data\processed\audio_wav\486cd3d3-c138-4e3d-8983-46cc42732836.wav,"=HYPERLINK(""D:\Projects\My projects\IAAA_Compet\Speaker-identification\data\processed\audio_wav\486cd3d3-c138-4e3d-8983-46cc42732836.wav"",""486cd3d3-c138-4e3d-8983-46cc42732836.wav"")",7.08,known,194,6bdb2612-1c3e-42a7-b3cd-099cc6f007c0,5,194,6bdb2612-1c3e-42a7-b3cd-099cc6f007c0,0.984,OK,1,True,True,194,6bdb2612-1c3e-42a7-b3cd-099cc6f007c0,0.9904,OK,1,True,True,False,ok,
4939002d-a28c-4bf2-b35a-c8724d143f08.wav,D:\Projects\My projects\IAAA_Compet\Speaker-identification\data\processed\audio_wav\4939002d-a28c-4bf2-b35a-c8724d143f08.wav,"=HYPERLINK(""D:\Projects\My projects\IAAA_Compet\Speaker-identification\data\processed\audio_wav\4939002d-a28c-4bf2-b35a-c8724d143f08.wav"",""4939002d-a28c-4bf2-b35a-c8724d143f08.wav"")",26.2,unknown,0,unknown,,0,unknown,0.9898,OK,1,True,True,0,unknown,1.0,OK,1,True,True,False,ok,
493f405d-404a-47cb-983b-13d89a77a26e.wav,D:\Projects\My projects\IAAA_Compet\Speaker-identification\data\processed\audio_wav\493f405d-404a-47cb-983b-13d89a77a26e.wav,"=HYPERLINK(""D:\Projects\My projects\IAAA_Compet\Speaker-identification\data\processed\audio_wav\493f405d-404a-47cb-983b-13d89a77a26e.wav"",""493f405d-404a-47cb-983b-13d89a77a26e.wav"")",68.86,unknown,0,unknown,,0,unknown,0.6234,OK,1,True,True,0,unknown,1.0,OK,1,True,True,False,ok,
494ed643-c22f-41ee-aabc-746c7c63d7a0.wav,D:\Projects\My projects\IAAA_Compet\Speaker-identification\data\processed\audio_wav\494ed643-c22f-41ee-aabc-746c7c63d7a0.wav,"=HYPERLINK(""D:\Projects\My projects\IAAA_Compet\Speaker-identification\data\processed\audio_wav\494ed643-c22f-41ee-aabc-746c7c63d7a0.wav"",""494ed643-c22f-41ee-aabc-746c7c63d7a0.wav"")",49.41,unknown,0,unknown,,0,unknown,0.9683,OK,1,True,True,0,unknown,0.9949,OK,1,True,True,False,ok,
49efa1b6-12a8-4cd1-89d6-4e8e8485a117.wav,D:\Projects\My projects\IAAA_Compet\Speaker-identification\data\processed\audio_wav\49efa1b6-12a8-4cd1-89d6-4e8e8485a117.wav,"=HYPERLINK(""D:\Projects\My projects\IAAA_Compet\Speaker-identification\data\processed\audio_wav\49efa1b6-12a8-4cd1-89d6-4e8e8485a117.wav"",""49efa1b6-12a8-4cd1-89d6-4e8e8485a117.wav"")",64.6,known,11,05368a3c-6da9-4709-82f7-578ae3ebfede,5,11,05368a3c-6da9-4709-82f7-578ae3ebfede,0.9997,OK,1,True,True,11,05368a3c-6da9-4709-82f7-578ae3ebfede,0.9903,OK,1,True,True,False,ok,
4a574216-6d7f-47b6-87e8-56896fd99850.wav,D:\Projects\My projects\IAAA_Compet\Speaker-identification\data\processed\audio_wav\4a574216-6d7f-47b6-87e8-56896fd99850.wav,"=HYPERLINK(""D:\Projects\My projects\IAAA_Compet\Speaker-identification\data\processed\audio_wav\4a574216-6d7f-47b6-87e8-56896fd99850.wav"",""4a574216-6d7f-47b6-87e8-56896fd99850.wav"")",77.57,known,428,f45cf52f-1ea6-4a32-9894-914135f6e851,5,428,f45cf52f-1ea6-4a32-9894-914135f6e851,0.9699,OK,1,True,True,428,f45cf52f-1ea6-4a32-9894-914135f6e851,0.9888,OK,1,True,True,False,ok,
4a9fb2e9-1c02-48f8-912a-a8a9b0f081a9.wav,D:\Projects\My projects\IAAA_Compet\Speaker-identification\data\processed\audio_wav\4a9fb2e9-1c02-48f8-912a-a8a9b0f081a9.wav,"=HYPERLINK(""D:\Projects\My projects\IAAA_Compet\Speaker-identification\data\processed\audio_wav\4a9fb2e9-1c02-48f8-912a-a8a9b0f081a9.wav"",""4a9fb2e9-1c02-48f8-912a-a8a9b0f081a9.wav"")",55.55,unknown,0,unknown,,0,unknown,0.7871,OK,1,True,True,0,unknown,0.9999,OK,1,True,True,False,ok,
4aa136c6-72a8-49c8-b2ad-aa6f50ee2c0e.wav,D:\Projects\My projects\IAAA_Compet\Speaker-identification\data\processed\audio_wav\4aa136c6-72a8-49c8-b2ad-aa6f50ee2c0e.wav,"=HYPERLINK(""D:\Projects\My projects\IAAA_Compet\Speaker-identification\data\processed\audio_wav\4aa136c6-72a8-49c8-b2ad-aa6f50ee2c0e.wav"",""4aa136c6-72a8-49c8-b2ad-aa6f50ee2c0e.wav"")",67.75,unknown,0,unknown,,0,unknown,0.6494,OK,1,True,True,0,unknown,1.0,OK,1,True,True,False,ok,
4af33d1f-f480-46a9-af45-64d19807da39.wav,D:\Projects\My projects\IAAA_Compet\Speaker-identification\data\processed\audio_wav\4af33d1f-f480-46a9-af45-64d19807da39.wav,"=HYPERLINK(""D:\Projects\My projects\IAAA_Compet\Speaker-identification\data\processed\audio_wav\4af33d1f-f480-46a9-af45-64d19807da39.wav"",""4af33d1f-f480-46a9-af45-64d19807da39.wav"")",52.65,unknown,0,unknown,,0,unknown,0.7965,OK,1,True,True,0,unknown,1.0,OK,1,True,True,False,ok,
4b2714d7-e8b0-4dbf-80b2-858345bab4df.wav,D:\Projects\My projects\IAAA_Compet\Speaker-identification\data\processed\audio_wav\4b2714d7-e8b0-4dbf-80b2-858345bab4df.wav,"=HYPERLINK(""D:\Projects\My projects\IAAA_Compet\Speaker-identification\data\processed\audio_wav\4b2714d7-e8b0-4dbf-80b2-858345bab4df.wav"",""4b2714d7-e8b0-4dbf-80b2-858345bab4df.wav"")",45.91,unknown,0,unknown,,0,unknown,0.9339,OK,1,True,True,0,unknown,1.0,OK,1,True,True,False,ok,
4b67c9f5-443c-4243-9b2c-b30d90bbca6f.wav,D:\Projects\My projects\IAAA_Compet\Speaker-identification\data\processed\audio_wav\4b67c9f5-443c-4243-9b2c-b30d90bbca6f.wav,"=HYPERLINK(""D:\Projects\My projects\IAAA_Compet\Speaker-identification\data\processed\audio_wav\4b67c9f5-443c-4243-9b2c-b30d90bbca6f.wav"",""4b67c9f5-443c-4243-9b2c-b30d90bbca6f.wav"")",87.3,unknown,0,unknown,,0,unknown,0.9981,OK,1,True,True,0,unknown,1.0,OK,1,True,True,False,ok,
4c49b6a7-5e30-4afd-9ec3-55c833a152d2.wav,D:\Projects\My projects\IAAA_Compet\Speaker-identification\data\processed\audio_wav\4c49b6a7-5e30-4afd-9ec3-55c833a152d2.wav,"=HYPERLINK(""D:\Projects\My projects\IAAA_Compet\Speaker-identification\data\processed\audio_wav\4c49b6a7-5e30-4afd-9ec3-55c833a152d2.wav"",""4c49b6a7-5e30-4afd-9ec3-55c833a152d2.wav"")",49.92,unknown,0,unknown,,0,unknown,0.9816,OK,1,True,True,0,unknown,0.9986,OK,1,True,True,False,ok,
4c5775d3-78c9-4da4-a4dd-b1f6d7583dcb.wav,D:\Projects\My projects\IAAA_Compet\Speaker-identification\data\processed\audio_wav\4c5775d3-78c9-4da4-a4dd-b1f6d7583dcb.wav,"=HYPERLINK(""D:\Projects\My projects\IAAA_Compet\Speaker-identification\data\processed\audio_wav\4c5775d3-78c9-4da4-a4dd-b1f6d7583dcb.wav"",""4c5775d3-78c9-4da4-a4dd-b1f6d7583dcb.wav"")",61.18,known,262,8e655a2e-5794-4a9e-9419-a8e6607ea7df,5,262,8e655a2e-5794-4a9e-9419-a8e6607ea7df,0.8332,OK,1,True,True,262,8e655a2e-5794-4a9e-9419-a8e6607ea7df,0.9937,OK,1,True,True,False,ok,
4d1e35ea-b471-4bde-87fa-14ee8e038d67.wav,D:\Projects\My projects\IAAA_Compet\Speaker-identification\data\processed\audio_wav\4d1e35ea-b471-4bde-87fa-14ee8e038d67.wav,"=HYPERLINK(""D:\Projects\My projects\IAAA_Compet\Speaker-identification\data\processed\audio_wav\4d1e35ea-b471-4bde-87fa-14ee8e038d67.wav"",""4d1e35ea-b471-4bde-87fa-14ee8e038d67.wav"")",78.93,unknown,0,unknown,,0,unknown,0.9815,OK,1,True,True,0,unknown,1.0,OK,1,True,True,False,ok,
4d21fc67-85e7-4a87-95bf-0ecd8021edbd.wav,D:\Projects\My projects\IAAA_Compet\Speaker-identification\data\processed\audio_wav\4d21fc67-85e7-4a87-95bf-0ecd8021edbd.wav,"=HYPERLINK(""D:\Projects\My projects\IAAA_Compet\Speaker-identification\data\processed\audio_wav\4d21fc67-85e7-4a87-95bf-0ecd8021edbd.wav"",""4d21fc67-85e7-4a87-95bf-0ecd8021edbd.wav"")",59.65,known,236,83bad2d5-4b7f-4353-b930-c21eaafc4a18,5,236,83bad2d5-4b7f-4353-b930-c21eaafc4a18,0.9381,OK,1,True,True,236,83bad2d5-4b7f-4353-b930-c21eaafc4a18,0.9746,OK,1,True,True,False,ok,
4d260280-6dc5-4313-b3a1-0fff744f74b0.wav,D:\Projects\My projects\IAAA_Compet\Speaker-identification\data\processed\audio_wav\4d260280-6dc5-4313-b3a1-0fff744f74b0.wav,"=HYPERLINK(""D:\Projects\My projects\IAAA_Compet\Speaker-identification\data\processed\audio_wav\4d260280-6dc5-4313-b3a1-0fff744f74b0.wav"",""4d260280-6dc5-4313-b3a1-0fff744f74b0.wav"")",62.29,known,305,aae291cf-3c0e-43d2-906a-874b58757e44,5,305,aae291cf-3c0e-43d2-906a-874b58757e44,0.9984,OK,1,True,True,305,aae291cf-3c0e-43d2-906a-874b58757e44,0.9924,OK,1,True,True,False,ok,
4d395467-2ed2-4021-ac9a-756705483f6d.wav,D:\Projects\My projects\IAAA_Compet\Speaker-identification\data\processed\audio_wav\4d395467-2ed2-4021-ac9a-756705483f6d.wav,"=HYPERLINK(""D:\Projects\My projects\IAAA_Compet\Speaker-identification\data\processed\audio_wav\4d395467-2ed2-4021-ac9a-756705483f6d.wav"",""4d395467-2ed2-4021-ac9a-756705483f6d.wav"")",77.57,known,183,655db7fc-65e7-4526-b639-94e3e50a5152,5,183,655db7fc-65e7-4526-b639-94e3e50a5152,0.8445,OK,1,True,True,183,655db7fc-65e7-4526-b639-94e3e50a5152,0.9671,OK,1,True,True,False,ok,
4d3b22a6-9992-4328-9c0e-a386614b61ef.wav,D:\Projects\My projects\IAAA_Compet\Speaker-identification\data\processed\audio_wav\4d3b22a6-9992-4328-9c0e-a386614b61ef.wav,"=HYPERLINK(""D:\Projects\My projects\IAAA_Compet\Speaker-identification\data\processed\audio_wav\4d3b22a6-9992-4328-9c0e-a386614b61ef.wav"",""4d3b22a6-9992-4328-9c0e-a386614b61ef.wav"")",70.14,known,303,aabff36a-627d-44c8-ae61-25956c00d8dd,5,303,aabff36a-627d-44c8-ae61-25956c00d8dd,0.9811,OK,1,True,True,303,aabff36a-627d-44c8-ae61-25956c00d8dd,0.952,OK,1,True,True,False,ok,
4d4c4f74-e470-4a52-bb44-673d3b276da1.wav,D:\Projects\My projects\IAAA_Compet\Speaker-identification\data\processed\audio_wav\4d4c4f74-e470-4a52-bb44-673d3b276da1.wav,"=HYPERLINK(""D:\Projects\My projects\IAAA_Compet\Speaker-identification\data\processed\audio_wav\4d4c4f74-e470-4a52-bb44-673d3b276da1.wav"",""4d4c4f74-e470-4a52-bb44-673d3b276da1.wav"")",61.1,known,323,ba16fa68-01dc-4f36-968f-930daa4968a4,5,323,ba16fa68-01dc-4f36-968f-930daa4968a4,0.9105,OK,1,True,True,323,ba16fa68-01dc-4f36-968f-930daa4968a4,0.9949,OK,1,True,True,False,ok,
4df99cd8-d790-4105-b3c9-3942b2b2ebde.wav,D:\Projects\My projects\IAAA_Compet\Speaker-identification\data\processed\audio_wav\4df99cd8-d790-4105-b3c9-3942b2b2ebde.wav,"=HYPERLINK(""D:\Projects\My projects\IAAA_Compet\Speaker-identification\data\processed\audio_wav\4df99cd8-d790-4105-b3c9-3942b2b2ebde.wav"",""4df99cd8-d790-4105-b3c9-3942b2b2ebde.wav"")",43.01,known,123,405e93f9-2f36-4c87-817d-227f3f5f7415,5,123,405e93f9-2f36-4c87-817d-227f3f5f7415,0.9998,OK,1,True,True,123,405e93f9-2f36-4c87-817d-227f3f5f7415,0.7717,OK,1,True,True,False,ok,
4e3d11b4-eb98-4d2b-908c-bb154d0c98de.wav,D:\Projects\My projects\IAAA_Compet\Speaker-identification\data\processed\audio_wav\4e3d11b4-eb98-4d2b-908c-bb154d0c98de.wav,"=HYPERLINK(""D:\Projects\My projects\IAAA_Compet\Speaker-identification\data\processed\audio_wav\4e3d11b4-eb98-4d2b-908c-bb154d0c98de.wav"",""4e3d11b4-eb98-4d2b-908c-bb154d0c98de.wav"")",74.07,known,295,a5755ee0-0da7-4cdd-b209-b8bc10cfde58,5,295,a5755ee0-0da7-4cdd-b209-b8bc10cfde58,0.9314,OK,1,True,True,295,a5755ee0-0da7-4cdd-b209-b8bc10cfde58,0.9948,OK,1,True,True,False,ok,
4e5d9957-2cad-474e-af21-c97658bce159.wav,D:\Projects\My projects\IAAA_Compet\Speaker-identification\data\processed\audio_wav\4e5d9957-2cad-474e-af21-c97658bce159.wav,"=HYPERLINK(""D:\Projects\My projects\IAAA_Compet\Speaker-identification\data\processed\audio_wav\4e5d9957-2cad-474e-af21-c97658bce159.wav"",""4e5d9957-2cad-474e-af21-c97658bce159.wav"")",48.81,unknown,0,unknown,,0,unknown,0.8947,OK,1,True,True,0,unknown,1.0,OK,1,True,True,False,ok,
4e67e553-271e-4ac7-bd88-dcd5513528ba.wav,D:\Projects\My projects\IAAA_Compet\Speaker-identification\data\processed\audio_wav\4e67e553-271e-4ac7-bd88-dcd5513528ba.wav,"=HYPERLINK(""D:\Projects\My projects\IAAA_Compet\Speaker-identification\data\processed\audio_wav\4e67e553-271e-4ac7-bd88-dcd5513528ba.wav"",""4e67e553-271e-4ac7-bd88-dcd5513528ba.wav"")",113.32,unknown,0,unknown,,0,unknown,0.9916,OK,1,True,True,0,unknown,1.0,OK,1,True,True,False,ok,
4e6a0575-fd7d-43ae-963e-1078c612b119.wav,D:\Projects\My projects\IAAA_Compet\Speaker-identification\data\processed\audio_wav\4e6a0575-fd7d-43ae-963e-1078c612b119.wav,"=HYPERLINK(""D:\Projects\My projects\IAAA_Compet\Speaker-identification\data\processed\audio_wav\4e6a0575-fd7d-43ae-963e-1078c612b119.wav"",""4e6a0575-fd7d-43ae-963e-1078c612b119.wav"")",61.35,unknown,0,unknown,,0,unknown,0.9956,OK,1,True,True,0,unknown,0.999,OK,1,True,True,False,ok,
4ecc7e7a-4952-4286-886f-5c612d127761.wav,D:\Projects\My projects\IAAA_Compet\Speaker-identification\data\processed\audio_wav\4ecc7e7a-4952-4286-886f-5c612d127761.wav,"=HYPERLINK(""D:\Projects\My projects\IAAA_Compet\Speaker-identification\data\processed\audio_wav\4ecc7e7a-4952-4286-886f-5c612d127761.wav"",""4ecc7e7a-4952-4286-886f-5c612d127761.wav"")",64.51,known,338,c14dd35b-4ebe-41e3-8132-d4a17f7a3efb,5,338,c14dd35b-4ebe-41e3-8132-d4a17f7a3efb,0.988,OK,1,True,True,338,c14dd35b-4ebe-41e3-8132-d4a17f7a3efb,0.9993,OK,1,True,True,False,ok,
4ed4185a-1375-4c6b-8a1a-b27c6252aebb.wav,D:\Projects\My projects\IAAA_Compet\Speaker-identification\data\processed\audio_wav\4ed4185a-1375-4c6b-8a1a-b27c6252aebb.wav,"=HYPERLINK(""D:\Projects\My projects\IAAA_Compet\Speaker-identification\data\processed\audio_wav\4ed4185a-1375-4c6b-8a1a-b27c6252aebb.wav"",""4ed4185a-1375-4c6b-8a1a-b27c6252aebb.wav"")",45.99,unknown,0,unknown,,0,unknown,0.6699,OK,1,True,True,0,unknown,1.0,OK,1,True,True,False,ok,
4ee9b6d2-15f9-4c2f-8d55-ec3f9df83dfa.wav,D:\Projects\My projects\IAAA_Compet\Speaker-identification\data\processed\audio_wav\4ee9b6d2-15f9-4c2f-8d55-ec3f9df83dfa.wav,"=HYPERLINK(""D:\Projects\My projects\IAAA_Compet\Speaker-identification\data\processed\audio_wav\4ee9b6d2-15f9-4c2f-8d55-ec3f9df83dfa.wav"",""4ee9b6d2-15f9-4c2f-8d55-ec3f9df83dfa.wav"")",56.92,unknown,0,unknown,,0,unknown,0.9965,OK,1,True,True,0,unknown,1.0,OK,1,True,True,False,ok,
4f00b338-9bde-4bee-97ec-91979d84cfa0.wav,D:\Projects\My projects\IAAA_Compet\Speaker-identification\data\processed\audio_wav\4f00b338-9bde-4bee-97ec-91979d84cfa0.wav,"=HYPERLINK(""D:\Projects\My projects\IAAA_Compet\Speaker-identification\data\processed\audio_wav\4f00b338-9bde-4bee-97ec-91979d84cfa0.wav"",""4f00b338-9bde-4bee-97ec-91979d84cfa0.wav"")",80.04,known,417,eda2333c-3a7d-4a5e-aed7-60f0d7566bca,5,417,eda2333c-3a7d-4a5e-aed7-60f0d7566bca,0.9996,OK,1,True,True,417,eda2333c-3a7d-4a5e-aed7-60f0d7566bca,0.9992,OK,1,True,True,False,ok,
4f4d2d35-02c5-4820-8a6a-91713079c3b2.wav,D:\Projects\My projects\IAAA_Compet\Speaker-identification\data\processed\audio_wav\4f4d2d35-02c5-4820-8a6a-91713079c3b2.wav,"=HYPERLINK(""D:\Projects\My projects\IAAA_Compet\Speaker-identification\data\processed\audio_wav\4f4d2d35-02c5-4820-8a6a-91713079c3b2.wav"",""4f4d2d35-02c5-4820-8a6a-91713079c3b2.wav"")",76.03,known,235,83ba1c96-db5c-44ec-b3be-f31cd3986121,5,235,83ba1c96-db5c-44ec-b3be-f31cd3986121,0.9996,OK,1,True,True,235,83ba1c96-db5c-44ec-b3be-f31cd3986121,0.9905,OK,1,True,True,False,ok,
4ff59d16-3870-4957-b845-82dad31ea6df.wav,D:\Projects\My projects\IAAA_Compet\Speaker-identification\data\processed\audio_wav\4ff59d16-3870-4957-b845-82dad31ea6df.wav,"=HYPERLINK(""D:\Projects\My projects\IAAA_Compet\Speaker-identification\data\processed\audio_wav\4ff59d16-3870-4957-b845-82dad31ea6df.wav"",""4ff59d16-3870-4957-b845-82dad31ea6df.wav"")",61.78,known,104,33049d46-1b77-4c5d-97f8-f5e0754cc6c3,5,104,33049d46-1b77-4c5d-97f8-f5e0754cc6c3,0.941,OK,1,True,True,104,33049d46-1b77-4c5d-97f8-f5e0754cc6c3,0.9785,OK,1,True,True,False,ok,
501a2eeb-fbb3-44ee-8ec3-c05eccd766c2.wav,D:\Projects\My projects\IAAA_Compet\Speaker-identification\data\processed\audio_wav\501a2eeb-fbb3-44ee-8ec3-c05eccd766c2.wav,"=HYPERLINK(""D:\Projects\My projects\IAAA_Compet\Speaker-identification\data\processed\audio_wav\501a2eeb-fbb3-44ee-8ec3-c05eccd766c2.wav"",""501a2eeb-fbb3-44ee-8ec3-c05eccd766c2.wav"")",75.26,known,163,58c6af06-ed56-4582-b4c4-de68353809f0,5,163,58c6af06-ed56-4582-b4c4-de68353809f0,0.9997,OK,1,True,True,163,58c6af06-ed56-4582-b4c4-de68353809f0,0.995,OK,1,True,True,False,ok,
50456b04-b1b1-46c7-8ac2-2dd74a39bf98.wav,D:\Projects\My projects\IAAA_Compet\Speaker-identification\data\processed\audio_wav\50456b04-b1b1-46c7-8ac2-2dd74a39bf98.wav,"=HYPERLINK(""D:\Projects\My projects\IAAA_Compet\Speaker-identification\data\processed\audio_wav\50456b04-b1b1-46c7-8ac2-2dd74a39bf98.wav"",""50456b04-b1b1-46c7-8ac2-2dd74a39bf98.wav"")",66.22,known,244,86c4cb1a-e66c-41b4-a08c-cf1cdf62aae0,5,244,86c4cb1a-e66c-41b4-a08c-cf1cdf62aae0,0.9081,OK,1,True,True,244,86c4cb1a-e66c-41b4-a08c-cf1cdf62aae0,0.9842,OK,1,True,True,False,ok,
505ed064-5e23-4a43-ad96-d70c17776266.wav,D:\Projects\My projects\IAAA_Compet\Speaker-identification\data\processed\audio_wav\505ed064-5e23-4a43-ad96-d70c17776266.wav,"=HYPERLINK(""D:\Projects\My projects\IAAA_Compet\Speaker-identification\data\processed\audio_wav\505ed064-5e23-4a43-ad96-d70c17776266.wav"",""505ed064-5e23-4a43-ad96-d70c17776266.wav"")",53.5,known,80,2733d84d-6564-495a-8b15-f97433e8d6a9,5,80,2733d84d-6564-495a-8b15-f97433e8d6a9,0.9973,OK,1,True,True,80,2733d84d-6564-495a-8b15-f97433e8d6a9,0.9749,OK,1,True,True,False,ok,
50642103-b6a9-45f7-a3fb-6d9e261d64c4.wav,D:\Projects\My projects\IAAA_Compet\Speaker-identification\data\processed\audio_wav\50642103-b6a9-45f7-a3fb-6d9e261d64c4.wav,"=HYPERLINK(""D:\Projects\My projects\IAAA_Compet\Speaker-identification\data\processed\audio_wav\50642103-b6a9-45f7-a3fb-6d9e261d64c4.wav"",""50642103-b6a9-45f7-a3fb-6d9e261d64c4.wav"")",59.31,known,44,16af99d0-3c66-47ce-b69d-d4be382d8b35,5,44,16af99d0-3c66-47ce-b69d-d4be382d8b35,0.9997,OK,1,True,True,44,16af99d0-3c66-47ce-b69d-d4be382d8b35,0.9982,OK,1,True,True,False,ok,
5082496f-8368-49c8-aae1-6b12506dbbbb.wav,D:\Projects\My projects\IAAA_Compet\Speaker-identification\data\processed\audio_wav\5082496f-8368-49c8-aae1-6b12506dbbbb.wav,"=HYPERLINK(""D:\Projects\My projects\IAAA_Compet\Speaker-identification\data\processed\audio_wav\5082496f-8368-49c8-aae1-6b12506dbbbb.wav"",""5082496f-8368-49c8-aae1-6b12506dbbbb.wav"")",67.67,unknown,0,unknown,,0,unknown,0.9845,OK,1,True,True,0,unknown,1.0,OK,1,True,True,False,ok,
50d0db46-ec1c-45df-9b23-29cedb7b895d.wav,D:\Projects\My projects\IAAA_Compet\Speaker-identification\data\processed\audio_wav\50d0db46-ec1c-45df-9b23-29cedb7b895d.wav,"=HYPERLINK(""D:\Projects\My projects\IAAA_Compet\Speaker-identification\data\processed\audio_wav\50d0db46-ec1c-45df-9b23-29cedb7b895d.wav"",""50d0db46-ec1c-45df-9b23-29cedb7b895d.wav"")",68.18,unknown,0,unknown,,0,unknown,0.9992,OK,1,True,True,0,unknown,0.9996,OK,1,True,True,False,ok,
50d5b4ef-04db-4dd8-a047-3efcc4ed58a8.wav,D:\Projects\My projects\IAAA_Compet\Speaker-identification\data\processed\audio_wav\50d5b4ef-04db-4dd8-a047-3efcc4ed58a8.wav,"=HYPERLINK(""D:\Projects\My projects\IAAA_Compet\Speaker-identification\data\processed\audio_wav\50d5b4ef-04db-4dd8-a047-3efcc4ed58a8.wav"",""50d5b4ef-04db-4dd8-a047-3efcc4ed58a8.wav"")",24.75,unknown,0,unknown,,0,unknown,0.9899,OK,1,True,True,0,unknown,1.0,OK,1,True,True,False,ok,
5145d782-491c-42be-93f4-a8247a9f49f8.wav,D:\Projects\My projects\IAAA_Compet\Speaker-identification\data\processed\audio_wav\5145d782-491c-42be-93f4-a8247a9f49f8.wav,"=HYPERLINK(""D:\Projects\My projects\IAAA_Compet\Speaker-identification\data\processed\audio_wav\5145d782-491c-42be-93f4-a8247a9f49f8.wav"",""5145d782-491c-42be-93f4-a8247a9f49f8.wav"")",48.81,known,385,d814d1b0-0e6e-4d9f-921c-d03cad7d74e8,5,385,d814d1b0-0e6e-4d9f-921c-d03cad7d74e8,0.9969,OK,1,True,True,385,d814d1b0-0e6e-4d9f-921c-d03cad7d74e8,0.9585,OK,1,True,True,False,ok,
52b2d419-3c60-4d29-bcc0-2b611d319cc6.wav,D:\Projects\My projects\IAAA_Compet\Speaker-identification\data\processed\audio_wav\52b2d419-3c60-4d29-bcc0-2b611d319cc6.wav,"=HYPERLINK(""D:\Projects\My projects\IAAA_Compet\Speaker-identification\data\processed\audio_wav\52b2d419-3c60-4d29-bcc0-2b611d319cc6.wav"",""52b2d419-3c60-4d29-bcc0-2b611d319cc6.wav"")",71.59,unknown,0,unknown,,0,unknown,0.9553,OK,1,True,True,0,unknown,0.9998,OK,1,True,True,False,ok,
52cb1fc0-6c75-4d5e-a526-80cc17a748f3.wav,D:\Projects\My projects\IAAA_Compet\Speaker-identification\data\processed\audio_wav\52cb1fc0-6c75-4d5e-a526-80cc17a748f3.wav,"=HYPERLINK(""D:\Projects\My projects\IAAA_Compet\Speaker-identification\data\processed\audio_wav\52cb1fc0-6c75-4d5e-a526-80cc17a748f3.wav"",""52cb1fc0-6c75-4d5e-a526-80cc17a748f3.wav"")",55.3,known,273,98710d3f-21e2-42b7-bc7b-0f50763213ad,5,273,98710d3f-21e2-42b7-bc7b-0f50763213ad,0.9959,OK,1,True,True,273,98710d3f-21e2-42b7-bc7b-0f50763213ad,0.9938,OK,1,True,True,False,ok,
530b5ba2-da61-42dd-8b9b-e7c6bca58502.wav,D:\Projects\My projects\IAAA_Compet\Speaker-identification\data\processed\audio_wav\530b5ba2-da61-42dd-8b9b-e7c6bca58502.wav,"=HYPERLINK(""D:\Projects\My projects\IAAA_Compet\Speaker-identification\data\processed\audio_wav\530b5ba2-da61-42dd-8b9b-e7c6bca58502.wav"",""530b5ba2-da61-42dd-8b9b-e7c6bca58502.wav"")",68.69,unknown,0,unknown,,0,unknown,0.9988,OK,1,True,True,0,unknown,1.0,OK,1,True,True,False,ok,
5314aa93-66b9-4643-85fe-fe12cd0ab26f.wav,D:\Projects\My projects\IAAA_Compet\Speaker-identification\data\processed\audio_wav\5314aa93-66b9-4643-85fe-fe12cd0ab26f.wav,"=HYPERLINK(""D:\Projects\My projects\IAAA_Compet\Speaker-identification\data\processed\audio_wav\5314aa93-66b9-4643-85fe-fe12cd0ab26f.wav"",""5314aa93-66b9-4643-85fe-fe12cd0ab26f.wav"")",48.21,unknown,0,unknown,,0,unknown,0.9643,OK,1,True,True,0,unknown,1.0,OK,1,True,True,False,ok,
5341bff3-eff0-43ef-9438-3e225a4e2603.wav,D:\Projects\My projects\IAAA_Compet\Speaker-identification\data\processed\audio_wav\5341bff3-eff0-43ef-9438-3e225a4e2603.wav,"=HYPERLINK(""D:\Projects\My projects\IAAA_Compet\Speaker-identification\data\processed\audio_wav\5341bff3-eff0-43ef-9438-3e225a4e2603.wav"",""5341bff3-eff0-43ef-9438-3e225a4e2603.wav"")",51.71,unknown,0,unknown,,0,unknown,0.9993,OK,1,True,True,0,unknown,1.0,OK,1,True,True,False,ok,
53c00676-1adb-438f-962e-d3191ae0c35b.wav,D:\Projects\My projects\IAAA_Compet\Speaker-identification\data\processed\audio_wav\53c00676-1adb-438f-962e-d3191ae0c35b.wav,"=HYPERLINK(""D:\Projects\My projects\IAAA_Compet\Speaker-identification\data\processed\audio_wav\53c00676-1adb-438f-962e-d3191ae0c35b.wav"",""53c00676-1adb-438f-962e-d3191ae0c35b.wav"")",66.3,known,82,29c47a7a-49c0-416d-9e29-b70a048de507,5,82,29c47a7a-49c0-416d-9e29-b70a048de507,0.9945,OK,1,True,True,82,29c47a7a-49c0-416d-9e29-b70a048de507,0.9935,OK,1,True,True,False,ok,
53fc61d8-0485-40e7-b271-a204999ec27a.wav,D:\Projects\My projects\IAAA_Compet\Speaker-identification\data\processed\audio_wav\53fc61d8-0485-40e7-b271-a204999ec27a.wav,"=HYPERLINK(""D:\Projects\My projects\IAAA_Compet\Speaker-identification\data\processed\audio_wav\53fc61d8-0485-40e7-b271-a204999ec27a.wav"",""53fc61d8-0485-40e7-b271-a204999ec27a.wav"")",51.97,unknown,0,unknown,,0,unknown,0.9981,OK,1,True,True,0,unknown,1.0,OK,1,True,True,False,ok,
53ffec5d-9394-4747-b589-225bb0ae5a1a.wav,D:\Projects\My projects\IAAA_Compet\Speaker-identification\data\processed\audio_wav\53ffec5d-9394-4747-b589-225bb0ae5a1a.wav,"=HYPERLINK(""D:\Projects\My projects\IAAA_Compet\Speaker-identification\data\processed\audio_wav\53ffec5d-9394-4747-b589-225bb0ae5a1a.wav"",""53ffec5d-9394-4747-b589-225bb0ae5a1a.wav"")",64.51,known,25,0cfcd3f4-1e95-4f65-be7d-2f3139e2ccb0,5,25,0cfcd3f4-1e95-4f65-be7d-2f3139e2ccb0,0.9731,OK,1,True,True,25,0cfcd3f4-1e95-4f65-be7d-2f3139e2ccb0,0.9991,OK,1,True,True,False,ok,
54afe091-09ae-4732-b718-4178c2b5ec78.wav,D:\Projects\My projects\IAAA_Compet\Speaker-identification\data\processed\audio_wav\54afe091-09ae-4732-b718-4178c2b5ec78.wav,"=HYPERLINK(""D:\Projects\My projects\IAAA_Compet\Speaker-identification\data\processed\audio_wav\54afe091-09ae-4732-b718-4178c2b5ec78.wav"",""54afe091-09ae-4732-b718-4178c2b5ec78.wav"")",85.08,unknown,0,unknown,,0,unknown,0.9975,OK,1,True,True,0,unknown,1.0,OK,1,True,True,False,ok,
54da0b97-ec78-44f5-b708-c4034511c30a.wav,D:\Projects\My projects\IAAA_Compet\Speaker-identification\data\processed\audio_wav\54da0b97-ec78-44f5-b708-c4034511c30a.wav,"=HYPERLINK(""D:\Projects\My projects\IAAA_Compet\Speaker-identification\data\processed\audio_wav\54da0b97-ec78-44f5-b708-c4034511c30a.wav"",""54da0b97-ec78-44f5-b708-c4034511c30a.wav"")",66.99,unknown,0,unknown,,0,unknown,0.8827,OK,1,True,True,0,unknown,0.9979,OK,1,True,True,False,ok,
56aea0da-8924-42c8-89a7-c06d461767a7.wav,D:\Projects\My projects\IAAA_Compet\Speaker-identification\data\processed\audio_wav\56aea0da-8924-42c8-89a7-c06d461767a7.wav,"=HYPERLINK(""D:\Projects\My projects\IAAA_Compet\Speaker-identification\data\processed\audio_wav\56aea0da-8924-42c8-89a7-c06d461767a7.wav"",""56aea0da-8924-42c8-89a7-c06d461767a7.wav"")",55.13,known,287,a0f5845b-6992-43ee-b2f5-dab225ac4916,6,287,a0f5845b-6992-43ee-b2f5-dab225ac4916,0.9884,OK,1,True,True,287,a0f5845b-6992-43ee-b2f5-dab225ac4916,0.9919,OK,1,True,True,False,ok,
56d306d2-d574-494d-b2a2-05fdf8b864d7.wav,D:\Projects\My projects\IAAA_Compet\Speaker-identification\data\processed\audio_wav\56d306d2-d574-494d-b2a2-05fdf8b864d7.wav,"=HYPERLINK(""D:\Projects\My projects\IAAA_Compet\Speaker-identification\data\processed\audio_wav\56d306d2-d574-494d-b2a2-05fdf8b864d7.wav"",""56d306d2-d574-494d-b2a2-05fdf8b864d7.wav"")",54.61,known,128,43ac44d0-2733-42e8-9875-e37dc479a434,5,128,43ac44d0-2733-42e8-9875-e37dc479a434,0.9812,OK,1,True,True,128,43ac44d0-2733-42e8-9875-e37dc479a434,0.9995,OK,1,True,True,False,ok,
56ed19b7-0aa8-4368-8feb-d84ccbf10553.wav,D:\Projects\My projects\IAAA_Compet\Speaker-identification\data\processed\audio_wav\56ed19b7-0aa8-4368-8feb-d84ccbf10553.wav,"=HYPERLINK(""D:\Projects\My projects\IAAA_Compet\Speaker-identification\data\processed\audio_wav\56ed19b7-0aa8-4368-8feb-d84ccbf10553.wav"",""56ed19b7-0aa8-4368-8feb-d84ccbf10553.wav"")",51.11,known,206,737d54e1-348f-45d8-a698-99a74e4ae153,5,206,737d54e1-348f-45d8-a698-99a74e4ae153,0.997,OK,1,True,True,206,737d54e1-348f-45d8-a698-99a74e4ae153,0.9936,OK,1,True,True,False,ok,
570a0dd0-926b-41a7-b9ea-3022babb02e2.wav,D:\Projects\My projects\IAAA_Compet\Speaker-identification\data\processed\audio_wav\570a0dd0-926b-41a7-b9ea-3022babb02e2.wav,"=HYPERLINK(""D:\Projects\My projects\IAAA_Compet\Speaker-identification\data\processed\audio_wav\570a0dd0-926b-41a7-b9ea-3022babb02e2.wav"",""570a0dd0-926b-41a7-b9ea-3022babb02e2.wav"")",87.89,unknown,0,unknown,,0,unknown,0.989,OK,1,True,True,0,unknown,0.9999,OK,1,True,True,False,ok,
570bd694-18cc-4118-90d4-52f66175d95a.wav,D:\Projects\My projects\IAAA_Compet\Speaker-identification\data\processed\audio_wav\570bd694-18cc-4118-90d4-52f66175d95a.wav,"=HYPERLINK(""D:\Projects\My projects\IAAA_Compet\Speaker-identification\data\processed\audio_wav\570bd694-18cc-4118-90d4-52f66175d95a.wav"",""570bd694-18cc-4118-90d4-52f66175d95a.wav"")",65.71,unknown,0,unknown,,0,unknown,0.9256,OK,1,True,True,0,unknown,0.9999,OK,1,True,True,False,ok,
5712b310-a6e9-4d41-a2c5-d35c77820d55.wav,D:\Projects\My projects\IAAA_Compet\Speaker-identification\data\processed\audio_wav\5712b310-a6e9-4d41-a2c5-d35c77820d55.wav,"=HYPERLINK(""D:\Projects\My projects\IAAA_Compet\Speaker-identification\data\processed\audio_wav\5712b310-a6e9-4d41-a2c5-d35c77820d55.wav"",""5712b310-a6e9-4d41-a2c5-d35c77820d55.wav"")",70.91,unknown,0,unknown,,0,unknown,0.9937,OK,1,True,True,0,unknown,1.0,OK,1,True,True,False,ok,
57257da1-0a17-4521-9294-d321264b76af.wav,D:\Projects\My projects\IAAA_Compet\Speaker-identification\data\processed\audio_wav\57257da1-0a17-4521-9294-d321264b76af.wav,"=HYPERLINK(""D:\Projects\My projects\IAAA_Compet\Speaker-identification\data\processed\audio_wav\57257da1-0a17-4521-9294-d321264b76af.wav"",""57257da1-0a17-4521-9294-d321264b76af.wav"")",58.45,unknown,0,unknown,,0,unknown,0.9958,OK,1,True,True,0,unknown,1.0,OK,1,True,True,False,ok,
57d684d8-7fcb-4866-a722-bfed86a635ae.wav,D:\Projects\My projects\IAAA_Compet\Speaker-identification\data\processed\audio_wav\57d684d8-7fcb-4866-a722-bfed86a635ae.wav,"=HYPERLINK(""D:\Projects\My projects\IAAA_Compet\Speaker-identification\data\processed\audio_wav\57d684d8-7fcb-4866-a722-bfed86a635ae.wav"",""57d684d8-7fcb-4866-a722-bfed86a635ae.wav"")",64.6,unknown,0,unknown,,0,unknown,0.4344,OK,1,True,True,0,unknown,1.0,OK,1,True,True,False,ok,
57f37d9c-a9a9-4cb9-a955-3cdf4fdfe85d.wav,D:\Projects\My projects\IAAA_Compet\Speaker-identification\data\processed\audio_wav\57f37d9c-a9a9-4cb9-a955-3cdf4fdfe85d.wav,"=HYPERLINK(""D:\Projects\My projects\IAAA_Compet\Speaker-identification\data\processed\audio_wav\57f37d9c-a9a9-4cb9-a955-3cdf4fdfe85d.wav"",""57f37d9c-a9a9-4cb9-a955-3cdf4fdfe85d.wav"")",80.3,unknown,0,unknown,,0,unknown,0.9945,OK,1,True,True,0,unknown,1.0,OK,1,True,True,False,ok,
58219b40-e8ae-4c1a-90ad-44f8feca96d3.wav,D:\Projects\My projects\IAAA_Compet\Speaker-identification\data\processed\audio_wav\58219b40-e8ae-4c1a-90ad-44f8feca96d3.wav,"=HYPERLINK(""D:\Projects\My projects\IAAA_Compet\Speaker-identification\data\processed\audio_wav\58219b40-e8ae-4c1a-90ad-44f8feca96d3.wav"",""58219b40-e8ae-4c1a-90ad-44f8feca96d3.wav"")",45.14,unknown,0,unknown,,0,unknown,0.8959,OK,1,True,True,0,unknown,1.0,OK,1,True,True,False,ok,
58f41c74-5c36-4539-9fd8-fabb0dd28240.wav,D:\Projects\My projects\IAAA_Compet\Speaker-identification\data\processed\audio_wav\58f41c74-5c36-4539-9fd8-fabb0dd28240.wav,"=HYPERLINK(""D:\Projects\My projects\IAAA_Compet\Speaker-identification\data\processed\audio_wav\58f41c74-5c36-4539-9fd8-fabb0dd28240.wav"",""58f41c74-5c36-4539-9fd8-fabb0dd28240.wav"")",61.1,known,307,ac310f81-5700-4cf9-bc8d-874e4eb9602d,5,307,ac310f81-5700-4cf9-bc8d-874e4eb9602d,0.9933,OK,1,True,True,307,ac310f81-5700-4cf9-bc8d-874e4eb9602d,0.9979,OK,1,True,True,False,ok,
5a6da60c-4160-4b82-95b8-a3896b36326b.wav,D:\Projects\My projects\IAAA_Compet\Speaker-identification\data\processed\audio_wav\5a6da60c-4160-4b82-95b8-a3896b36326b.wav,"=HYPERLINK(""D:\Projects\My projects\IAAA_Compet\Speaker-identification\data\processed\audio_wav\5a6da60c-4160-4b82-95b8-a3896b36326b.wav"",""5a6da60c-4160-4b82-95b8-a3896b36326b.wav"")",60.42,known,256,8bfe5b65-dc87-42e1-812c-93d4f18cf39d,5,256,8bfe5b65-dc87-42e1-812c-93d4f18cf39d,0.9915,OK,1,True,True,256,8bfe5b65-dc87-42e1-812c-93d4f18cf39d,0.9757,OK,1,True,True,False,ok,
5ad34797-0420-4126-937e-88393c6cceb4.wav,D:\Projects\My projects\IAAA_Compet\Speaker-identification\data\processed\audio_wav\5ad34797-0420-4126-937e-88393c6cceb4.wav,"=HYPERLINK(""D:\Projects\My projects\IAAA_Compet\Speaker-identification\data\processed\audio_wav\5ad34797-0420-4126-937e-88393c6cceb4.wav"",""5ad34797-0420-4126-937e-88393c6cceb4.wav"")",54.19,known,120,3d862224-0d56-4b89-ad17-304db6ac8487,5,120,3d862224-0d56-4b89-ad17-304db6ac8487,0.9969,OK,1,True,True,120,3d862224-0d56-4b89-ad17-304db6ac8487,0.9919,OK,1,True,True,False,ok,
5afdae2a-ccd1-4f12-ae1e-bad26d40845d.wav,D:\Projects\My projects\IAAA_Compet\Speaker-identification\data\processed\audio_wav\5afdae2a-ccd1-4f12-ae1e-bad26d40845d.wav,"=HYPERLINK(""D:\Projects\My projects\IAAA_Compet\Speaker-identification\data\processed\audio_wav\5afdae2a-ccd1-4f12-ae1e-bad26d40845d.wav"",""5afdae2a-ccd1-4f12-ae1e-bad26d40845d.wav"")",62.12,unknown,0,unknown,,0,unknown,0.9781,OK,1,True,True,0,unknown,1.0,OK,1,True,True,False,ok,
5afde44f-3413-4b91-822d-e1e8d3ab7908.wav,D:\Projects\My projects\IAAA_Compet\Speaker-identification\data\processed\audio_wav\5afde44f-3413-4b91-822d-e1e8d3ab7908.wav,"=HYPERLINK(""D:\Projects\My projects\IAAA_Compet\Speaker-identification\data\processed\audio_wav\5afde44f-3413-4b91-822d-e1e8d3ab7908.wav"",""5afde44f-3413-4b91-822d-e1e8d3ab7908.wav"")",84.74,known,34,117695fa-3f7a-44eb-ae3d-7673b226b215,5,34,117695fa-3f7a-44eb-ae3d-7673b226b215,0.9969,OK,1,True,True,34,117695fa-3f7a-44eb-ae3d-7673b226b215,0.9974,OK,1,True,True,False,ok,
5b11e64e-f60d-444f-8c74-0f8b4b4cd9d2.wav,D:\Projects\My projects\IAAA_Compet\Speaker-identification\data\processed\audio_wav\5b11e64e-f60d-444f-8c74-0f8b4b4cd9d2.wav,"=HYPERLINK(""D:\Projects\My projects\IAAA_Compet\Speaker-identification\data\processed\audio_wav\5b11e64e-f60d-444f-8c74-0f8b4b4cd9d2.wav"",""5b11e64e-f60d-444f-8c74-0f8b4b4cd9d2.wav"")",57.86,unknown,0,unknown,,0,unknown,0.9756,OK,1,True,True,0,unknown,1.0,OK,1,True,True,False,ok,
5b9da3f2-2b4c-4524-994f-36cc49bf1afa.wav,D:\Projects\My projects\IAAA_Compet\Speaker-identification\data\processed\audio_wav\5b9da3f2-2b4c-4524-994f-36cc49bf1afa.wav,"=HYPERLINK(""D:\Projects\My projects\IAAA_Compet\Speaker-identification\data\processed\audio_wav\5b9da3f2-2b4c-4524-994f-36cc49bf1afa.wav"",""5b9da3f2-2b4c-4524-994f-36cc49bf1afa.wav"")",54.36,known,145,4ab3f814-3644-4ad0-ade1-745a5442f4fd,5,145,4ab3f814-3644-4ad0-ade1-745a5442f4fd,0.8974,OK,1,True,True,145,4ab3f814-3644-4ad0-ade1-745a5442f4fd,0.9804,OK,1,True,True,False,ok,
5bfcd1f1-2bf9-4090-91c3-50f4933a7314.wav,D:\Projects\My projects\IAAA_Compet\Speaker-identification\data\processed\audio_wav\5bfcd1f1-2bf9-4090-91c3-50f4933a7314.wav,"=HYPERLINK(""D:\Projects\My projects\IAAA_Compet\Speaker-identification\data\processed\audio_wav\5bfcd1f1-2bf9-4090-91c3-50f4933a7314.wav"",""5bfcd1f1-2bf9-4090-91c3-50f4933a7314.wav"")",52.57,unknown,0,unknown,,0,unknown,0.7476,OK,1,True,True,0,unknown,0.9982,OK,1,True,True,False,ok,
5c0162df-428b-4fd5-825e-39c7e4901705.wav,D:\Projects\My projects\IAAA_Compet\Speaker-identification\data\processed\audio_wav\5c0162df-428b-4fd5-825e-39c7e4901705.wav,"=HYPERLINK(""D:\Projects\My projects\IAAA_Compet\Speaker-identification\data\processed\audio_wav\5c0162df-428b-4fd5-825e-39c7e4901705.wav"",""5c0162df-428b-4fd5-825e-39c7e4901705.wav"")",83.46,known,309,ad91978e-2e47-4d1a-a10e-0d742d9e7b0e,5,309,ad91978e-2e47-4d1a-a10e-0d742d9e7b0e,0.999,OK,1,True,True,309,ad91978e-2e47-4d1a-a10e-0d742d9e7b0e,0.9887,OK,1,True,True,False,ok,
5c47b3b5-295a-404f-ad48-27c38cd83268.wav,D:\Projects\My projects\IAAA_Compet\Speaker-identification\data\processed\audio_wav\5c47b3b5-295a-404f-ad48-27c38cd83268.wav,"=HYPERLINK(""D:\Projects\My projects\IAAA_Compet\Speaker-identification\data\processed\audio_wav\5c47b3b5-295a-404f-ad48-27c38cd83268.wav"",""5c47b3b5-295a-404f-ad48-27c38cd83268.wav"")",95.91,unknown,0,unknown,,0,unknown,0.6749,OK,1,True,True,0,unknown,1.0,OK,1,True,True,False,ok,
5e33a259-6139-4874-8289-36182daaf7a0.wav,D:\Projects\My projects\IAAA_Compet\Speaker-identification\data\processed\audio_wav\5e33a259-6139-4874-8289-36182daaf7a0.wav,"=HYPERLINK(""D:\Projects\My projects\IAAA_Compet\Speaker-identification\data\processed\audio_wav\5e33a259-6139-4874-8289-36182daaf7a0.wav"",""5e33a259-6139-4874-8289-36182daaf7a0.wav"")",62.72,known,8,027b5b0d-5a35-48ee-b609-1604f745e2d2,5,8,027b5b0d-5a35-48ee-b609-1604f745e2d2,0.9159,OK,1,True,True,8,027b5b0d-5a35-48ee-b609-1604f745e2d2,0.998,OK,1,True,True,False,ok,
5e33f597-cb61-44df-beb2-b68ef4b428ed.wav,D:\Projects\My projects\IAAA_Compet\Speaker-identification\data\processed\audio_wav\5e33f597-cb61-44df-beb2-b68ef4b428ed.wav,"=HYPERLINK(""D:\Projects\My projects\IAAA_Compet\Speaker-identification\data\processed\audio_wav\5e33f597-cb61-44df-beb2-b68ef4b428ed.wav"",""5e33f597-cb61-44df-beb2-b68ef4b428ed.wav"")",37.12,known,302,a9fb458b-d879-4bd5-b972-9416381b1db6,5,302,a9fb458b-d879-4bd5-b972-9416381b1db6,0.8953,OK,1,True,True,302,a9fb458b-d879-4bd5-b972-9416381b1db6,0.9726,OK,1,True,True,False,ok,
5e4c7ef7-b467-420f-b313-8ef10e442c5d.wav,D:\Projects\My projects\IAAA_Compet\Speaker-identification\data\processed\audio_wav\5e4c7ef7-b467-420f-b313-8ef10e442c5d.wav,"=HYPERLINK(""D:\Projects\My projects\IAAA_Compet\Speaker-identification\data\processed\audio_wav\5e4c7ef7-b467-420f-b313-8ef10e442c5d.wav"",""5e4c7ef7-b467-420f-b313-8ef10e442c5d.wav"")",29.27,known,277,996dbdb0-3c3d-43ce-9e13-ff65a6506a05,5,277,996dbdb0-3c3d-43ce-9e13-ff65a6506a05,0.9831,OK,1,True,True,277,996dbdb0-3c3d-43ce-9e13-ff65a6506a05,0.9452,OK,1,True,True,False,ok,
5e5f2c17-42b3-42fa-b9ed-7958dfc2723c.wav,D:\Projects\My projects\IAAA_Compet\Speaker-identification\data\processed\audio_wav\5e5f2c17-42b3-42fa-b9ed-7958dfc2723c.wav,"=HYPERLINK(""D:\Projects\My projects\IAAA_Compet\Speaker-identification\data\processed\audio_wav\5e5f2c17-42b3-42fa-b9ed-7958dfc2723c.wav"",""5e5f2c17-42b3-42fa-b9ed-7958dfc2723c.wav"")",56.58,unknown,0,unknown,,0,unknown,0.9533,OK,1,True,True,0,unknown,0.9979,OK,1,True,True,False,ok,
5eb331ff-aed6-4b46-95ea-7081a205fe90.wav,D:\Projects\My projects\IAAA_Compet\Speaker-identification\data\processed\audio_wav\5eb331ff-aed6-4b46-95ea-7081a205fe90.wav,"=HYPERLINK(""D:\Projects\My projects\IAAA_Compet\Speaker-identification\data\processed\audio_wav\5eb331ff-aed6-4b46-95ea-7081a205fe90.wav"",""5eb331ff-aed6-4b46-95ea-7081a205fe90.wav"")",72.11,known,344,c445b916-b134-463f-8308-734b73de075a,5,344,c445b916-b134-463f-8308-734b73de075a,0.9814,OK,1,True,True,344,c445b916-b134-463f-8308-734b73de075a,0.9757,OK,1,True,True,False,ok,
5f5d55e0-8289-42e0-80f0-45adf58d012d.wav,D:\Projects\My projects\IAAA_Compet\Speaker-identification\data\processed\audio_wav\5f5d55e0-8289-42e0-80f0-45adf58d012d.wav,"=HYPERLINK(""D:\Projects\My projects\IAAA_Compet\Speaker-identification\data\processed\audio_wav\5f5d55e0-8289-42e0-80f0-45adf58d012d.wav"",""5f5d55e0-8289-42e0-80f0-45adf58d012d.wav"")",77.57,known,95,2fff4dd8-a193-447b-addd-591e294e00a1,5,95,2fff4dd8-a193-447b-addd-591e294e00a1,0.9992,OK,1,True,True,95,2fff4dd8-a193-447b-addd-591e294e00a1,0.9965,OK,1,True,True,False,ok,
5f7f4fe3-825d-4620-a13a-55ec53141ad7.wav,D:\Projects\My projects\IAAA_Compet\Speaker-identification\data\processed\audio_wav\5f7f4fe3-825d-4620-a13a-55ec53141ad7.wav,"=HYPERLINK(""D:\Projects\My projects\IAAA_Compet\Speaker-identification\data\processed\audio_wav\5f7f4fe3-825d-4620-a13a-55ec53141ad7.wav"",""5f7f4fe3-825d-4620-a13a-55ec53141ad7.wav"")",74.75,unknown,0,unknown,,0,unknown,0.9926,OK,1,True,True,0,unknown,1.0,OK,1,True,True,False,ok,
5f8bcbe2-b266-48bb-8e38-7812ad77b88c.wav,D:\Projects\My projects\IAAA_Compet\Speaker-identification\data\processed\audio_wav\5f8bcbe2-b266-48bb-8e38-7812ad77b88c.wav,"=HYPERLINK(""D:\Projects\My projects\IAAA_Compet\Speaker-identification\data\processed\audio_wav\5f8bcbe2-b266-48bb-8e38-7812ad77b88c.wav"",""5f8bcbe2-b266-48bb-8e38-7812ad77b88c.wav"")",47.62,known,198,6f6d2da9-f2fe-4bd0-8569-7f7533f43920,5,198,6f6d2da9-f2fe-4bd0-8569-7f7533f43920,0.9865,OK,1,True,True,198,6f6d2da9-f2fe-4bd0-8569-7f7533f43920,0.9847,OK,1,True,True,False,ok,
5fe77ce9-d795-4c2c-964a-5d8532850557.wav,D:\Projects\My projects\IAAA_Compet\Speaker-identification\data\processed\audio_wav\5fe77ce9-d795-4c2c-964a-5d8532850557.wav,"=HYPERLINK(""D:\Projects\My projects\IAAA_Compet\Speaker-identification\data\processed\audio_wav\5fe77ce9-d795-4c2c-964a-5d8532850557.wav"",""5fe77ce9-d795-4c2c-964a-5d8532850557.wav"")",50.01,unknown,0,unknown,,0,unknown,0.9995,OK,1,True,True,0,unknown,0.9999,OK,1,True,True,False,ok,
60d746d9-625f-4de3-b8ff-d345794afa25.wav,D:\Projects\My projects\IAAA_Compet\Speaker-identification\data\processed\audio_wav\60d746d9-625f-4de3-b8ff-d345794afa25.wav,"=HYPERLINK(""D:\Projects\My projects\IAAA_Compet\Speaker-identification\data\processed\audio_wav\60d746d9-625f-4de3-b8ff-d345794afa25.wav"",""60d746d9-625f-4de3-b8ff-d345794afa25.wav"")",75.35,unknown,0,unknown,,0,unknown,0.9996,OK,1,True,True,0,unknown,1.0,OK,1,True,True,False,ok,
60d7e1bb-d6f0-40a3-b288-d2c3dd92ae38.wav,D:\Projects\My projects\IAAA_Compet\Speaker-identification\data\processed\audio_wav\60d7e1bb-d6f0-40a3-b288-d2c3dd92ae38.wav,"=HYPERLINK(""D:\Projects\My projects\IAAA_Compet\Speaker-identification\data\processed\audio_wav\60d7e1bb-d6f0-40a3-b288-d2c3dd92ae38.wav"",""60d7e1bb-d6f0-40a3-b288-d2c3dd92ae38.wav"")",47.19,known,147,4cebb987-89d2-46cb-863e-64a36fd7cc1d,5,147,4cebb987-89d2-46cb-863e-64a36fd7cc1d,0.9971,OK,1,True,True,147,4cebb987-89d2-46cb-863e-64a36fd7cc1d,0.9963,OK,1,True,True,False,ok,
6174f168-18f3-4206-bf5a-8c2bcccbba76.wav,D:\Projects\My projects\IAAA_Compet\Speaker-identification\data\processed\audio_wav\6174f168-18f3-4206-bf5a-8c2bcccbba76.wav,"=HYPERLINK(""D:\Projects\My projects\IAAA_Compet\Speaker-identification\data\processed\audio_wav\6174f168-18f3-4206-bf5a-8c2bcccbba76.wav"",""6174f168-18f3-4206-bf5a-8c2bcccbba76.wav"")",64.26,known,74,23ab514e-1629-4cac-89b6-be40f8af4c9a,5,74,23ab514e-1629-4cac-89b6-be40f8af4c9a,0.9963,OK,1,True,True,74,23ab514e-1629-4cac-89b6-be40f8af4c9a,0.9991,OK,1,True,True,False,ok,
6190494a-3314-49ea-8a97-37de7ae40322.wav,D:\Projects\My projects\IAAA_Compet\Speaker-identification\data\processed\audio_wav\6190494a-3314-49ea-8a97-37de7ae40322.wav,"=HYPERLINK(""D:\Projects\My projects\IAAA_Compet\Speaker-identification\data\processed\audio_wav\6190494a-3314-49ea-8a97-37de7ae40322.wav"",""6190494a-3314-49ea-8a97-37de7ae40322.wav"")",48.04,known,333,bf208c55-037a-4979-b8b8-967ecac8d5b3,5,333,bf208c55-037a-4979-b8b8-967ecac8d5b3,0.9825,OK,1,True,True,333,bf208c55-037a-4979-b8b8-967ecac8d5b3,0.9864,OK,1,True,True,False,ok,
625fd173-4ac3-432d-8fcd-ea6acc3d8899.wav,D:\Projects\My projects\IAAA_Compet\Speaker-identification\data\processed\audio_wav\625fd173-4ac3-432d-8fcd-ea6acc3d8899.wav,"=HYPERLINK(""D:\Projects\My projects\IAAA_Compet\Speaker-identification\data\processed\audio_wav\625fd173-4ac3-432d-8fcd-ea6acc3d8899.wav"",""625fd173-4ac3-432d-8fcd-ea6acc3d8899.wav"")",50.18,known,249,890de42d-fdef-4a3c-9ec5-0d6d191c78a9,5,249,890de42d-fdef-4a3c-9ec5-0d6d191c78a9,0.9989,OK,1,True,True,249,890de42d-fdef-4a3c-9ec5-0d6d191c78a9,0.981,OK,1,True,True,False,ok,
62cb6b0d-011d-4b3e-ae05-1746ccc6c4d2.wav,D:\Projects\My projects\IAAA_Compet\Speaker-identification\data\processed\audio_wav\62cb6b0d-011d-4b3e-ae05-1746ccc6c4d2.wav,"=HYPERLINK(""D:\Projects\My projects\IAAA_Compet\Speaker-identification\data\processed\audio_wav\62cb6b0d-011d-4b3e-ae05-1746ccc6c4d2.wav"",""62cb6b0d-011d-4b3e-ae05-1746ccc6c4d2.wav"")",45.48,unknown,0,unknown,,0,unknown,0.9974,OK,1,True,True,0,unknown,1.0,OK,1,True,True,False,ok,
62ee8a9d-1a8c-477c-85e6-0e5c37e4a820.wav,D:\Projects\My projects\IAAA_Compet\Speaker-identification\data\processed\audio_wav\62ee8a9d-1a8c-477c-85e6-0e5c37e4a820.wav,"=HYPERLINK(""D:\Projects\My projects\IAAA_Compet\Speaker-identification\data\processed\audio_wav\62ee8a9d-1a8c-477c-85e6-0e5c37e4a820.wav"",""62ee8a9d-1a8c-477c-85e6-0e5c37e4a820.wav"")",59.82,unknown,0,unknown,,0,unknown,0.9528,OK,1,True,True,0,unknown,1.0,OK,1,True,True,False,ok,
632566e9-5a10-43ce-9667-51af1bcf83eb.wav,D:\Projects\My projects\IAAA_Compet\Speaker-identification\data\processed\audio_wav\632566e9-5a10-43ce-9667-51af1bcf83eb.wav,"=HYPERLINK(""D:\Projects\My projects\IAAA_Compet\Speaker-identification\data\processed\audio_wav\632566e9-5a10-43ce-9667-51af1bcf83eb.wav"",""632566e9-5a10-43ce-9667-51af1bcf83eb.wav"")",62.72,unknown,0,unknown,,0,unknown,0.8194,OK,1,True,True,0,unknown,1.0,OK,1,True,True,False,ok,
634c7932-5fb2-4c84-ac9c-937c4d540764.wav,D:\Projects\My projects\IAAA_Compet\Speaker-identification\data\processed\audio_wav\634c7932-5fb2-4c84-ac9c-937c4d540764.wav,"=HYPERLINK(""D:\Projects\My projects\IAAA_Compet\Speaker-identification\data\processed\audio_wav\634c7932-5fb2-4c84-ac9c-937c4d540764.wav"",""634c7932-5fb2-4c84-ac9c-937c4d540764.wav"")",45.65,unknown,0,unknown,,0,unknown,0.988,OK,1,True,True,0,unknown,1.0,OK,1,True,True,False,ok,
6358a838-905e-4cf7-aa22-88c5beb665b8.wav,D:\Projects\My projects\IAAA_Compet\Speaker-identification\data\processed\audio_wav\6358a838-905e-4cf7-aa22-88c5beb665b8.wav,"=HYPERLINK(""D:\Projects\My projects\IAAA_Compet\Speaker-identification\data\processed\audio_wav\6358a838-905e-4cf7-aa22-88c5beb665b8.wav"",""6358a838-905e-4cf7-aa22-88c5beb665b8.wav"")",77.65,known,362,cd4c1253-3c55-4b6b-a209-97e08aacb061,5,362,cd4c1253-3c55-4b6b-a209-97e08aacb061,0.9929,OK,1,True,True,362,cd4c1253-3c55-4b6b-a209-97e08aacb061,0.9963,OK,1,True,True,False,ok,
639662b8-4468-4214-850e-8bd1ed5b6968.wav,D:\Projects\My projects\IAAA_Compet\Speaker-identification\data\processed\audio_wav\639662b8-4468-4214-850e-8bd1ed5b6968.wav,"=HYPERLINK(""D:\Projects\My projects\IAAA_Compet\Speaker-identification\data\processed\audio_wav\639662b8-4468-4214-850e-8bd1ed5b6968.wav"",""639662b8-4468-4214-850e-8bd1ed5b6968.wav"")",48.3,unknown,0,unknown,,0,unknown,0.6034,OK,1,True,True,0,unknown,1.0,OK,1,True,True,False,ok,
63cdb9a3-c075-428d-98f8-3e3dce306a7e.wav,D:\Projects\My projects\IAAA_Compet\Speaker-identification\data\processed\audio_wav\63cdb9a3-c075-428d-98f8-3e3dce306a7e.wav,"=HYPERLINK(""D:\Projects\My projects\IAAA_Compet\Speaker-identification\data\processed\audio_wav\63cdb9a3-c075-428d-98f8-3e3dce306a7e.wav"",""63cdb9a3-c075-428d-98f8-3e3dce306a7e.wav"")",71.34,known,314,b12c5018-a5ba-475b-9f32-6999d25e770b,5,314,b12c5018-a5ba-475b-9f32-6999d25e770b,0.9899,OK,1,True,True,314,b12c5018-a5ba-475b-9f32-6999d25e770b,0.9675,OK,1,True,True,False,ok,
63cdba9e-0f00-45f2-b727-0e0287989f64.wav,D:\Projects\My projects\IAAA_Compet\Speaker-identification\data\processed\audio_wav\63cdba9e-0f00-45f2-b727-0e0287989f64.wav,"=HYPERLINK(""D:\Projects\My projects\IAAA_Compet\Speaker-identification\data\processed\audio_wav\63cdba9e-0f00-45f2-b727-0e0287989f64.wav"",""63cdba9e-0f00-45f2-b727-0e0287989f64.wav"")",58.98,unknown,0,unknown,,0,unknown,0.9974,OK,1,True,True,0,unknown,1.0,OK,1,True,True,False,ok,
646742ac-d37e-47ac-ba6f-e8ca3b441ed6.wav,D:\Projects\My projects\IAAA_Compet\Speaker-identification\data\processed\audio_wav\646742ac-d37e-47ac-ba6f-e8ca3b441ed6.wav,"=HYPERLINK(""D:\Projects\My projects\IAAA_Compet\Speaker-identification\data\processed\audio_wav\646742ac-d37e-47ac-ba6f-e8ca3b441ed6.wav"",""646742ac-d37e-47ac-ba6f-e8ca3b441ed6.wav"")",70.06,unknown,0,unknown,,0,unknown,0.9945,OK,1,True,True,0,unknown,1.0,OK,1,True,True,False,ok,
6486b766-77a6-4b8b-b483-8327d1d22945.wav,D:\Projects\My projects\IAAA_Compet\Speaker-identification\data\processed\audio_wav\6486b766-77a6-4b8b-b483-8327d1d22945.wav,"=HYPERLINK(""D:\Projects\My projects\IAAA_Compet\Speaker-identification\data\processed\audio_wav\6486b766-77a6-4b8b-b483-8327d1d22945.wav"",""6486b766-77a6-4b8b-b483-8327d1d22945.wav"")",63.06,unknown,0,unknown,,0,unknown,0.9991,OK,1,True,True,0,unknown,1.0,OK,1,True,True,False,ok,
64cd5cc4-8abc-4eb1-8977-66ef88a4b01a.wav,D:\Projects\My projects\IAAA_Compet\Speaker-identification\data\processed\audio_wav\64cd5cc4-8abc-4eb1-8977-66ef88a4b01a.wav,"=HYPERLINK(""D:\Projects\My projects\IAAA_Compet\Speaker-identification\data\processed\audio_wav\64cd5cc4-8abc-4eb1-8977-66ef88a4b01a.wav"",""64cd5cc4-8abc-4eb1-8977-66ef88a4b01a.wav"")",66.99,unknown,0,unknown,,0,unknown,0.9562,OK,1,True,True,0,unknown,1.0,OK,1,True,True,False,ok,
64e1cfca-900e-4b39-bee5-23cda3402189.wav,D:\Projects\My projects\IAAA_Compet\Speaker-identification\data\processed\audio_wav\64e1cfca-900e-4b39-bee5-23cda3402189.wav,"=HYPERLINK(""D:\Projects\My projects\IAAA_Compet\Speaker-identification\data\processed\audio_wav\64e1cfca-900e-4b39-bee5-23cda3402189.wav"",""64e1cfca-900e-4b39-bee5-23cda3402189.wav"")",71.42,known,282,9cabf3fd-8a5a-44f3-9f74-da9f634d52d3,5,282,9cabf3fd-8a5a-44f3-9f74-da9f634d52d3,0.966,OK,1,True,True,282,9cabf3fd-8a5a-44f3-9f74-da9f634d52d3,0.9914,OK,1,True,True,False,ok,
65181b22-1ff4-47d4-ac39-c65e5d5c75be.wav,D:\Projects\My projects\IAAA_Compet\Speaker-identification\data\processed\audio_wav\65181b22-1ff4-47d4-ac39-c65e5d5c75be.wav,"=HYPERLINK(""D:\Projects\My projects\IAAA_Compet\Speaker-identification\data\processed\audio_wav\65181b22-1ff4-47d4-ac39-c65e5d5c75be.wav"",""65181b22-1ff4-47d4-ac39-c65e5d5c75be.wav"")",50.26,unknown,0,unknown,,0,unknown,0.9367,OK,1,True,True,0,unknown,1.0,OK,1,True,True,False,ok,
6570a646-5fe5-4ff0-b9bf-92b5a6e749a1.wav,D:\Projects\My projects\IAAA_Compet\Speaker-identification\data\processed\audio_wav\6570a646-5fe5-4ff0-b9bf-92b5a6e749a1.wav,"=HYPERLINK(""D:\Projects\My projects\IAAA_Compet\Speaker-identification\data\processed\audio_wav\6570a646-5fe5-4ff0-b9bf-92b5a6e749a1.wav"",""6570a646-5fe5-4ff0-b9bf-92b5a6e749a1.wav"")",47.53,unknown,0,unknown,,0,unknown,0.9946,OK,1,True,True,0,unknown,1.0,OK,1,True,True,False,ok,
6617c919-c422-43c9-b581-89c4878cfa1c.wav,D:\Projects\My projects\IAAA_Compet\Speaker-identification\data\processed\audio_wav\6617c919-c422-43c9-b581-89c4878cfa1c.wav,"=HYPERLINK(""D:\Projects\My projects\IAAA_Compet\Speaker-identification\data\processed\audio_wav\6617c919-c422-43c9-b581-89c4878cfa1c.wav"",""6617c919-c422-43c9-b581-89c4878cfa1c.wav"")",68.78,unknown,0,unknown,,0,unknown,0.9939,OK,1,True,True,0,unknown,1.0,OK,1,True,True,False,ok,
669c49b3-54bc-4b18-b1ef-e98de1c7fb9b.wav,D:\Projects\My projects\IAAA_Compet\Speaker-identification\data\processed\audio_wav\669c49b3-54bc-4b18-b1ef-e98de1c7fb9b.wav,"=HYPERLINK(""D:\Projects\My projects\IAAA_Compet\Speaker-identification\data\processed\audio_wav\669c49b3-54bc-4b18-b1ef-e98de1c7fb9b.wav"",""669c49b3-54bc-4b18-b1ef-e98de1c7fb9b.wav"")",60.16,unknown,0,unknown,,0,unknown,0.9987,OK,1,True,True,0,unknown,1.0,OK,1,True,True,False,ok,
66e0c255-6285-4d35-804f-04dfed41960f.wav,D:\Projects\My projects\IAAA_Compet\Speaker-identification\data\processed\audio_wav\66e0c255-6285-4d35-804f-04dfed41960f.wav,"=HYPERLINK(""D:\Projects\My projects\IAAA_Compet\Speaker-identification\data\processed\audio_wav\66e0c255-6285-4d35-804f-04dfed41960f.wav"",""66e0c255-6285-4d35-804f-04dfed41960f.wav"")",60.76,known,157,544978eb-9518-4416-8b4b-865b9c3d8d42,5,157,544978eb-9518-4416-8b4b-865b9c3d8d42,0.9759,OK,1,True,True,157,544978eb-9518-4416-8b4b-865b9c3d8d42,0.9967,OK,1,True,True,False,ok,
673191de-8eb5-4595-aa91-73d116c8a2ae.wav,D:\Projects\My projects\IAAA_Compet\Speaker-identification\data\processed\audio_wav\673191de-8eb5-4595-aa91-73d116c8a2ae.wav,"=HYPERLINK(""D:\Projects\My projects\IAAA_Compet\Speaker-identification\data\processed\audio_wav\673191de-8eb5-4595-aa91-73d116c8a2ae.wav"",""673191de-8eb5-4595-aa91-73d116c8a2ae.wav"")",50.01,unknown,0,unknown,,0,unknown,0.9183,OK,1,True,True,0,unknown,1.0,OK,1,True,True,False,ok,
67582fcd-eccb-4118-985c-67aebd3a1364.wav,D:\Projects\My projects\IAAA_Compet\Speaker-identification\data\processed\audio_wav\67582fcd-eccb-4118-985c-67aebd3a1364.wav,"=HYPERLINK(""D:\Projects\My projects\IAAA_Compet\Speaker-identification\data\processed\audio_wav\67582fcd-eccb-4118-985c-67aebd3a1364.wav"",""67582fcd-eccb-4118-985c-67aebd3a1364.wav"")",58.11,known,436,f9751df1-a241-45d5-b6d9-d9c0b171eec3,5,436,f9751df1-a241-45d5-b6d9-d9c0b171eec3,0.9776,OK,1,True,True,436,f9751df1-a241-45d5-b6d9-d9c0b171eec3,0.9343,OK,1,True,True,False,ok,
67594a17-a8aa-4361-8b16-8e459e4eec0a.wav,D:\Projects\My projects\IAAA_Compet\Speaker-identification\data\processed\audio_wav\67594a17-a8aa-4361-8b16-8e459e4eec0a.wav,"=HYPERLINK(""D:\Projects\My projects\IAAA_Compet\Speaker-identification\data\processed\audio_wav\67594a17-a8aa-4361-8b16-8e459e4eec0a.wav"",""67594a17-a8aa-4361-8b16-8e459e4eec0a.wav"")",63.06,known,109,362c8891-6e1d-4e4c-8a3c-874a9cde8a98,5,109,362c8891-6e1d-4e4c-8a3c-874a9cde8a98,0.9892,OK,1,True,True,109,362c8891-6e1d-4e4c-8a3c-874a9cde8a98,0.9985,OK,1,True,True,False,ok,
684466ad-8b2e-4c66-8628-59f7af9b8b2a.wav,D:\Projects\My projects\IAAA_Compet\Speaker-identification\data\processed\audio_wav\684466ad-8b2e-4c66-8628-59f7af9b8b2a.wav,"=HYPERLINK(""D:\Projects\My projects\IAAA_Compet\Speaker-identification\data\processed\audio_wav\684466ad-8b2e-4c66-8628-59f7af9b8b2a.wav"",""684466ad-8b2e-4c66-8628-59f7af9b8b2a.wav"")",18.43,known,293,a51f8596-7ed5-408e-bc86-1840794e5fde,5,293,a51f8596-7ed5-408e-bc86-1840794e5fde,0.952,OK,1,True,True,293,a51f8596-7ed5-408e-bc86-1840794e5fde,0.972,OK,1,True,True,False,ok,
68f182ce-28eb-4a42-82c6-c43dac4ab266.wav,D:\Projects\My projects\IAAA_Compet\Speaker-identification\data\processed\audio_wav\68f182ce-28eb-4a42-82c6-c43dac4ab266.wav,"=HYPERLINK(""D:\Projects\My projects\IAAA_Compet\Speaker-identification\data\processed\audio_wav\68f182ce-28eb-4a42-82c6-c43dac4ab266.wav"",""68f182ce-28eb-4a42-82c6-c43dac4ab266.wav"")",54.1,known,403,e3607f57-7e93-42d2-a8be-27c7fdc3d219,5,403,e3607f57-7e93-42d2-a8be-27c7fdc3d219,0.995,OK,1,True,True,403,e3607f57-7e93-42d2-a8be-27c7fdc3d219,0.9825,OK,1,True,True,False,ok,
6909cdc5-4ac2-476e-aa43-fea9a136fc17.wav,D:\Projects\My projects\IAAA_Compet\Speaker-identification\data\processed\audio_wav\6909cdc5-4ac2-476e-aa43-fea9a136fc17.wav,"=HYPERLINK(""D:\Projects\My projects\IAAA_Compet\Speaker-identification\data\processed\audio_wav\6909cdc5-4ac2-476e-aa43-fea9a136fc17.wav"",""6909cdc5-4ac2-476e-aa43-fea9a136fc17.wav"")",98.13,unknown,0,unknown,,0,unknown,0.9998,OK,1,True,True,0,unknown,1.0,OK,1,True,True,False,ok,
69544caf-44aa-4c8a-8f76-2dcc3c1f6644.wav,D:\Projects\My projects\IAAA_Compet\Speaker-identification\data\processed\audio_wav\69544caf-44aa-4c8a-8f76-2dcc3c1f6644.wav,"=HYPERLINK(""D:\Projects\My projects\IAAA_Compet\Speaker-identification\data\processed\audio_wav\69544caf-44aa-4c8a-8f76-2dcc3c1f6644.wav"",""69544caf-44aa-4c8a-8f76-2dcc3c1f6644.wav"")",74.84,known,219,7e758221-9f2b-43a3-8736-a2aa658260b1,5,219,7e758221-9f2b-43a3-8736-a2aa658260b1,0.9675,OK,1,True,True,219,7e758221-9f2b-43a3-8736-a2aa658260b1,0.9913,OK,1,True,True,False,ok,
69740213-c126-41f8-bd3d-8e1dd295dbe6.wav,D:\Projects\My projects\IAAA_Compet\Speaker-identification\data\processed\audio_wav\69740213-c126-41f8-bd3d-8e1dd295dbe6.wav,"=HYPERLINK(""D:\Projects\My projects\IAAA_Compet\Speaker-identification\data\processed\audio_wav\69740213-c126-41f8-bd3d-8e1dd295dbe6.wav"",""69740213-c126-41f8-bd3d-8e1dd295dbe6.wav"")",49.49,known,237,841a7681-4de9-422e-ba24-a659c16dbc73,5,237,841a7681-4de9-422e-ba24-a659c16dbc73,0.9665,OK,1,True,True,237,841a7681-4de9-422e-ba24-a659c16dbc73,0.888,OK,1,True,True,False,ok,
69ab241c-2990-46c4-800f-50084019dd13.wav,D:\Projects\My projects\IAAA_Compet\Speaker-identification\data\processed\audio_wav\69ab241c-2990-46c4-800f-50084019dd13.wav,"=HYPERLINK(""D:\Projects\My projects\IAAA_Compet\Speaker-identification\data\processed\audio_wav\69ab241c-2990-46c4-800f-50084019dd13.wav"",""69ab241c-2990-46c4-800f-50084019dd13.wav"")",68.18,unknown,0,unknown,,0,unknown,0.9834,OK,1,True,True,0,unknown,0.9971,OK,1,True,True,False,ok,
69db6239-b314-4d0d-92a3-6ffc2e333d0b.wav,D:\Projects\My projects\IAAA_Compet\Speaker-identification\data\processed\audio_wav\69db6239-b314-4d0d-92a3-6ffc2e333d0b.wav,"=HYPERLINK(""D:\Projects\My projects\IAAA_Compet\Speaker-identification\data\processed\audio_wav\69db6239-b314-4d0d-92a3-6ffc2e333d0b.wav"",""69db6239-b314-4d0d-92a3-6ffc2e333d0b.wav"")",81.24,known,46,17682788-7532-4336-ad39-ccc2b5bcf909,5,46,17682788-7532-4336-ad39-ccc2b5bcf909,0.9911,OK,1,True,True,46,17682788-7532-4336-ad39-ccc2b5bcf909,0.9909,OK,1,True,True,False,ok,
6a910ac4-7ca0-4aa9-a012-bf5889dbe063.wav,D:\Projects\My projects\IAAA_Compet\Speaker-identification\data\processed\audio_wav\6a910ac4-7ca0-4aa9-a012-bf5889dbe063.wav,"=HYPERLINK(""D:\Projects\My projects\IAAA_Compet\Speaker-identification\data\processed\audio_wav\6a910ac4-7ca0-4aa9-a012-bf5889dbe063.wav"",""6a910ac4-7ca0-4aa9-a012-bf5889dbe063.wav"")",46.17,known,230,82691847-6152-4999-9871-10eecbab6d54,5,230,82691847-6152-4999-9871-10eecbab6d54,0.6759,OK,1,True,True,230,82691847-6152-4999-9871-10eecbab6d54,0.9403,OK,1,True,True,False,ok,
6aa74c25-fbc2-488d-985e-aaa0b1d70a66.wav,D:\Projects\My projects\IAAA_Compet\Speaker-identification\data\processed\audio_wav\6aa74c25-fbc2-488d-985e-aaa0b1d70a66.wav,"=HYPERLINK(""D:\Projects\My projects\IAAA_Compet\Speaker-identification\data\processed\audio_wav\6aa74c25-fbc2-488d-985e-aaa0b1d70a66.wav"",""6aa74c25-fbc2-488d-985e-aaa0b1d70a66.wav"")",45.14,known,313,b1018837-14d1-4893-bba5-2c476e8dac2a,5,313,b1018837-14d1-4893-bba5-2c476e8dac2a,0.9964,OK,1,True,True,313,b1018837-14d1-4893-bba5-2c476e8dac2a,0.9973,OK,1,True,True,False,ok,
6b3a6048-87cc-4461-898c-3bed75fca19d.wav,D:\Projects\My projects\IAAA_Compet\Speaker-identification\data\processed\audio_wav\6b3a6048-87cc-4461-898c-3bed75fca19d.wav,"=HYPERLINK(""D:\Projects\My projects\IAAA_Compet\Speaker-identification\data\processed\audio_wav\6b3a6048-87cc-4461-898c-3bed75fca19d.wav"",""6b3a6048-87cc-4461-898c-3bed75fca19d.wav"")",42.67,known,251,899ccfdc-4fff-4939-8d40-302ba7d346de,5,251,899ccfdc-4fff-4939-8d40-302ba7d346de,0.9847,OK,1,True,True,251,899ccfdc-4fff-4939-8d40-302ba7d346de,0.9619,OK,1,True,True,False,ok,
6bbbe8f5-54e7-45eb-ab37-d90f88fcf67a.wav,D:\Projects\My projects\IAAA_Compet\Speaker-identification\data\processed\audio_wav\6bbbe8f5-54e7-45eb-ab37-d90f88fcf67a.wav,"=HYPERLINK(""D:\Projects\My projects\IAAA_Compet\Speaker-identification\data\processed\audio_wav\6bbbe8f5-54e7-45eb-ab37-d90f88fcf67a.wav"",""6bbbe8f5-54e7-45eb-ab37-d90f88fcf67a.wav"")",71.85,known,289,a2d34f02-6996-48ae-844c-ee1ed311a2cb,5,289,a2d34f02-6996-48ae-844c-ee1ed311a2cb,0.9926,OK,1,True,True,289,a2d34f02-6996-48ae-844c-ee1ed311a2cb,0.9972,OK,1,True,True,False,ok,
6bbee405-71d5-4522-b587-c4d66f4a572c.wav,D:\Projects\My projects\IAAA_Compet\Speaker-identification\data\processed\audio_wav\6bbee405-71d5-4522-b587-c4d66f4a572c.wav,"=HYPERLINK(""D:\Projects\My projects\IAAA_Compet\Speaker-identification\data\processed\audio_wav\6bbee405-71d5-4522-b587-c4d66f4a572c.wav"",""6bbee405-71d5-4522-b587-c4d66f4a572c.wav"")",65.45,known,40,14ce8091-44f3-4d64-94ea-e38835a26b15,5,40,14ce8091-44f3-4d64-94ea-e38835a26b15,0.9458,OK,1,True,True,40,14ce8091-44f3-4d64-94ea-e38835a26b15,0.9786,OK,1,True,True,False,ok,
6bd30608-e21c-4cd9-baf1-ca8455dcb0eb.wav,D:\Projects\My projects\IAAA_Compet\Speaker-identification\data\processed\audio_wav\6bd30608-e21c-4cd9-baf1-ca8455dcb0eb.wav,"=HYPERLINK(""D:\Projects\My projects\IAAA_Compet\Speaker-identification\data\processed\audio_wav\6bd30608-e21c-4cd9-baf1-ca8455dcb0eb.wav"",""6bd30608-e21c-4cd9-baf1-ca8455dcb0eb.wav"")",59.05,known,233,82d9e5c6-dba5-4929-9e4a-68ac7394daff,5,233,82d9e5c6-dba5-4929-9e4a-68ac7394daff,0.8279,OK,1,True,True,233,82d9e5c6-dba5-4929-9e4a-68ac7394daff,0.982,OK,1,True,True,False,ok,
6bdb7a84-8e89-41a8-a64a-2a080a07b6c7.wav,D:\Projects\My projects\IAAA_Compet\Speaker-identification\data\processed\audio_wav\6bdb7a84-8e89-41a8-a64a-2a080a07b6c7.wav,"=HYPERLINK(""D:\Projects\My projects\IAAA_Compet\Speaker-identification\data\processed\audio_wav\6bdb7a84-8e89-41a8-a64a-2a080a07b6c7.wav"",""6bdb7a84-8e89-41a8-a64a-2a080a07b6c7.wav"")",76.89,known,6,01f4feb4-fcc0-41d0-aa50-54f2bd63b3db,5,6,01f4feb4-fcc0-41d0-aa50-54f2bd63b3db,0.9088,OK,1,True,True,6,01f4feb4-fcc0-41d0-aa50-54f2bd63b3db,0.968,OK,1,True,True,False,ok,
6c3cfa52-f20b-4149-add1-57db77dab2a6.wav,D:\Projects\My projects\IAAA_Compet\Speaker-identification\data\processed\audio_wav\6c3cfa52-f20b-4149-add1-57db77dab2a6.wav,"=HYPERLINK(""D:\Projects\My projects\IAAA_Compet\Speaker-identification\data\processed\audio_wav\6c3cfa52-f20b-4149-add1-57db77dab2a6.wav"",""6c3cfa52-f20b-4149-add1-57db77dab2a6.wav"")",48.81,unknown,0,unknown,,0,unknown,0.9784,OK,1,True,True,0,unknown,1.0,OK,1,True,True,False,ok,
6c6e229a-05f2-449d-af86-06232f8d298a.wav,D:\Projects\My projects\IAAA_Compet\Speaker-identification\data\processed\audio_wav\6c6e229a-05f2-449d-af86-06232f8d298a.wav,"=HYPERLINK(""D:\Projects\My projects\IAAA_Compet\Speaker-identification\data\processed\audio_wav\6c6e229a-05f2-449d-af86-06232f8d298a.wav"",""6c6e229a-05f2-449d-af86-06232f8d298a.wav"")",48.3,known,192,6ae13709-8dac-4fbd-82d3-282af309d8a8,5,192,6ae13709-8dac-4fbd-82d3-282af309d8a8,0.9417,OK,1,True,True,192,6ae13709-8dac-4fbd-82d3-282af309d8a8,0.9693,OK,1,True,True,False,ok,
6c90da84-29a1-4509-bf7a-26c625399827.wav,D:\Projects\My projects\IAAA_Compet\Speaker-identification\data\processed\audio_wav\6c90da84-29a1-4509-bf7a-26c625399827.wav,"=HYPERLINK(""D:\Projects\My projects\IAAA_Compet\Speaker-identification\data\processed\audio_wav\6c90da84-29a1-4509-bf7a-26c625399827.wav"",""6c90da84-29a1-4509-bf7a-26c625399827.wav"")",52.05,unknown,0,unknown,,0,unknown,0.9902,OK,1,True,True,0,unknown,1.0,OK,1,True,True,False,ok,
6d5d0d70-2e5a-4130-8794-e12b5c5bbd4c.wav,D:\Projects\My projects\IAAA_Compet\Speaker-identification\data\processed\audio_wav\6d5d0d70-2e5a-4130-8794-e12b5c5bbd4c.wav,"=HYPERLINK(""D:\Projects\My projects\IAAA_Compet\Speaker-identification\data\processed\audio_wav\6d5d0d70-2e5a-4130-8794-e12b5c5bbd4c.wav"",""6d5d0d70-2e5a-4130-8794-e12b5c5bbd4c.wav"")",65.02,known,55,1a0af70d-3fc5-463b-9127-61f9efaf2645,5,55,1a0af70d-3fc5-463b-9127-61f9efaf2645,0.9276,OK,1,True,True,55,1a0af70d-3fc5-463b-9127-61f9efaf2645,0.9982,OK,1,True,True,False,ok,
6d7917b2-3986-4f5e-b504-7b115dd64e50.wav,D:\Projects\My projects\IAAA_Compet\Speaker-identification\data\processed\audio_wav\6d7917b2-3986-4f5e-b504-7b115dd64e50.wav,"=HYPERLINK(""D:\Projects\My projects\IAAA_Compet\Speaker-identification\data\processed\audio_wav\6d7917b2-3986-4f5e-b504-7b115dd64e50.wav"",""6d7917b2-3986-4f5e-b504-7b115dd64e50.wav"")",50.6,unknown,0,unknown,,0,unknown,0.9823,OK,1,True,True,0,unknown,1.0,OK,1,True,True,False,ok,
6e5f4ec6-d96c-4399-bd29-00e299c96aca.wav,D:\Projects\My projects\IAAA_Compet\Speaker-identification\data\processed\audio_wav\6e5f4ec6-d96c-4399-bd29-00e299c96aca.wav,"=HYPERLINK(""D:\Projects\My projects\IAAA_Compet\Speaker-identification\data\processed\audio_wav\6e5f4ec6-d96c-4399-bd29-00e299c96aca.wav"",""6e5f4ec6-d96c-4399-bd29-00e299c96aca.wav"")",41.47,known,352,c7df2e1e-c633-42f5-a47e-8bb236c97bd7,5,352,c7df2e1e-c633-42f5-a47e-8bb236c97bd7,0.9993,OK,1,True,True,352,c7df2e1e-c633-42f5-a47e-8bb236c97bd7,0.9964,OK,1,True,True,False,ok,
6eb9e225-4db9-4394-9983-86068f7014e1.wav,D:\Projects\My projects\IAAA_Compet\Speaker-identification\data\processed\audio_wav\6eb9e225-4db9-4394-9983-86068f7014e1.wav,"=HYPERLINK(""D:\Projects\My projects\IAAA_Compet\Speaker-identification\data\processed\audio_wav\6eb9e225-4db9-4394-9983-86068f7014e1.wav"",""6eb9e225-4db9-4394-9983-86068f7014e1.wav"")",56.06,known,213,7a31c201-a1c4-42fa-a751-2d0494051c82,5,213,7a31c201-a1c4-42fa-a751-2d0494051c82,0.9975,OK,1,True,True,213,7a31c201-a1c4-42fa-a751-2d0494051c82,0.9769,OK,1,True,True,False,ok,
6f1515a4-6f5e-4d17-a3c9-1e3eaa1af833.wav,D:\Projects\My projects\IAAA_Compet\Speaker-identification\data\processed\audio_wav\6f1515a4-6f5e-4d17-a3c9-1e3eaa1af833.wav,"=HYPERLINK(""D:\Projects\My projects\IAAA_Compet\Speaker-identification\data\processed\audio_wav\6f1515a4-6f5e-4d17-a3c9-1e3eaa1af833.wav"",""6f1515a4-6f5e-4d17-a3c9-1e3eaa1af833.wav"")",58.45,known,140,4727c7cd-2a22-48f2-9f0c-1bf0e6ce1007,5,140,4727c7cd-2a22-48f2-9f0c-1bf0e6ce1007,0.9569,OK,1,True,True,140,4727c7cd-2a22-48f2-9f0c-1bf0e6ce1007,0.9697,OK,1,True,True,False,ok,
6f2b6fdf-ba94-4f50-a05c-02e250c6649c.wav,D:\Projects\My projects\IAAA_Compet\Speaker-identification\data\processed\audio_wav\6f2b6fdf-ba94-4f50-a05c-02e250c6649c.wav,"=HYPERLINK(""D:\Projects\My projects\IAAA_Compet\Speaker-identification\data\processed\audio_wav\6f2b6fdf-ba94-4f50-a05c-02e250c6649c.wav"",""6f2b6fdf-ba94-4f50-a05c-02e250c6649c.wav"")",78.68,known,61,1b47e070-c188-48b7-832d-c012750f7074,5,61,1b47e070-c188-48b7-832d-c012750f7074,0.9908,OK,1,True,True,61,1b47e070-c188-48b7-832d-c012750f7074,0.9749,OK,1,True,True,False,ok,
6fc190bc-2ec6-42c0-a65b-82dbc8454c49.wav,D:\Projects\My projects\IAAA_Compet\Speaker-identification\data\processed\audio_wav\6fc190bc-2ec6-42c0-a65b-82dbc8454c49.wav,"=HYPERLINK(""D:\Projects\My projects\IAAA_Compet\Speaker-identification\data\processed\audio_wav\6fc190bc-2ec6-42c0-a65b-82dbc8454c49.wav"",""6fc190bc-2ec6-42c0-a65b-82dbc8454c49.wav"")",54.7,unknown,0,unknown,,0,unknown,0.9953,OK,1,True,True,0,unknown,1.0,OK,1,True,True,False,ok,
6fccf2d7-7bfa-41e1-b708-7bdc7a45048e.wav,D:\Projects\My projects\IAAA_Compet\Speaker-identification\data\processed\audio_wav\6fccf2d7-7bfa-41e1-b708-7bdc7a45048e.wav,"=HYPERLINK(""D:\Projects\My projects\IAAA_Compet\Speaker-identification\data\processed\audio_wav\6fccf2d7-7bfa-41e1-b708-7bdc7a45048e.wav"",""6fccf2d7-7bfa-41e1-b708-7bdc7a45048e.wav"")",53.25,unknown,0,unknown,,0,unknown,0.8662,OK,1,True,True,0,unknown,0.9141,OK,1,True,True,False,ok,
70626380-726e-4e5b-be8b-3b7a13a31fa8.wav,D:\Projects\My projects\IAAA_Compet\Speaker-identification\data\processed\audio_wav\70626380-726e-4e5b-be8b-3b7a13a31fa8.wav,"=HYPERLINK(""D:\Projects\My projects\IAAA_Compet\Speaker-identification\data\processed\audio_wav\70626380-726e-4e5b-be8b-3b7a13a31fa8.wav"",""70626380-726e-4e5b-be8b-3b7a13a31fa8.wav"")",69.03,unknown,0,unknown,,0,unknown,0.9982,OK,1,True,True,0,unknown,1.0,OK,1,True,True,False,ok,
713e4a13-d6bf-41fb-b628-bfc74abe8e82.wav,D:\Projects\My projects\IAAA_Compet\Speaker-identification\data\processed\audio_wav\713e4a13-d6bf-41fb-b628-bfc74abe8e82.wav,"=HYPERLINK(""D:\Projects\My projects\IAAA_Compet\Speaker-identification\data\processed\audio_wav\713e4a13-d6bf-41fb-b628-bfc74abe8e82.wav"",""713e4a13-d6bf-41fb-b628-bfc74abe8e82.wav"")",62.72,unknown,0,unknown,,0,unknown,0.9931,OK,1,True,True,0,unknown,1.0,OK,1,True,True,False,ok,
719ba122-8464-4f2f-bfb7-8a4facadebf1.wav,D:\Projects\My projects\IAAA_Compet\Speaker-identification\data\processed\audio_wav\719ba122-8464-4f2f-bfb7-8a4facadebf1.wav,"=HYPERLINK(""D:\Projects\My projects\IAAA_Compet\Speaker-identification\data\processed\audio_wav\719ba122-8464-4f2f-bfb7-8a4facadebf1.wav"",""719ba122-8464-4f2f-bfb7-8a4facadebf1.wav"")",60.16,known,88,2c4dd4e1-48b3-431f-8b37-fa551906616e,5,88,2c4dd4e1-48b3-431f-8b37-fa551906616e,0.9973,OK,1,True,True,88,2c4dd4e1-48b3-431f-8b37-fa551906616e,0.9934,OK,1,True,True,False,ok,
71a90674-905d-4597-8591-08d89c042009.wav,D:\Projects\My projects\IAAA_Compet\Speaker-identification\data\processed\audio_wav\71a90674-905d-4597-8591-08d89c042009.wav,"=HYPERLINK(""D:\Projects\My projects\IAAA_Compet\Speaker-identification\data\processed\audio_wav\71a90674-905d-4597-8591-08d89c042009.wav"",""71a90674-905d-4597-8591-08d89c042009.wav"")",63.66,unknown,0,unknown,,0,unknown,0.3023,OK,1,True,True,0,unknown,0.9987,OK,1,True,True,False,ok,
71c05efd-4af4-4128-97a5-919cb30285a1.wav,D:\Projects\My projects\IAAA_Compet\Speaker-identification\data\processed\audio_wav\71c05efd-4af4-4128-97a5-919cb30285a1.wav,"=HYPERLINK(""D:\Projects\My projects\IAAA_Compet\Speaker-identification\data\processed\audio_wav\71c05efd-4af4-4128-97a5-919cb30285a1.wav"",""71c05efd-4af4-4128-97a5-919cb30285a1.wav"")",56.58,known,189,682deafe-9e0a-412d-b4eb-ee083fee3e0c,5,189,682deafe-9e0a-412d-b4eb-ee083fee3e0c,0.9969,OK,1,True,True,189,682deafe-9e0a-412d-b4eb-ee083fee3e0c,0.999,OK,1,True,True,False,ok,
71ccab2d-5c19-4160-a949-959903d5870e.wav,D:\Projects\My projects\IAAA_Compet\Speaker-identification\data\processed\audio_wav\71ccab2d-5c19-4160-a949-959903d5870e.wav,"=HYPERLINK(""D:\Projects\My projects\IAAA_Compet\Speaker-identification\data\processed\audio_wav\71ccab2d-5c19-4160-a949-959903d5870e.wav"",""71ccab2d-5c19-4160-a949-959903d5870e.wav"")",82.6,unknown,0,unknown,,0,unknown,0.9966,OK,1,True,True,0,unknown,1.0,OK,1,True,True,False,ok,
71e74f65-4772-4c73-bb5e-91215f6b7ee3.wav,D:\Projects\My projects\IAAA_Compet\Speaker-identification\data\processed\audio_wav\71e74f65-4772-4c73-bb5e-91215f6b7ee3.wav,"=HYPERLINK(""D:\Projects\My projects\IAAA_Compet\Speaker-identification\data\processed\audio_wav\71e74f65-4772-4c73-bb5e-91215f6b7ee3.wav"",""71e74f65-4772-4c73-bb5e-91215f6b7ee3.wav"")",91.65,unknown,0,unknown,,0,unknown,0.9999,OK,1,True,True,0,unknown,1.0,OK,1,True,True,False,ok,
71f7b8cc-de4d-4c3d-a71e-06970f07ddd1.wav,D:\Projects\My projects\IAAA_Compet\Speaker-identification\data\processed\audio_wav\71f7b8cc-de4d-4c3d-a71e-06970f07ddd1.wav,"=HYPERLINK(""D:\Projects\My projects\IAAA_Compet\Speaker-identification\data\processed\audio_wav\71f7b8cc-de4d-4c3d-a71e-06970f07ddd1.wav"",""71f7b8cc-de4d-4c3d-a71e-06970f07ddd1.wav"")",46.85,known,431,f5c7e317-778b-4264-9cbc-23bda2162686,5,431,f5c7e317-778b-4264-9cbc-23bda2162686,0.9649,OK,1,True,True,431,f5c7e317-778b-4264-9cbc-23bda2162686,0.9967,OK,1,True,True,False,ok,
727702f6-d8f3-41a7-913d-00f6a103f39b.wav,D:\Projects\My projects\IAAA_Compet\Speaker-identification\data\processed\audio_wav\727702f6-d8f3-41a7-913d-00f6a103f39b.wav,"=HYPERLINK(""D:\Projects\My projects\IAAA_Compet\Speaker-identification\data\processed\audio_wav\727702f6-d8f3-41a7-913d-00f6a103f39b.wav"",""727702f6-d8f3-41a7-913d-00f6a103f39b.wav"")",53.25,unknown,0,unknown,,0,unknown,0.9949,OK,1,True,True,0,unknown,1.0,OK,1,True,True,False,ok,
727ee72b-c37d-486f-bafd-78a9a3d180fd.wav,D:\Projects\My projects\IAAA_Compet\Speaker-identification\data\processed\audio_wav\727ee72b-c37d-486f-bafd-78a9a3d180fd.wav,"=HYPERLINK(""D:\Projects\My projects\IAAA_Compet\Speaker-identification\data\processed\audio_wav\727ee72b-c37d-486f-bafd-78a9a3d180fd.wav"",""727ee72b-c37d-486f-bafd-78a9a3d180fd.wav"")",59.48,known,379,d5371a00-3352-41a7-9d38-65d69e60faa4,5,379,d5371a00-3352-41a7-9d38-65d69e60faa4,0.9994,OK,1,True,True,379,d5371a00-3352-41a7-9d38-65d69e60faa4,0.9909,OK,1,True,True,False,ok,
72bf96c7-93e0-4f14-a0e2-953c5831de74.wav,D:\Projects\My projects\IAAA_Compet\Speaker-identification\data\processed\audio_wav\72bf96c7-93e0-4f14-a0e2-953c5831de74.wav,"=HYPERLINK(""D:\Projects\My projects\IAAA_Compet\Speaker-identification\data\processed\audio_wav\72bf96c7-93e0-4f14-a0e2-953c5831de74.wav"",""72bf96c7-93e0-4f14-a0e2-953c5831de74.wav"")",71.0,unknown,0,unknown,,0,unknown,0.9984,OK,1,True,True,0,unknown,0.9987,OK,1,True,True,False,ok,
7348c776-9539-44d0-a9a5-cc44bb9560a6.wav,D:\Projects\My projects\IAAA_Compet\Speaker-identification\data\processed\audio_wav\7348c776-9539-44d0-a9a5-cc44bb9560a6.wav,"=HYPERLINK(""D:\Projects\My projects\IAAA_Compet\Speaker-identification\data\processed\audio_wav\7348c776-9539-44d0-a9a5-cc44bb9560a6.wav"",""7348c776-9539-44d0-a9a5-cc44bb9560a6.wav"")",58.45,unknown,0,unknown,,0,unknown,0.5716,OK,1,True,True,0,unknown,0.9995,OK,1,True,True,False,ok,
737b2951-8643-47ae-9ceb-ed158e7a009b.wav,D:\Projects\My projects\IAAA_Compet\Speaker-identification\data\processed\audio_wav\737b2951-8643-47ae-9ceb-ed158e7a009b.wav,"=HYPERLINK(""D:\Projects\My projects\IAAA_Compet\Speaker-identification\data\processed\audio_wav\737b2951-8643-47ae-9ceb-ed158e7a009b.wav"",""737b2951-8643-47ae-9ceb-ed158e7a009b.wav"")",49.32,known,321,b9c732dd-af68-478a-b56c-1d10d63a3b63,5,321,b9c732dd-af68-478a-b56c-1d10d63a3b63,0.9835,OK,1,True,True,321,b9c732dd-af68-478a-b56c-1d10d63a3b63,0.9616,OK,1,True,True,False,ok,
73ea0baa-e1af-4677-9f3f-8792d5ee0847.wav,D:\Projects\My projects\IAAA_Compet\Speaker-identification\data\processed\audio_wav\73ea0baa-e1af-4677-9f3f-8792d5ee0847.wav,"=HYPERLINK(""D:\Projects\My projects\IAAA_Compet\Speaker-identification\data\processed\audio_wav\73ea0baa-e1af-4677-9f3f-8792d5ee0847.wav"",""73ea0baa-e1af-4677-9f3f-8792d5ee0847.wav"")",88.75,unknown,0,unknown,,0,unknown,0.9868,OK,1,True,True,0,unknown,1.0,OK,1,True,True,False,ok,
73eeece0-8d2c-4ba2-8814-9eb67454d02d.wav,D:\Projects\My projects\IAAA_Compet\Speaker-identification\data\processed\audio_wav\73eeece0-8d2c-4ba2-8814-9eb67454d02d.wav,"=HYPERLINK(""D:\Projects\My projects\IAAA_Compet\Speaker-identification\data\processed\audio_wav\73eeece0-8d2c-4ba2-8814-9eb67454d02d.wav"",""73eeece0-8d2c-4ba2-8814-9eb67454d02d.wav"")",84.57,known,364,cdb8a057-64c4-4881-b797-027ce6c57e8a,5,364,cdb8a057-64c4-4881-b797-027ce6c57e8a,0.999,OK,1,True,True,364,cdb8a057-64c4-4881-b797-027ce6c57e8a,0.9805,OK,1,True,True,False,ok,
746bb7fb-7fb2-4c9d-aee1-5535ff56bd0c.wav,D:\Projects\My projects\IAAA_Compet\Speaker-identification\data\processed\audio_wav\746bb7fb-7fb2-4c9d-aee1-5535ff56bd0c.wav,"=HYPERLINK(""D:\Projects\My projects\IAAA_Compet\Speaker-identification\data\processed\audio_wav\746bb7fb-7fb2-4c9d-aee1-5535ff56bd0c.wav"",""746bb7fb-7fb2-4c9d-aee1-5535ff56bd0c.wav"")",72.45,unknown,0,unknown,,0,unknown,0.9626,OK,1,True,True,0,unknown,0.9999,OK,1,True,True,False,ok,
74815cc4-4cc8-41dd-ad52-ffbbb969b727.wav,D:\Projects\My projects\IAAA_Compet\Speaker-identification\data\processed\audio_wav\74815cc4-4cc8-41dd-ad52-ffbbb969b727.wav,"=HYPERLINK(""D:\Projects\My projects\IAAA_Compet\Speaker-identification\data\processed\audio_wav\74815cc4-4cc8-41dd-ad52-ffbbb969b727.wav"",""74815cc4-4cc8-41dd-ad52-ffbbb969b727.wav"")",61.01,unknown,0,unknown,,0,unknown,0.9995,OK,1,True,True,0,unknown,1.0,OK,1,True,True,False,ok,
74994f1e-61ce-4a93-bab5-b7f364640b2f.wav,D:\Projects\My projects\IAAA_Compet\Speaker-identification\data\processed\audio_wav\74994f1e-61ce-4a93-bab5-b7f364640b2f.wav,"=HYPERLINK(""D:\Projects\My projects\IAAA_Compet\Speaker-identification\data\processed\audio_wav\74994f1e-61ce-4a93-bab5-b7f364640b2f.wav"",""74994f1e-61ce-4a93-bab5-b7f364640b2f.wav"")",45.65,known,329,bc17153b-ecf9-498d-8721-645db0aa6a88,5,329,bc17153b-ecf9-498d-8721-645db0aa6a88,0.9954,OK,1,True,True,329,bc17153b-ecf9-498d-8721-645db0aa6a88,0.9993,OK,1,True,True,False,ok,
751fc423-2789-48b8-950d-7c0aeda0172d.wav,D:\Projects\My projects\IAAA_Compet\Speaker-identification\data\processed\audio_wav\751fc423-2789-48b8-950d-7c0aeda0172d.wav,"=HYPERLINK(""D:\Projects\My projects\IAAA_Compet\Speaker-identification\data\processed\audio_wav\751fc423-2789-48b8-950d-7c0aeda0172d.wav"",""751fc423-2789-48b8-950d-7c0aeda0172d.wav"")",85.67,unknown,0,unknown,,0,unknown,0.9988,OK,1,True,True,0,unknown,1.0,OK,1,True,True,False,ok,
75f7130c-00dc-45ce-a779-198a56afd081.wav,D:\Projects\My projects\IAAA_Compet\Speaker-identification\data\processed\audio_wav\75f7130c-00dc-45ce-a779-198a56afd081.wav,"=HYPERLINK(""D:\Projects\My projects\IAAA_Compet\Speaker-identification\data\processed\audio_wav\75f7130c-00dc-45ce-a779-198a56afd081.wav"",""75f7130c-00dc-45ce-a779-198a56afd081.wav"")",85.42,known,405,e6d8c2df-c1ee-4c1f-a540-f9fbf47b0dd4,5,405,e6d8c2df-c1ee-4c1f-a540-f9fbf47b0dd4,0.9984,OK,1,True,True,405,e6d8c2df-c1ee-4c1f-a540-f9fbf47b0dd4,0.9872,OK,1,True,True,False,ok,
7679ad42-71d6-4e10-a8dc-5baa673ee4cb.wav,D:\Projects\My projects\IAAA_Compet\Speaker-identification\data\processed\audio_wav\7679ad42-71d6-4e10-a8dc-5baa673ee4cb.wav,"=HYPERLINK(""D:\Projects\My projects\IAAA_Compet\Speaker-identification\data\processed\audio_wav\7679ad42-71d6-4e10-a8dc-5baa673ee4cb.wav"",""7679ad42-71d6-4e10-a8dc-5baa673ee4cb.wav"")",76.37,unknown,0,unknown,,0,unknown,0.9792,OK,1,True,True,0,unknown,1.0,OK,1,True,True,False,ok,
7696a808-1c81-4c53-8b05-2509bd01580a.wav,D:\Projects\My projects\IAAA_Compet\Speaker-identification\data\processed\audio_wav\7696a808-1c81-4c53-8b05-2509bd01580a.wav,"=HYPERLINK(""D:\Projects\My projects\IAAA_Compet\Speaker-identification\data\processed\audio_wav\7696a808-1c81-4c53-8b05-2509bd01580a.wav"",""7696a808-1c81-4c53-8b05-2509bd01580a.wav"")",53.5,unknown,0,unknown,,0,unknown,0.9852,OK,1,True,True,0,unknown,1.0,OK,1,True,True,False,ok,
769fc9a5-8669-43fb-a2c3-26962b975b80.wav,D:\Projects\My projects\IAAA_Compet\Speaker-identification\data\processed\audio_wav\769fc9a5-8669-43fb-a2c3-26962b975b80.wav,"=HYPERLINK(""D:\Projects\My projects\IAAA_Compet\Speaker-identification\data\processed\audio_wav\769fc9a5-8669-43fb-a2c3-26962b975b80.wav"",""769fc9a5-8669-43fb-a2c3-26962b975b80.wav"")",64.09,known,315,b47c8bc6-fc65-45ca-99e5-75ce1d45a8ae,5,315,b47c8bc6-fc65-45ca-99e5-75ce1d45a8ae,0.9983,OK,1,True,True,315,b47c8bc6-fc65-45ca-99e5-75ce1d45a8ae,0.9875,OK,1,True,True,False,ok,
76b08e72-2ffd-4b1e-990f-cd8ce1e7923d.wav,D:\Projects\My projects\IAAA_Compet\Speaker-identification\data\processed\audio_wav\76b08e72-2ffd-4b1e-990f-cd8ce1e7923d.wav,"=HYPERLINK(""D:\Projects\My projects\IAAA_Compet\Speaker-identification\data\processed\audio_wav\76b08e72-2ffd-4b1e-990f-cd8ce1e7923d.wav"",""76b08e72-2ffd-4b1e-990f-cd8ce1e7923d.wav"")",64.0,unknown,0,unknown,,0,unknown,0.9941,OK,1,True,True,0,unknown,0.9999,OK,1,True,True,False,ok,
76b92a44-3ac1-4289-9357-ed61ef9cbb5e.wav,D:\Projects\My projects\IAAA_Compet\Speaker-identification\data\processed\audio_wav\76b92a44-3ac1-4289-9357-ed61ef9cbb5e.wav,"=HYPERLINK(""D:\Projects\My projects\IAAA_Compet\Speaker-identification\data\processed\audio_wav\76b92a44-3ac1-4289-9357-ed61ef9cbb5e.wav"",""76b92a44-3ac1-4289-9357-ed61ef9cbb5e.wav"")",59.31,unknown,0,unknown,,0,unknown,0.97,OK,1,True,True,0,unknown,1.0,OK,1,True,True,False,ok,
77136d8b-56c0-41cf-97cd-c79096068b21.wav,D:\Projects\My projects\IAAA_Compet\Speaker-identification\data\processed\audio_wav\77136d8b-56c0-41cf-97cd-c79096068b21.wav,"=HYPERLINK(""D:\Projects\My projects\IAAA_Compet\Speaker-identification\data\processed\audio_wav\77136d8b-56c0-41cf-97cd-c79096068b21.wav"",""77136d8b-56c0-41cf-97cd-c79096068b21.wav"")",77.74,unknown,0,unknown,,0,unknown,0.9612,OK,1,True,True,0,unknown,1.0,OK,1,True,True,False,ok,
773156d1-87f6-4a77-99f6-7fad2ba46b5b.wav,D:\Projects\My projects\IAAA_Compet\Speaker-identification\data\processed\audio_wav\773156d1-87f6-4a77-99f6-7fad2ba46b5b.wav,"=HYPERLINK(""D:\Projects\My projects\IAAA_Compet\Speaker-identification\data\processed\audio_wav\773156d1-87f6-4a77-99f6-7fad2ba46b5b.wav"",""773156d1-87f6-4a77-99f6-7fad2ba46b5b.wav"")",8.11,unknown,0,unknown,,0,unknown,0.9995,OK,1,True,True,0,unknown,1.0,OK,1,True,True,False,ok,
77be13af-4913-4d57-bccd-1bb182aa2652.wav,D:\Projects\My projects\IAAA_Compet\Speaker-identification\data\processed\audio_wav\77be13af-4913-4d57-bccd-1bb182aa2652.wav,"=HYPERLINK(""D:\Projects\My projects\IAAA_Compet\Speaker-identification\data\processed\audio_wav\77be13af-4913-4d57-bccd-1bb182aa2652.wav"",""77be13af-4913-4d57-bccd-1bb182aa2652.wav"")",68.35,known,202,716e75b2-c6a1-4a46-b60f-48831cca6bb4,5,202,716e75b2-c6a1-4a46-b60f-48831cca6bb4,0.985,OK,1,True,True,202,716e75b2-c6a1-4a46-b60f-48831cca6bb4,0.9856,OK,1,True,True,False,ok,
77c64136-aeb7-41e3-9d74-e6a2bdb2cf9e.wav,D:\Projects\My projects\IAAA_Compet\Speaker-identification\data\processed\audio_wav\77c64136-aeb7-41e3-9d74-e6a2bdb2cf9e.wav,"=HYPERLINK(""D:\Projects\My projects\IAAA_Compet\Speaker-identification\data\processed\audio_wav\77c64136-aeb7-41e3-9d74-e6a2bdb2cf9e.wav"",""77c64136-aeb7-41e3-9d74-e6a2bdb2cf9e.wav"")",36.18,known,113,37ce0f91-2154-4f0b-973e-f6eeea7fe25e,5,113,37ce0f91-2154-4f0b-973e-f6eeea7fe25e,0.9359,OK,1,True,True,113,37ce0f91-2154-4f0b-973e-f6eeea7fe25e,0.9892,OK,1,True,True,False,ok,
77e920d7-4067-43b2-b129-3d29bb24a597.wav,D:\Projects\My projects\IAAA_Compet\Speaker-identification\data\processed\audio_wav\77e920d7-4067-43b2-b129-3d29bb24a597.wav,"=HYPERLINK(""D:\Projects\My projects\IAAA_Compet\Speaker-identification\data\processed\audio_wav\77e920d7-4067-43b2-b129-3d29bb24a597.wav"",""77e920d7-4067-43b2-b129-3d29bb24a597.wav"")",55.89,known,301,a96522db-4655-413c-92ff-a52bcb41943d,5,301,a96522db-4655-413c-92ff-a52bcb41943d,0.9924,OK,1,True,True,301,a96522db-4655-413c-92ff-a52bcb41943d,0.9952,OK,1,True,True,False,ok,
79e48915-3d73-4439-93d8-5defa1cbb404.wav,D:\Projects\My projects\IAAA_Compet\Speaker-identification\data\processed\audio_wav\79e48915-3d73-4439-93d8-5defa1cbb404.wav,"=HYPERLINK(""D:\Projects\My projects\IAAA_Compet\Speaker-identification\data\processed\audio_wav\79e48915-3d73-4439-93d8-5defa1cbb404.wav"",""79e48915-3d73-4439-93d8-5defa1cbb404.wav"")",45.33,known,75,24fb5522-7ca9-425b-8d11-f04c6f0c5dae,5,75,24fb5522-7ca9-425b-8d11-f04c6f0c5dae,0.9719,OK,1,True,True,75,24fb5522-7ca9-425b-8d11-f04c6f0c5dae,0.9847,OK,1,True,True,False,ok,
79ee69f7-4105-4de6-82cc-fa170ddcba0e.wav,D:\Projects\My projects\IAAA_Compet\Speaker-identification\data\processed\audio_wav\79ee69f7-4105-4de6-82cc-fa170ddcba0e.wav,"=HYPERLINK(""D:\Projects\My projects\IAAA_Compet\Speaker-identification\data\processed\audio_wav\79ee69f7-4105-4de6-82cc-fa170ddcba0e.wav"",""79ee69f7-4105-4de6-82cc-fa170ddcba0e.wav"")",44.63,unknown,0,unknown,,0,unknown,0.9618,OK,1,True,True,0,unknown,1.0,OK,1,True,True,False,ok,
7a0f83ad-d27d-4b09-85f2-a0d69f847276.wav,D:\Projects\My projects\IAAA_Compet\Speaker-identification\data\processed\audio_wav\7a0f83ad-d27d-4b09-85f2-a0d69f847276.wav,"=HYPERLINK(""D:\Projects\My projects\IAAA_Compet\Speaker-identification\data\processed\audio_wav\7a0f83ad-d27d-4b09-85f2-a0d69f847276.wav"",""7a0f83ad-d27d-4b09-85f2-a0d69f847276.wav"")",63.23,known,375,d433a3a4-b25e-4257-9f7e-25d80f217ae1,5,375,d433a3a4-b25e-4257-9f7e-25d80f217ae1,0.989,OK,1,True,True,375,d433a3a4-b25e-4257-9f7e-25d80f217ae1,0.9908,OK,1,True,True,False,ok,
7a315dab-2236-4ba6-b46a-d2e034a6f56b.wav,D:\Projects\My projects\IAAA_Compet\Speaker-identification\data\processed\audio_wav\7a315dab-2236-4ba6-b46a-d2e034a6f56b.wav,"=HYPERLINK(""D:\Projects\My projects\IAAA_Compet\Speaker-identification\data\processed\audio_wav\7a315dab-2236-4ba6-b46a-d2e034a6f56b.wav"",""7a315dab-2236-4ba6-b46a-d2e034a6f56b.wav"")",69.12,known,159,5542c077-7a1e-4e23-8c17-f8caa5d2aa48,5,159,5542c077-7a1e-4e23-8c17-f8caa5d2aa48,0.9981,OK,1,True,True,159,5542c077-7a1e-4e23-8c17-f8caa5d2aa48,0.9958,OK,1,True,True,False,ok,
7a5afcc2-0cc9-48a4-b42b-6b631aabaa20.wav,D:\Projects\My projects\IAAA_Compet\Speaker-identification\data\processed\audio_wav\7a5afcc2-0cc9-48a4-b42b-6b631aabaa20.wav,"=HYPERLINK(""D:\Projects\My projects\IAAA_Compet\Speaker-identification\data\processed\audio_wav\7a5afcc2-0cc9-48a4-b42b-6b631aabaa20.wav"",""7a5afcc2-0cc9-48a4-b42b-6b631aabaa20.wav"")",69.89,unknown,0,unknown,,0,unknown,0.9998,OK,1,True,True,0,unknown,1.0,OK,1,True,True,False,ok,
7a6c044f-de13-4f19-a851-7a66ab974310.wav,D:\Projects\My projects\IAAA_Compet\Speaker-identification\data\processed\audio_wav\7a6c044f-de13-4f19-a851-7a66ab974310.wav,"=HYPERLINK(""D:\Projects\My projects\IAAA_Compet\Speaker-identification\data\processed\audio_wav\7a6c044f-de13-4f19-a851-7a66ab974310.wav"",""7a6c044f-de13-4f19-a851-7a66ab974310.wav"")",61.53,unknown,0,unknown,,0,unknown,0.9174,OK,1,True,True,0,unknown,1.0,OK,1,True,True,False,ok,
7a911400-1424-42fe-893c-53f0a879340b.wav,D:\Projects\My projects\IAAA_Compet\Speaker-identification\data\processed\audio_wav\7a911400-1424-42fe-893c-53f0a879340b.wav,"=HYPERLINK(""D:\Projects\My projects\IAAA_Compet\Speaker-identification\data\processed\audio_wav\7a911400-1424-42fe-893c-53f0a879340b.wav"",""7a911400-1424-42fe-893c-53f0a879340b.wav"")",59.99,known,410,e843425a-05b6-4ccf-b252-f41fe06a24af,5,410,e843425a-05b6-4ccf-b252-f41fe06a24af,0.9991,OK,1,True,True,410,e843425a-05b6-4ccf-b252-f41fe06a24af,0.9981,OK,1,True,True,False,ok,
7a98a914-1734-45c2-9fd8-e4a3cf40ee94.wav,D:\Projects\My projects\IAAA_Compet\Speaker-identification\data\processed\audio_wav\7a98a914-1734-45c2-9fd8-e4a3cf40ee94.wav,"=HYPERLINK(""D:\Projects\My projects\IAAA_Compet\Speaker-identification\data\processed\audio_wav\7a98a914-1734-45c2-9fd8-e4a3cf40ee94.wav"",""7a98a914-1734-45c2-9fd8-e4a3cf40ee94.wav"")",77.82,unknown,0,unknown,,0,unknown,0.943,OK,1,True,True,0,unknown,1.0,OK,1,True,True,False,ok,
7ab0d5b4-8ef3-43a6-8387-32b9d036e6d0.wav,D:\Projects\My projects\IAAA_Compet\Speaker-identification\data\processed\audio_wav\7ab0d5b4-8ef3-43a6-8387-32b9d036e6d0.wav,"=HYPERLINK(""D:\Projects\My projects\IAAA_Compet\Speaker-identification\data\processed\audio_wav\7ab0d5b4-8ef3-43a6-8387-32b9d036e6d0.wav"",""7ab0d5b4-8ef3-43a6-8387-32b9d036e6d0.wav"")",49.07,known,86,2b8f7b0a-5e95-49f7-a79e-1f4e31405c0d,5,86,2b8f7b0a-5e95-49f7-a79e-1f4e31405c0d,0.9834,OK,1,True,True,86,2b8f7b0a-5e95-49f7-a79e-1f4e31405c0d,0.9821,OK,1,True,True,False,ok,
7adb81e4-83da-4b21-a3a7-48b93012f0f6.wav,D:\Projects\My projects\IAAA_Compet\Speaker-identification\data\processed\audio_wav\7adb81e4-83da-4b21-a3a7-48b93012f0f6.wav,"=HYPERLINK(""D:\Projects\My projects\IAAA_Compet\Speaker-identification\data\processed\audio_wav\7adb81e4-83da-4b21-a3a7-48b93012f0f6.wav"",""7adb81e4-83da-4b21-a3a7-48b93012f0f6.wav"")",70.91,known,133,454741a2-f984-44ff-8c99-a42e0262cf56,5,133,454741a2-f984-44ff-8c99-a42e0262cf56,0.9003,OK,1,True,True,133,454741a2-f984-44ff-8c99-a42e0262cf56,0.9978,OK,1,True,True,False,ok,
7aeeef2b-4615-45ee-9f6c-c396a8388d3c.wav,D:\Projects\My projects\IAAA_Compet\Speaker-identification\data\processed\audio_wav\7aeeef2b-4615-45ee-9f6c-c396a8388d3c.wav,"=HYPERLINK(""D:\Projects\My projects\IAAA_Compet\Speaker-identification\data\processed\audio_wav\7aeeef2b-4615-45ee-9f6c-c396a8388d3c.wav"",""7aeeef2b-4615-45ee-9f6c-c396a8388d3c.wav"")",72.96,unknown,0,unknown,,0,unknown,0.3057,OK,1,True,True,0,unknown,0.7147,OK,1,True,True,False,ok,
7b49938a-58a9-415f-82e0-6052d0a1cc9b.wav,D:\Projects\My projects\IAAA_Compet\Speaker-identification\data\processed\audio_wav\7b49938a-58a9-415f-82e0-6052d0a1cc9b.wav,"=HYPERLINK(""D:\Projects\My projects\IAAA_Compet\Speaker-identification\data\processed\audio_wav\7b49938a-58a9-415f-82e0-6052d0a1cc9b.wav"",""7b49938a-58a9-415f-82e0-6052d0a1cc9b.wav"")",47.1,known,415,ea32e4ef-3e7f-4523-8bbe-8b4043501461,5,415,ea32e4ef-3e7f-4523-8bbe-8b4043501461,0.9986,OK,1,True,True,415,ea32e4ef-3e7f-4523-8bbe-8b4043501461,0.9905,OK,1,True,True,False,ok,
7bbdfa01-ea95-471a-aa8c-795e811a5f3c.wav,D:\Projects\My projects\IAAA_Compet\Speaker-identification\data\processed\audio_wav\7bbdfa01-ea95-471a-aa8c-795e811a5f3c.wav,"=HYPERLINK(""D:\Projects\My projects\IAAA_Compet\Speaker-identification\data\processed\audio_wav\7bbdfa01-ea95-471a-aa8c-795e811a5f3c.wav"",""7bbdfa01-ea95-471a-aa8c-795e811a5f3c.wav"")",43.78,unknown,0,unknown,,0,unknown,0.9747,OK,1,True,True,0,unknown,1.0,OK,1,True,True,False,ok,
7bc18183-a921-4346-8af4-c92b7036101b.wav,D:\Projects\My projects\IAAA_Compet\Speaker-identification\data\processed\audio_wav\7bc18183-a921-4346-8af4-c92b7036101b.wav,"=HYPERLINK(""D:\Projects\My projects\IAAA_Compet\Speaker-identification\data\processed\audio_wav\7bc18183-a921-4346-8af4-c92b7036101b.wav"",""7bc18183-a921-4346-8af4-c92b7036101b.wav"")",66.47,unknown,0,unknown,,0,unknown,0.9998,OK,1,True,True,0,unknown,1.0,OK,1,True,True,False,ok,
7bcdad0b-6ac0-4db6-8a41-a3a13942df2b.wav,D:\Projects\My projects\IAAA_Compet\Speaker-identification\data\processed\audio_wav\7bcdad0b-6ac0-4db6-8a41-a3a13942df2b.wav,"=HYPERLINK(""D:\Projects\My projects\IAAA_Compet\Speaker-identification\data\processed\audio_wav\7bcdad0b-6ac0-4db6-8a41-a3a13942df2b.wav"",""7bcdad0b-6ac0-4db6-8a41-a3a13942df2b.wav"")",49.49,known,359,cbfd0b82-7867-4676-9d1b-96473801e879,5,359,cbfd0b82-7867-4676-9d1b-96473801e879,0.9775,OK,1,True,True,359,cbfd0b82-7867-4676-9d1b-96473801e879,0.9667,OK,1,True,True,False,ok,
7c3b8d82-5024-4648-92c5-ecd50c03f4f1.wav,D:\Projects\My projects\IAAA_Compet\Speaker-identification\data\processed\audio_wav\7c3b8d82-5024-4648-92c5-ecd50c03f4f1.wav,"=HYPERLINK(""D:\Projects\My projects\IAAA_Compet\Speaker-identification\data\processed\audio_wav\7c3b8d82-5024-4648-92c5-ecd50c03f4f1.wav"",""7c3b8d82-5024-4648-92c5-ecd50c03f4f1.wav"")",71.08,unknown,0,unknown,,0,unknown,0.7547,OK,1,True,True,0,unknown,1.0,OK,1,True,True,False,ok,
7c4631cf-c9d7-47e3-9c74-1b7c5181efc4.wav,D:\Projects\My projects\IAAA_Compet\Speaker-identification\data\processed\audio_wav\7c4631cf-c9d7-47e3-9c74-1b7c5181efc4.wav,"=HYPERLINK(""D:\Projects\My projects\IAAA_Compet\Speaker-identification\data\processed\audio_wav\7c4631cf-c9d7-47e3-9c74-1b7c5181efc4.wav"",""7c4631cf-c9d7-47e3-9c74-1b7c5181efc4.wav"")",72.02,known,129,43fb3219-3d26-4809-8253-4011a6216a7b,5,129,43fb3219-3d26-4809-8253-4011a6216a7b,0.884,OK,1,True,True,129,43fb3219-3d26-4809-8253-4011a6216a7b,0.9916,OK,1,True,True,False,ok,
7c8c3d30-fac5-4cbf-bf74-e2bde965d144.wav,D:\Projects\My projects\IAAA_Compet\Speaker-identification\data\processed\audio_wav\7c8c3d30-fac5-4cbf-bf74-e2bde965d144.wav,"=HYPERLINK(""D:\Projects\My projects\IAAA_Compet\Speaker-identification\data\processed\audio_wav\7c8c3d30-fac5-4cbf-bf74-e2bde965d144.wav"",""7c8c3d30-fac5-4cbf-bf74-e2bde965d144.wav"")",59.56,known,268,9685d813-3d8f-4dce-8f98-f1deec4d004b,5,268,9685d813-3d8f-4dce-8f98-f1deec4d004b,0.865,OK,1,True,True,268,9685d813-3d8f-4dce-8f98-f1deec4d004b,0.9657,OK,1,True,True,False,ok,
7c9eb9e1-3889-4849-9f8f-be73f60932db.wav,D:\Projects\My projects\IAAA_Compet\Speaker-identification\data\processed\audio_wav\7c9eb9e1-3889-4849-9f8f-be73f60932db.wav,"=HYPERLINK(""D:\Projects\My projects\IAAA_Compet\Speaker-identification\data\processed\audio_wav\7c9eb9e1-3889-4849-9f8f-be73f60932db.wav"",""7c9eb9e1-3889-4849-9f8f-be73f60932db.wav"")",60.16,known,370,d09a8c86-c3fb-4e02-a1b8-a32b14d4755a,5,370,d09a8c86-c3fb-4e02-a1b8-a32b14d4755a,0.9872,OK,1,True,True,370,d09a8c86-c3fb-4e02-a1b8-a32b14d4755a,0.9928,OK,1,True,True,False,ok,
7cb0cda5-8cb6-4075-910a-5399d79fdcd3.wav,D:\Projects\My projects\IAAA_Compet\Speaker-identification\data\processed\audio_wav\7cb0cda5-8cb6-4075-910a-5399d79fdcd3.wav,"=HYPERLINK(""D:\Projects\My projects\IAAA_Compet\Speaker-identification\data\processed\audio_wav\7cb0cda5-8cb6-4075-910a-5399d79fdcd3.wav"",""7cb0cda5-8cb6-4075-910a-5399d79fdcd3.wav"")",70.06,unknown,0,unknown,,0,unknown,0.991,OK,1,True,True,0,unknown,0.9973,OK,1,True,True,False,ok,
7d626fa9-3edb-42c1-bf2c-ddc7ab9c84ba.wav,D:\Projects\My projects\IAAA_Compet\Speaker-identification\data\processed\audio_wav\7d626fa9-3edb-42c1-bf2c-ddc7ab9c84ba.wav,"=HYPERLINK(""D:\Projects\My projects\IAAA_Compet\Speaker-identification\data\processed\audio_wav\7d626fa9-3edb-42c1-bf2c-ddc7ab9c84ba.wav"",""7d626fa9-3edb-42c1-bf2c-ddc7ab9c84ba.wav"")",41.3,unknown,0,unknown,,0,unknown,0.9905,OK,1,True,True,0,unknown,1.0,OK,1,True,True,False,ok,
7e1f8fb2-0311-4448-aecd-938f9b31ec7c.wav,D:\Projects\My projects\IAAA_Compet\Speaker-identification\data\processed\audio_wav\7e1f8fb2-0311-4448-aecd-938f9b31ec7c.wav,"=HYPERLINK(""D:\Projects\My projects\IAAA_Compet\Speaker-identification\data\processed\audio_wav\7e1f8fb2-0311-4448-aecd-938f9b31ec7c.wav"",""7e1f8fb2-0311-4448-aecd-938f9b31ec7c.wav"")",63.4,unknown,0,unknown,,0,unknown,0.7422,OK,1,True,True,0,unknown,1.0,OK,1,True,True,False,ok,
7e2dc3b5-7002-430b-8d80-bcbe78b35942.wav,D:\Projects\My projects\IAAA_Compet\Speaker-identification\data\processed\audio_wav\7e2dc3b5-7002-430b-8d80-bcbe78b35942.wav,"=HYPERLINK(""D:\Projects\My projects\IAAA_Compet\Speaker-identification\data\processed\audio_wav\7e2dc3b5-7002-430b-8d80-bcbe78b35942.wav"",""7e2dc3b5-7002-430b-8d80-bcbe78b35942.wav"")",55.13,known,371,d09de5a1-0030-4292-bcf9-5c186e449c5f,5,371,d09de5a1-0030-4292-bcf9-5c186e449c5f,0.9975,OK,1,True,True,371,d09de5a1-0030-4292-bcf9-5c186e449c5f,0.9847,OK,1,True,True,False,ok,
7e6dfbb0-782d-4ced-8d5a-f589cb046084.wav,D:\Projects\My projects\IAAA_Compet\Speaker-identification\data\processed\audio_wav\7e6dfbb0-782d-4ced-8d5a-f589cb046084.wav,"=HYPERLINK(""D:\Projects\My projects\IAAA_Compet\Speaker-identification\data\processed\audio_wav\7e6dfbb0-782d-4ced-8d5a-f589cb046084.wav"",""7e6dfbb0-782d-4ced-8d5a-f589cb046084.wav"")",83.2,known,205,72e6d210-7457-4e89-bf6c-fe42d7d919ca,5,205,72e6d210-7457-4e89-bf6c-fe42d7d919ca,0.9991,OK,1,True,True,205,72e6d210-7457-4e89-bf6c-fe42d7d919ca,0.9988,OK,1,True,True,False,ok,
7e77a2ef-9f55-4711-b40a-2ee34ec31257.wav,D:\Projects\My projects\IAAA_Compet\Speaker-identification\data\processed\audio_wav\7e77a2ef-9f55-4711-b40a-2ee34ec31257.wav,"=HYPERLINK(""D:\Projects\My projects\IAAA_Compet\Speaker-identification\data\processed\audio_wav\7e77a2ef-9f55-4711-b40a-2ee34ec31257.wav"",""7e77a2ef-9f55-4711-b40a-2ee34ec31257.wav"")",66.47,unknown,0,unknown,,0,unknown,0.9997,OK,1,True,True,0,unknown,1.0,OK,1,True,True,False,ok,
7e84f4de-7b9c-434b-9d89-d2413c4a14b3.wav,D:\Projects\My projects\IAAA_Compet\Speaker-identification\data\processed\audio_wav\7e84f4de-7b9c-434b-9d89-d2413c4a14b3.wav,"=HYPERLINK(""D:\Projects\My projects\IAAA_Compet\Speaker-identification\data\processed\audio_wav\7e84f4de-7b9c-434b-9d89-d2413c4a14b3.wav"",""7e84f4de-7b9c-434b-9d89-d2413c4a14b3.wav"")",82.69,known,66,215dc1d8-4246-4e30-8de0-3cc21615abd4,5,66,215dc1d8-4246-4e30-8de0-3cc21615abd4,0.9964,OK,1,True,True,66,215dc1d8-4246-4e30-8de0-3cc21615abd4,0.9766,OK,1,True,True,False,ok,
7f13585c-d5a2-427b-b652-e2a939e72ebb.wav,D:\Projects\My projects\IAAA_Compet\Speaker-identification\data\processed\audio_wav\7f13585c-d5a2-427b-b652-e2a939e72ebb.wav,"=HYPERLINK(""D:\Projects\My projects\IAAA_Compet\Speaker-identification\data\processed\audio_wav\7f13585c-d5a2-427b-b652-e2a939e72ebb.wav"",""7f13585c-d5a2-427b-b652-e2a939e72ebb.wav"")",72.87,unknown,0,unknown,,0,unknown,0.9437,OK,1,True,True,0,unknown,1.0,OK,1,True,True,False,ok,
7f30b309-5150-49c6-b811-649cbbb604fd.wav,D:\Projects\My projects\IAAA_Compet\Speaker-identification\data\processed\audio_wav\7f30b309-5150-49c6-b811-649cbbb604fd.wav,"=HYPERLINK(""D:\Projects\My projects\IAAA_Compet\Speaker-identification\data\processed\audio_wav\7f30b309-5150-49c6-b811-649cbbb604fd.wav"",""7f30b309-5150-49c6-b811-649cbbb604fd.wav"")",73.3,known,346,c527509c-c01e-472b-ae61-e4c736dd1fa1,5,346,c527509c-c01e-472b-ae61-e4c736dd1fa1,0.7488,OK,1,True,True,346,c527509c-c01e-472b-ae61-e4c736dd1fa1,0.9837,OK,1,True,True,False,ok,
800d6977-7252-496a-ba25-a096e4eb33bb.wav,D:\Projects\My projects\IAAA_Compet\Speaker-identification\data\processed\audio_wav\800d6977-7252-496a-ba25-a096e4eb33bb.wav,"=HYPERLINK(""D:\Projects\My projects\IAAA_Compet\Speaker-identification\data\processed\audio_wav\800d6977-7252-496a-ba25-a096e4eb33bb.wav"",""800d6977-7252-496a-ba25-a096e4eb33bb.wav"")",60.67,unknown,0,unknown,,0,unknown,0.9998,OK,1,True,True,0,unknown,1.0,OK,1,True,True,False,ok,
80879733-4f19-4501-a3ec-f0b5f07b4168.wav,D:\Projects\My projects\IAAA_Compet\Speaker-identification\data\processed\audio_wav\80879733-4f19-4501-a3ec-f0b5f07b4168.wav,"=HYPERLINK(""D:\Projects\My projects\IAAA_Compet\Speaker-identification\data\processed\audio_wav\80879733-4f19-4501-a3ec-f0b5f07b4168.wav"",""80879733-4f19-4501-a3ec-f0b5f07b4168.wav"")",116.05,known,336,c0a3f01f-978b-47fb-a9f1-d9827a421913,5,336,c0a3f01f-978b-47fb-a9f1-d9827a421913,0.5436,OK,1,True,True,336,c0a3f01f-978b-47fb-a9f1-d9827a421913,0.9885,OK,1,True,True,False,ok,
80d6b811-c693-42a3-bd20-95af85f376fd.wav,D:\Projects\My projects\IAAA_Compet\Speaker-identification\data\processed\audio_wav\80d6b811-c693-42a3-bd20-95af85f376fd.wav,"=HYPERLINK(""D:\Projects\My projects\IAAA_Compet\Speaker-identification\data\processed\audio_wav\80d6b811-c693-42a3-bd20-95af85f376fd.wav"",""80d6b811-c693-42a3-bd20-95af85f376fd.wav"")",55.13,unknown,0,unknown,,0,unknown,0.394,OK,1,True,True,0,unknown,0.9998,OK,1,True,True,False,ok,
8134ba80-26ee-4a02-9ae3-c9e74556a7ae.wav,D:\Projects\My projects\IAAA_Compet\Speaker-identification\data\processed\audio_wav\8134ba80-26ee-4a02-9ae3-c9e74556a7ae.wav,"=HYPERLINK(""D:\Projects\My projects\IAAA_Compet\Speaker-identification\data\processed\audio_wav\8134ba80-26ee-4a02-9ae3-c9e74556a7ae.wav"",""8134ba80-26ee-4a02-9ae3-c9e74556a7ae.wav"")",52.74,known,216,7cba1308-018c-4258-9e4e-a752b0a1c611,5,216,7cba1308-018c-4258-9e4e-a752b0a1c611,0.9878,OK,1,True,True,216,7cba1308-018c-4258-9e4e-a752b0a1c611,0.9962,OK,1,True,True,False,ok,
813d672d-b42c-4fa4-9acf-9599e0151bba.wav,D:\Projects\My projects\IAAA_Compet\Speaker-identification\data\processed\audio_wav\813d672d-b42c-4fa4-9acf-9599e0151bba.wav,"=HYPERLINK(""D:\Projects\My projects\IAAA_Compet\Speaker-identification\data\processed\audio_wav\813d672d-b42c-4fa4-9acf-9599e0151bba.wav"",""813d672d-b42c-4fa4-9acf-9599e0151bba.wav"")",79.27,known,222,7fb10994-fe07-40f4-a272-41bd21fdd601,5,222,7fb10994-fe07-40f4-a272-41bd21fdd601,0.977,OK,1,True,True,222,7fb10994-fe07-40f4-a272-41bd21fdd601,0.9593,OK,1,True,True,False,ok,
813e1dae-d856-4116-80c7-6d13abaa067c.wav,D:\Projects\My projects\IAAA_Compet\Speaker-identification\data\processed\audio_wav\813e1dae-d856-4116-80c7-6d13abaa067c.wav,"=HYPERLINK(""D:\Projects\My projects\IAAA_Compet\Speaker-identification\data\processed\audio_wav\813e1dae-d856-4116-80c7-6d13abaa067c.wav"",""813e1dae-d856-4116-80c7-6d13abaa067c.wav"")",45.99,unknown,0,unknown,,0,unknown,0.6139,OK,1,True,True,0,unknown,1.0,OK,1,True,True,False,ok,
81429962-6488-488e-8df1-28cb1f935586.wav,D:\Projects\My projects\IAAA_Compet\Speaker-identification\data\processed\audio_wav\81429962-6488-488e-8df1-28cb1f935586.wav,"=HYPERLINK(""D:\Projects\My projects\IAAA_Compet\Speaker-identification\data\processed\audio_wav\81429962-6488-488e-8df1-28cb1f935586.wav"",""81429962-6488-488e-8df1-28cb1f935586.wav"")",58.2,unknown,0,unknown,,0,unknown,0.9652,OK,1,True,True,0,unknown,0.9988,OK,1,True,True,False,ok,
8147e65a-da34-423a-a0b6-508b581c065c.wav,D:\Projects\My projects\IAAA_Compet\Speaker-identification\data\processed\audio_wav\8147e65a-da34-423a-a0b6-508b581c065c.wav,"=HYPERLINK(""D:\Projects\My projects\IAAA_Compet\Speaker-identification\data\processed\audio_wav\8147e65a-da34-423a-a0b6-508b581c065c.wav"",""8147e65a-da34-423a-a0b6-508b581c065c.wav"")",48.47,known,172,5bff1de8-3bda-4882-8ca5-9142ab405175,5,172,5bff1de8-3bda-4882-8ca5-9142ab405175,0.9619,OK,1,True,True,172,5bff1de8-3bda-4882-8ca5-9142ab405175,0.9911,OK,1,True,True,False,ok,
81ea1ba8-434f-458b-9245-74066de0f99b.wav,D:\Projects\My projects\IAAA_Compet\Speaker-identification\data\processed\audio_wav\81ea1ba8-434f-458b-9245-74066de0f99b.wav,"=HYPERLINK(""D:\Projects\My projects\IAAA_Compet\Speaker-identification\data\processed\audio_wav\81ea1ba8-434f-458b-9245-74066de0f99b.wav"",""81ea1ba8-434f-458b-9245-74066de0f99b.wav"")",91.65,unknown,0,unknown,,0,unknown,0.9988,OK,1,True,True,0,unknown,0.9999,OK,1,True,True,False,ok,
8237035b-a5d6-4309-b596-514fae758213.wav,D:\Projects\My projects\IAAA_Compet\Speaker-identification\data\processed\audio_wav\8237035b-a5d6-4309-b596-514fae758213.wav,"=HYPERLINK(""D:\Projects\My projects\IAAA_Compet\Speaker-identification\data\processed\audio_wav\8237035b-a5d6-4309-b596-514fae758213.wav"",""8237035b-a5d6-4309-b596-514fae758213.wav"")",49.58,known,246,882422db-955f-4bb5-a94e-2819eeb602d6,5,246,882422db-955f-4bb5-a94e-2819eeb602d6,0.9979,OK,1,True,True,246,882422db-955f-4bb5-a94e-2819eeb602d6,0.9905,OK,1,True,True,False,ok,
8292fec7-4a3b-427b-b30e-b4c1dce86c66.wav,D:\Projects\My projects\IAAA_Compet\Speaker-identification\data\processed\audio_wav\8292fec7-4a3b-427b-b30e-b4c1dce86c66.wav,"=HYPERLINK(""D:\Projects\My projects\IAAA_Compet\Speaker-identification\data\processed\audio_wav\8292fec7-4a3b-427b-b30e-b4c1dce86c66.wav"",""8292fec7-4a3b-427b-b30e-b4c1dce86c66.wav"")",49.41,unknown,0,unknown,,0,unknown,0.9933,OK,1,True,True,0,unknown,1.0,OK,1,True,True,False,ok,
829998e5-98ba-42b3-aad8-2deb9ec8fb83.wav,D:\Projects\My projects\IAAA_Compet\Speaker-identification\data\processed\audio_wav\829998e5-98ba-42b3-aad8-2deb9ec8fb83.wav,"=HYPERLINK(""D:\Projects\My projects\IAAA_Compet\Speaker-identification\data\processed\audio_wav\829998e5-98ba-42b3-aad8-2deb9ec8fb83.wav"",""829998e5-98ba-42b3-aad8-2deb9ec8fb83.wav"")",64.26,known,217,7ce1eb38-b755-4bd9-9851-e093838b0288,5,217,7ce1eb38-b755-4bd9-9851-e093838b0288,0.9603,OK,1,True,True,217,7ce1eb38-b755-4bd9-9851-e093838b0288,0.9988,OK,1,True,True,False,ok,
82e4b569-0393-4b0b-9ade-10eaa002d7f6.wav,D:\Projects\My projects\IAAA_Compet\Speaker-identification\data\processed\audio_wav\82e4b569-0393-4b0b-9ade-10eaa002d7f6.wav,"=HYPERLINK(""D:\Projects\My projects\IAAA_Compet\Speaker-identification\data\processed\audio_wav\82e4b569-0393-4b0b-9ade-10eaa002d7f6.wav"",""82e4b569-0393-4b0b-9ade-10eaa002d7f6.wav"")",62.55,known,397,dfb4fc56-4785-4f48-b40e-09a32110f1a2,5,397,dfb4fc56-4785-4f48-b40e-09a32110f1a2,0.9919,OK,1,True,True,397,dfb4fc56-4785-4f48-b40e-09a32110f1a2,0.9976,OK,1,True,True,False,ok,
83338398-72bd-481b-a08a-30d64aa39ea2.wav,D:\Projects\My projects\IAAA_Compet\Speaker-identification\data\processed\audio_wav\83338398-72bd-481b-a08a-30d64aa39ea2.wav,"=HYPERLINK(""D:\Projects\My projects\IAAA_Compet\Speaker-identification\data\processed\audio_wav\83338398-72bd-481b-a08a-30d64aa39ea2.wav"",""83338398-72bd-481b-a08a-30d64aa39ea2.wav"")",54.53,known,416,ec6ad2cb-fa91-4552-8a2e-a01dd25ef30b,5,416,ec6ad2cb-fa91-4552-8a2e-a01dd25ef30b,0.9982,OK,1,True,True,416,ec6ad2cb-fa91-4552-8a2e-a01dd25ef30b,0.9964,OK,1,True,True,False,ok,
8337810f-1f4b-4578-9d5d-b76fba234605.wav,D:\Projects\My projects\IAAA_Compet\Speaker-identification\data\processed\audio_wav\8337810f-1f4b-4578-9d5d-b76fba234605.wav,"=HYPERLINK(""D:\Projects\My projects\IAAA_Compet\Speaker-identification\data\processed\audio_wav\8337810f-1f4b-4578-9d5d-b76fba234605.wav"",""8337810f-1f4b-4578-9d5d-b76fba234605.wav"")",55.3,known,320,b9bcd466-f46a-42a9-a2cf-f9a3dd664067,5,320,b9bcd466-f46a-42a9-a2cf-f9a3dd664067,0.9932,OK,1,True,True,320,b9bcd466-f46a-42a9-a2cf-f9a3dd664067,0.9883,OK,1,True,True,False,ok,
835b756f-1366-4392-b90f-6869628c5eee.wav,D:\Projects\My projects\IAAA_Compet\Speaker-identification\data\processed\audio_wav\835b756f-1366-4392-b90f-6869628c5eee.wav,"=HYPERLINK(""D:\Projects\My projects\IAAA_Compet\Speaker-identification\data\processed\audio_wav\835b756f-1366-4392-b90f-6869628c5eee.wav"",""835b756f-1366-4392-b90f-6869628c5eee.wav"")",59.99,unknown,0,unknown,,0,unknown,0.5672,OK,1,True,True,0,unknown,0.9996,OK,1,True,True,False,ok,
838ebfdb-ca30-4f48-bbe8-4928485389a7.wav,D:\Projects\My projects\IAAA_Compet\Speaker-identification\data\processed\audio_wav\838ebfdb-ca30-4f48-bbe8-4928485389a7.wav,"=HYPERLINK(""D:\Projects\My projects\IAAA_Compet\Speaker-identification\data\processed\audio_wav\838ebfdb-ca30-4f48-bbe8-4928485389a7.wav"",""838ebfdb-ca30-4f48-bbe8-4928485389a7.wav"")",48.04,known,386,d8afd1b6-201c-46bb-838e-c79e1668eb2b,5,386,d8afd1b6-201c-46bb-838e-c79e1668eb2b,0.9947,OK,1,True,True,386,d8afd1b6-201c-46bb-838e-c79e1668eb2b,0.9965,OK,1,True,True,False,ok,
8394c8a9-ceda-4b57-93d5-0eab8a64b3cf.wav,D:\Projects\My projects\IAAA_Compet\Speaker-identification\data\processed\audio_wav\8394c8a9-ceda-4b57-93d5-0eab8a64b3cf.wav,"=HYPERLINK(""D:\Projects\My projects\IAAA_Compet\Speaker-identification\data\processed\audio_wav\8394c8a9-ceda-4b57-93d5-0eab8a64b3cf.wav"",""8394c8a9-ceda-4b57-93d5-0eab8a64b3cf.wav"")",50.43,unknown,0,unknown,,0,unknown,0.9996,OK,1,True,True,0,unknown,1.0,OK,1,True,True,False,ok,
839899f7-0e6e-420c-9fb8-4e74f48ad7b7.wav,D:\Projects\My projects\IAAA_Compet\Speaker-identification\data\processed\audio_wav\839899f7-0e6e-420c-9fb8-4e74f48ad7b7.wav,"=HYPERLINK(""D:\Projects\My projects\IAAA_Compet\Speaker-identification\data\processed\audio_wav\839899f7-0e6e-420c-9fb8-4e74f48ad7b7.wav"",""839899f7-0e6e-420c-9fb8-4e74f48ad7b7.wav"")",77.99,known,358,cbee99e5-a5e6-408d-990f-53d8deb9aec6,5,358,cbee99e5-a5e6-408d-990f-53d8deb9aec6,0.9526,OK,1,True,True,358,cbee99e5-a5e6-408d-990f-53d8deb9aec6,0.9954,OK,1,True,True,False,ok,
8472a084-4cd4-4501-be48-07fa7f616abd.wav,D:\Projects\My projects\IAAA_Compet\Speaker-identification\data\processed\audio_wav\8472a084-4cd4-4501-be48-07fa7f616abd.wav,"=HYPERLINK(""D:\Projects\My projects\IAAA_Compet\Speaker-identification\data\processed\audio_wav\8472a084-4cd4-4501-be48-07fa7f616abd.wav"",""8472a084-4cd4-4501-be48-07fa7f616abd.wav"")",40.02,unknown,0,unknown,,0,unknown,0.9927,OK,1,True,True,0,unknown,1.0,OK,1,True,True,False,ok,
847a50cc-9731-48c6-a19f-bf906f3fe536.wav,D:\Projects\My projects\IAAA_Compet\Speaker-identification\data\processed\audio_wav\847a50cc-9731-48c6-a19f-bf906f3fe536.wav,"=HYPERLINK(""D:\Projects\My projects\IAAA_Compet\Speaker-identification\data\processed\audio_wav\847a50cc-9731-48c6-a19f-bf906f3fe536.wav"",""847a50cc-9731-48c6-a19f-bf906f3fe536.wav"")",61.02,unknown,0,unknown,,0,unknown,0.9615,OK,1,True,True,0,unknown,0.9986,OK,1,True,True,False,ok,
84835d74-6ccc-40be-8a80-5a6fd82fc88b.wav,D:\Projects\My projects\IAAA_Compet\Speaker-identification\data\processed\audio_wav\84835d74-6ccc-40be-8a80-5a6fd82fc88b.wav,"=HYPERLINK(""D:\Projects\My projects\IAAA_Compet\Speaker-identification\data\processed\audio_wav\84835d74-6ccc-40be-8a80-5a6fd82fc88b.wav"",""84835d74-6ccc-40be-8a80-5a6fd82fc88b.wav"")",70.14,unknown,0,unknown,,0,unknown,0.9961,OK,1,True,True,0,unknown,1.0,OK,1,True,True,False,ok,
84c003a5-c3a9-4f1b-a3d6-79033d5fe1ea.wav,D:\Projects\My projects\IAAA_Compet\Speaker-identification\data\processed\audio_wav\84c003a5-c3a9-4f1b-a3d6-79033d5fe1ea.wav,"=HYPERLINK(""D:\Projects\My projects\IAAA_Compet\Speaker-identification\data\processed\audio_wav\84c003a5-c3a9-4f1b-a3d6-79033d5fe1ea.wav"",""84c003a5-c3a9-4f1b-a3d6-79033d5fe1ea.wav"")",53.25,known,110,3659b590-b97f-47c0-b5fb-ec6e7fd0c69e,5,110,3659b590-b97f-47c0-b5fb-ec6e7fd0c69e,0.9641,OK,1,True,True,110,3659b590-b97f-47c0-b5fb-ec6e7fd0c69e,0.9906,OK,1,True,True,False,ok,
84d4300b-ac95-44cd-a062-802bf0408ed2.wav,D:\Projects\My projects\IAAA_Compet\Speaker-identification\data\processed\audio_wav\84d4300b-ac95-44cd-a062-802bf0408ed2.wav,"=HYPERLINK(""D:\Projects\My projects\IAAA_Compet\Speaker-identification\data\processed\audio_wav\84d4300b-ac95-44cd-a062-802bf0408ed2.wav"",""84d4300b-ac95-44cd-a062-802bf0408ed2.wav"")",45.82,unknown,0,unknown,,0,unknown,0.9994,OK,1,True,True,0,unknown,1.0,OK,1,True,True,False,ok,
84dae2fe-cead-4687-b3f7-a2d326f74c23.wav,D:\Projects\My projects\IAAA_Compet\Speaker-identification\data\processed\audio_wav\84dae2fe-cead-4687-b3f7-a2d326f74c23.wav,"=HYPERLINK(""D:\Projects\My projects\IAAA_Compet\Speaker-identification\data\processed\audio_wav\84dae2fe-cead-4687-b3f7-a2d326f74c23.wav"",""84dae2fe-cead-4687-b3f7-a2d326f74c23.wav"")",45.99,known,240,84b13e31-4b72-4577-89e8-9d07e5920186,5,240,84b13e31-4b72-4577-89e8-9d07e5920186,0.9964,OK,1,True,True,240,84b13e31-4b72-4577-89e8-9d07e5920186,0.9944,OK,1,True,True,False,ok,
84fe7ef1-213e-43a4-be06-2f3f263695c6.wav,D:\Projects\My projects\IAAA_Compet\Speaker-identification\data\processed\audio_wav\84fe7ef1-213e-43a4-be06-2f3f263695c6.wav,"=HYPERLINK(""D:\Projects\My projects\IAAA_Compet\Speaker-identification\data\processed\audio_wav\84fe7ef1-213e-43a4-be06-2f3f263695c6.wav"",""84fe7ef1-213e-43a4-be06-2f3f263695c6.wav"")",71.17,known,85,2b807af5-4014-4187-bdb6-cd69d4e8ac57,5,85,2b807af5-4014-4187-bdb6-cd69d4e8ac57,0.9658,OK,1,True,True,85,2b807af5-4014-4187-bdb6-cd69d4e8ac57,0.9803,OK,1,True,True,False,ok,
8559bb0a-01e3-493a-b653-577bb6bc71d4.wav,D:\Projects\My projects\IAAA_Compet\Speaker-identification\data\processed\audio_wav\8559bb0a-01e3-493a-b653-577bb6bc71d4.wav,"=HYPERLINK(""D:\Projects\My projects\IAAA_Compet\Speaker-identification\data\processed\audio_wav\8559bb0a-01e3-493a-b653-577bb6bc71d4.wav"",""8559bb0a-01e3-493a-b653-577bb6bc71d4.wav"")",49.15,known,127,43a50df1-3c1f-4d9b-934f-3f0524f5f58d,5,127,43a50df1-3c1f-4d9b-934f-3f0524f5f58d,0.9997,OK,1,True,True,127,43a50df1-3c1f-4d9b-934f-3f0524f5f58d,0.9974,OK,1,True,True,False,ok,
85607264-e448-434a-a3cb-ca1b420e253d.wav,D:\Projects\My projects\IAAA_Compet\Speaker-identification\data\processed\audio_wav\85607264-e448-434a-a3cb-ca1b420e253d.wav,"=HYPERLINK(""D:\Projects\My projects\IAAA_Compet\Speaker-identification\data\processed\audio_wav\85607264-e448-434a-a3cb-ca1b420e253d.wav"",""85607264-e448-434a-a3cb-ca1b420e253d.wav"")",78.51,unknown,0,unknown,,0,unknown,0.9756,OK,1,True,True,0,unknown,1.0,OK,1,True,True,False,ok,
859d52d4-1b22-4c95-afe3-91a10e61f8ce.wav,D:\Projects\My projects\IAAA_Compet\Speaker-identification\data\processed\audio_wav\859d52d4-1b22-4c95-afe3-91a10e61f8ce.wav,"=HYPERLINK(""D:\Projects\My projects\IAAA_Compet\Speaker-identification\data\processed\audio_wav\859d52d4-1b22-4c95-afe3-91a10e61f8ce.wav"",""859d52d4-1b22-4c95-afe3-91a10e61f8ce.wav"")",49.75,unknown,0,unknown,,0,unknown,0.9554,OK,1,True,True,0,unknown,1.0,OK,1,True,True,False,ok,
8624b2af-71d9-463a-abab-492a437d9115.wav,D:\Projects\My projects\IAAA_Compet\Speaker-identification\data\processed\audio_wav\8624b2af-71d9-463a-abab-492a437d9115.wav,"=HYPERLINK(""D:\Projects\My projects\IAAA_Compet\Speaker-identification\data\processed\audio_wav\8624b2af-71d9-463a-abab-492a437d9115.wav"",""8624b2af-71d9-463a-abab-492a437d9115.wav"")",48.73,unknown,0,unknown,,0,unknown,0.9966,OK,1,True,True,0,unknown,1.0,OK,1,True,True,False,ok,
872d1b27-62ae-4495-ba15-804bcc7dd398.wav,D:\Projects\My projects\IAAA_Compet\Speaker-identification\data\processed\audio_wav\872d1b27-62ae-4495-ba15-804bcc7dd398.wav,"=HYPERLINK(""D:\Projects\My projects\IAAA_Compet\Speaker-identification\data\processed\audio_wav\872d1b27-62ae-4495-ba15-804bcc7dd398.wav"",""872d1b27-62ae-4495-ba15-804bcc7dd398.wav"")",51.03,known,9,040468e6-8ede-42aa-bae0-de42231cdec7,5,9,040468e6-8ede-42aa-bae0-de42231cdec7,0.9921,OK,1,True,True,9,040468e6-8ede-42aa-bae0-de42231cdec7,0.9385,OK,1,True,True,False,ok,
876d86a8-998d-4ac6-a2a5-bd07bfbd6676.wav,D:\Projects\My projects\IAAA_Compet\Speaker-identification\data\processed\audio_wav\876d86a8-998d-4ac6-a2a5-bd07bfbd6676.wav,"=HYPERLINK(""D:\Projects\My projects\IAAA_Compet\Speaker-identification\data\processed\audio_wav\876d86a8-998d-4ac6-a2a5-bd07bfbd6676.wav"",""876d86a8-998d-4ac6-a2a5-bd07bfbd6676.wav"")",46.42,unknown,0,unknown,,0,unknown,0.9976,OK,1,True,True,0,unknown,1.0,OK,1,True,True,False,ok,
8774355b-10e0-43d2-acff-2732ce22e16f.wav,D:\Projects\My projects\IAAA_Compet\Speaker-identification\data\processed\audio_wav\8774355b-10e0-43d2-acff-2732ce22e16f.wav,"=HYPERLINK(""D:\Projects\My projects\IAAA_Compet\Speaker-identification\data\processed\audio_wav\8774355b-10e0-43d2-acff-2732ce22e16f.wav"",""8774355b-10e0-43d2-acff-2732ce22e16f.wav"")",63.57,known,62,1b6aefbc-40df-4402-a39b-1abec10fcc9b,5,62,1b6aefbc-40df-4402-a39b-1abec10fcc9b,0.9997,OK,1,True,True,62,1b6aefbc-40df-4402-a39b-1abec10fcc9b,0.9949,OK,1,True,True,False,ok,
8797284a-e459-4736-aff9-40feea0e2ba2.wav,D:\Projects\My projects\IAAA_Compet\Speaker-identification\data\processed\audio_wav\8797284a-e459-4736-aff9-40feea0e2ba2.wav,"=HYPERLINK(""D:\Projects\My projects\IAAA_Compet\Speaker-identification\data\processed\audio_wav\8797284a-e459-4736-aff9-40feea0e2ba2.wav"",""8797284a-e459-4736-aff9-40feea0e2ba2.wav"")",48.3,unknown,0,unknown,,0,unknown,0.9943,OK,1,True,True,0,unknown,1.0,OK,1,True,True,False,ok,
88371172-1040-489c-b8a7-ff7e446af885.wav,D:\Projects\My projects\IAAA_Compet\Speaker-identification\data\processed\audio_wav\88371172-1040-489c-b8a7-ff7e446af885.wav,"=HYPERLINK(""D:\Projects\My projects\IAAA_Compet\Speaker-identification\data\processed\audio_wav\88371172-1040-489c-b8a7-ff7e446af885.wav"",""88371172-1040-489c-b8a7-ff7e446af885.wav"")",54.78,unknown,0,unknown,,0,unknown,0.8785,OK,1,True,True,0,unknown,0.9999,OK,1,True,True,False,ok,
883846f0-488a-4612-aabf-4da82a9694d2.wav,D:\Projects\My projects\IAAA_Compet\Speaker-identification\data\processed\audio_wav\883846f0-488a-4612-aabf-4da82a9694d2.wav,"=HYPERLINK(""D:\Projects\My projects\IAAA_Compet\Speaker-identification\data\processed\audio_wav\883846f0-488a-4612-aabf-4da82a9694d2.wav"",""883846f0-488a-4612-aabf-4da82a9694d2.wav"")",65.54,known,138,471beda0-b061-406f-bcae-39a93ceed3dc,5,138,471beda0-b061-406f-bcae-39a93ceed3dc,0.999,OK,1,True,True,138,471beda0-b061-406f-bcae-39a93ceed3dc,0.97,OK,1,True,True,False,ok,
889169b0-8d95-4572-a9f2-b02b545a0d16.wav,D:\Projects\My projects\IAAA_Compet\Speaker-identification\data\processed\audio_wav\889169b0-8d95-4572-a9f2-b02b545a0d16.wav,"=HYPERLINK(""D:\Projects\My projects\IAAA_Compet\Speaker-identification\data\processed\audio_wav\889169b0-8d95-4572-a9f2-b02b545a0d16.wav"",""889169b0-8d95-4572-a9f2-b02b545a0d16.wav"")",74.92,known,100,31948c18-fed2-4bdb-911d-1187683932fe,5,100,31948c18-fed2-4bdb-911d-1187683932fe,0.9967,OK,1,True,True,100,31948c18-fed2-4bdb-911d-1187683932fe,0.9984,OK,1,True,True,False,ok,
88a4e30a-8426-477c-8401-6bed29c2eb31.wav,D:\Projects\My projects\IAAA_Compet\Speaker-identification\data\processed\audio_wav\88a4e30a-8426-477c-8401-6bed29c2eb31.wav,"=HYPERLINK(""D:\Projects\My projects\IAAA_Compet\Speaker-identification\data\processed\audio_wav\88a4e30a-8426-477c-8401-6bed29c2eb31.wav"",""88a4e30a-8426-477c-8401-6bed29c2eb31.wav"")",60.67,unknown,0,unknown,,0,unknown,0.5429,OK,1,True,True,0,unknown,1.0,OK,1,True,True,False,ok,
88dcff67-dbfb-4f9c-bc7b-640564f2e2f3.wav,D:\Projects\My projects\IAAA_Compet\Speaker-identification\data\processed\audio_wav\88dcff67-dbfb-4f9c-bc7b-640564f2e2f3.wav,"=HYPERLINK(""D:\Projects\My projects\IAAA_Compet\Speaker-identification\data\processed\audio_wav\88dcff67-dbfb-4f9c-bc7b-640564f2e2f3.wav"",""88dcff67-dbfb-4f9c-bc7b-640564f2e2f3.wav"")",49.75,unknown,0,unknown,,0,unknown,0.9998,OK,1,True,True,0,unknown,1.0,OK,1,True,True,False,ok,
8901e9c8-747e-465b-9712-db5d6e504c3f.wav,D:\Projects\My projects\IAAA_Compet\Speaker-identification\data\processed\audio_wav\8901e9c8-747e-465b-9712-db5d6e504c3f.wav,"=HYPERLINK(""D:\Projects\My projects\IAAA_Compet\Speaker-identification\data\processed\audio_wav\8901e9c8-747e-465b-9712-db5d6e504c3f.wav"",""8901e9c8-747e-465b-9712-db5d6e504c3f.wav"")",47.19,unknown,0,unknown,,0,unknown,0.9726,OK,1,True,True,0,unknown,0.9999,OK,1,True,True,False,ok,
894e2510-7e58-4ee2-80dd-7ed84a6587bf.wav,D:\Projects\My projects\IAAA_Compet\Speaker-identification\data\processed\audio_wav\894e2510-7e58-4ee2-80dd-7ed84a6587bf.wav,"=HYPERLINK(""D:\Projects\My projects\IAAA_Compet\Speaker-identification\data\processed\audio_wav\894e2510-7e58-4ee2-80dd-7ed84a6587bf.wav"",""894e2510-7e58-4ee2-80dd-7ed84a6587bf.wav"")",43.61,unknown,0,unknown,,0,unknown,0.5477,OK,1,True,True,0,unknown,1.0,OK,1,True,True,False,ok,
8952933e-4973-4fb4-9e6a-de04e8edfc71.wav,D:\Projects\My projects\IAAA_Compet\Speaker-identification\data\processed\audio_wav\8952933e-4973-4fb4-9e6a-de04e8edfc71.wav,"=HYPERLINK(""D:\Projects\My projects\IAAA_Compet\Speaker-identification\data\processed\audio_wav\8952933e-4973-4fb4-9e6a-de04e8edfc71.wav"",""8952933e-4973-4fb4-9e6a-de04e8edfc71.wav"")",73.3,known,201,7054003a-fd50-44fb-abcf-cb3f1df974e9,5,201,7054003a-fd50-44fb-abcf-cb3f1df974e9,0.9993,OK,1,True,True,201,7054003a-fd50-44fb-abcf-cb3f1df974e9,0.9991,OK,1,True,True,False,ok,
89854535-fefa-442b-aad7-d7ee8908e1e5.wav,D:\Projects\My projects\IAAA_Compet\Speaker-identification\data\processed\audio_wav\89854535-fefa-442b-aad7-d7ee8908e1e5.wav,"=HYPERLINK(""D:\Projects\My projects\IAAA_Compet\Speaker-identification\data\processed\audio_wav\89854535-fefa-442b-aad7-d7ee8908e1e5.wav"",""89854535-fefa-442b-aad7-d7ee8908e1e5.wav"")",64.68,known,413,e94a00a1-08ff-48a4-95ac-f3d4d5962c58,5,413,e94a00a1-08ff-48a4-95ac-f3d4d5962c58,0.999,OK,1,True,True,413,e94a00a1-08ff-48a4-95ac-f3d4d5962c58,0.9899,OK,1,True,True,False,ok,
89b0176c-34b2-4fa1-96b2-8f228f3d87a6.wav,D:\Projects\My projects\IAAA_Compet\Speaker-identification\data\processed\audio_wav\89b0176c-34b2-4fa1-96b2-8f228f3d87a6.wav,"=HYPERLINK(""D:\Projects\My projects\IAAA_Compet\Speaker-identification\data\processed\audio_wav\89b0176c-34b2-4fa1-96b2-8f228f3d87a6.wav"",""89b0176c-34b2-4fa1-96b2-8f228f3d87a6.wav"")",55.72,known,306,ac18b2a8-3f2b-4b8f-9bd4-cc38fad6c3f3,5,306,ac18b2a8-3f2b-4b8f-9bd4-cc38fad6c3f3,0.9846,OK,1,True,True,306,ac18b2a8-3f2b-4b8f-9bd4-cc38fad6c3f3,0.9967,OK,1,True,True,False,ok,
89bd9c54-de47-4d11-b3f1-669abff61d8c.wav,D:\Projects\My projects\IAAA_Compet\Speaker-identification\data\processed\audio_wav\89bd9c54-de47-4d11-b3f1-669abff61d8c.wav,"=HYPERLINK(""D:\Projects\My projects\IAAA_Compet\Speaker-identification\data\processed\audio_wav\89bd9c54-de47-4d11-b3f1-669abff61d8c.wav"",""89bd9c54-de47-4d11-b3f1-669abff61d8c.wav"")",58.11,known,22,0a4330eb-1528-4ed0-a1fc-7e47f4cd2585,5,22,0a4330eb-1528-4ed0-a1fc-7e47f4cd2585,0.9997,OK,1,True,True,22,0a4330eb-1528-4ed0-a1fc-7e47f4cd2585,0.9994,OK,1,True,True,False,ok,
8a20e71e-bee3-4266-b78c-c8c963a72727.wav,D:\Projects\My projects\IAAA_Compet\Speaker-identification\data\processed\audio_wav\8a20e71e-bee3-4266-b78c-c8c963a72727.wav,"=HYPERLINK(""D:\Projects\My projects\IAAA_Compet\Speaker-identification\data\processed\audio_wav\8a20e71e-bee3-4266-b78c-c8c963a72727.wav"",""8a20e71e-bee3-4266-b78c-c8c963a72727.wav"")",71.68,unknown,0,unknown,,0,unknown,0.9917,OK,1,True,True,0,unknown,0.9998,OK,1,True,True,False,ok,
8ae71380-4ce1-485a-b6c5-007cdaa717bb.wav,D:\Projects\My projects\IAAA_Compet\Speaker-identification\data\processed\audio_wav\8ae71380-4ce1-485a-b6c5-007cdaa717bb.wav,"=HYPERLINK(""D:\Projects\My projects\IAAA_Compet\Speaker-identification\data\processed\audio_wav\8ae71380-4ce1-485a-b6c5-007cdaa717bb.wav"",""8ae71380-4ce1-485a-b6c5-007cdaa717bb.wav"")",66.9,known,231,8289ad6e-ecda-43ea-a776-d990759df5ee,5,231,8289ad6e-ecda-43ea-a776-d990759df5ee,0.9993,OK,1,True,True,231,8289ad6e-ecda-43ea-a776-d990759df5ee,0.9948,OK,1,True,True,False,ok,
8bd0b4c5-edc8-4147-8572-5fee4c6b93b7.wav,D:\Projects\My projects\IAAA_Compet\Speaker-identification\data\processed\audio_wav\8bd0b4c5-edc8-4147-8572-5fee4c6b93b7.wav,"=HYPERLINK(""D:\Projects\My projects\IAAA_Compet\Speaker-identification\data\processed\audio_wav\8bd0b4c5-edc8-4147-8572-5fee4c6b93b7.wav"",""8bd0b4c5-edc8-4147-8572-5fee4c6b93b7.wav"")",56.83,unknown,0,unknown,,0,unknown,1.0,OK,1,True,True,0,unknown,1.0,OK,1,True,True,False,ok,
8beb36e1-f1d2-4900-8166-73512b72c865.wav,D:\Projects\My projects\IAAA_Compet\Speaker-identification\data\processed\audio_wav\8beb36e1-f1d2-4900-8166-73512b72c865.wav,"=HYPERLINK(""D:\Projects\My projects\IAAA_Compet\Speaker-identification\data\processed\audio_wav\8beb36e1-f1d2-4900-8166-73512b72c865.wav"",""8beb36e1-f1d2-4900-8166-73512b72c865.wav"")",53.76,known,32,11427d9b-e91e-4ce3-bf4b-6d9aed1d951a,5,32,11427d9b-e91e-4ce3-bf4b-6d9aed1d951a,0.9996,OK,1,True,True,32,11427d9b-e91e-4ce3-bf4b-6d9aed1d951a,0.9995,OK,1,True,True,False,ok,
8c37ddac-c4cb-4396-b377-958c622b3ca0.wav,D:\Projects\My projects\IAAA_Compet\Speaker-identification\data\processed\audio_wav\8c37ddac-c4cb-4396-b377-958c622b3ca0.wav,"=HYPERLINK(""D:\Projects\My projects\IAAA_Compet\Speaker-identification\data\processed\audio_wav\8c37ddac-c4cb-4396-b377-958c622b3ca0.wav"",""8c37ddac-c4cb-4396-b377-958c622b3ca0.wav"")",54.1,unknown,0,unknown,,0,unknown,0.8891,OK,1,True,True,0,unknown,1.0,OK,1,True,True,False,ok,
8cc3b257-6660-4611-bde1-8a3fb819de9d.wav,D:\Projects\My projects\IAAA_Compet\Speaker-identification\data\processed\audio_wav\8cc3b257-6660-4611-bde1-8a3fb819de9d.wav,"=HYPERLINK(""D:\Projects\My projects\IAAA_Compet\Speaker-identification\data\processed\audio_wav\8cc3b257-6660-4611-bde1-8a3fb819de9d.wav"",""8cc3b257-6660-4611-bde1-8a3fb819de9d.wav"")",47.7,known,156,53addb51-610b-4de4-be2a-007f478cfd8b,5,156,53addb51-610b-4de4-be2a-007f478cfd8b,0.9954,OK,1,True,True,156,53addb51-610b-4de4-be2a-007f478cfd8b,0.9955,OK,1,True,True,False,ok,
8d431dd8-4de0-4cca-aa55-ec5d5af50700.wav,D:\Projects\My projects\IAAA_Compet\Speaker-identification\data\processed\audio_wav\8d431dd8-4de0-4cca-aa55-ec5d5af50700.wav,"=HYPERLINK(""D:\Projects\My projects\IAAA_Compet\Speaker-identification\data\processed\audio_wav\8d431dd8-4de0-4cca-aa55-ec5d5af50700.wav"",""8d431dd8-4de0-4cca-aa55-ec5d5af50700.wav"")",71.25,known,242,863dd7ee-a34f-41b3-838e-9a3c9973ed65,5,242,863dd7ee-a34f-41b3-838e-9a3c9973ed65,0.9971,OK,1,True,True,242,863dd7ee-a34f-41b3-838e-9a3c9973ed65,0.9834,OK,1,True,True,False,ok,
8d8ee663-df2d-42e5-b94c-ae5fefe6d5ee.wav,D:\Projects\My projects\IAAA_Compet\Speaker-identification\data\processed\audio_wav\8d8ee663-df2d-42e5-b94c-ae5fefe6d5ee.wav,"=HYPERLINK(""D:\Projects\My projects\IAAA_Compet\Speaker-identification\data\processed\audio_wav\8d8ee663-df2d-42e5-b94c-ae5fefe6d5ee.wav"",""8d8ee663-df2d-42e5-b94c-ae5fefe6d5ee.wav"")",54.78,known,446,fde5f410-bcf5-4a05-887e-46280ab80fd4,5,446,fde5f410-bcf5-4a05-887e-46280ab80fd4,0.9979,OK,1,True,True,446,fde5f410-bcf5-4a05-887e-46280ab80fd4,0.9881,OK,1,True,True,False,ok,
8e7a7515-1f4c-4563-91c2-7f63f369dd18.wav,D:\Projects\My projects\IAAA_Compet\Speaker-identification\data\processed\audio_wav\8e7a7515-1f4c-4563-91c2-7f63f369dd18.wav,"=HYPERLINK(""D:\Projects\My projects\IAAA_Compet\Speaker-identification\data\processed\audio_wav\8e7a7515-1f4c-4563-91c2-7f63f369dd18.wav"",""8e7a7515-1f4c-4563-91c2-7f63f369dd18.wav"")",60.93,unknown,0,unknown,,0,unknown,0.8957,OK,1,True,True,0,unknown,0.9999,OK,1,True,True,False,ok,
8eefce78-4341-4a2f-894e-d48e1c0100d7.wav,D:\Projects\My projects\IAAA_Compet\Speaker-identification\data\processed\audio_wav\8eefce78-4341-4a2f-894e-d48e1c0100d7.wav,"=HYPERLINK(""D:\Projects\My projects\IAAA_Compet\Speaker-identification\data\processed\audio_wav\8eefce78-4341-4a2f-894e-d48e1c0100d7.wav"",""8eefce78-4341-4a2f-894e-d48e1c0100d7.wav"")",66.99,unknown,0,unknown,,0,unknown,0.8801,OK,1,True,True,0,unknown,1.0,OK,1,True,True,False,ok,
8f18c9b0-0d86-4e7e-b336-bff2f6b5f8d4.wav,D:\Projects\My projects\IAAA_Compet\Speaker-identification\data\processed\audio_wav\8f18c9b0-0d86-4e7e-b336-bff2f6b5f8d4.wav,"=HYPERLINK(""D:\Projects\My projects\IAAA_Compet\Speaker-identification\data\processed\audio_wav\8f18c9b0-0d86-4e7e-b336-bff2f6b5f8d4.wav"",""8f18c9b0-0d86-4e7e-b336-bff2f6b5f8d4.wav"")",15.02,unknown,0,unknown,,0,unknown,0.4263,OK,1,True,True,0,unknown,1.0,OK,1,True,True,False,ok,
8f350169-ba20-42fb-94c4-a271a793924c.wav,D:\Projects\My projects\IAAA_Compet\Speaker-identification\data\processed\audio_wav\8f350169-ba20-42fb-94c4-a271a793924c.wav,"=HYPERLINK(""D:\Projects\My projects\IAAA_Compet\Speaker-identification\data\processed\audio_wav\8f350169-ba20-42fb-94c4-a271a793924c.wav"",""8f350169-ba20-42fb-94c4-a271a793924c.wav"")",75.43,unknown,0,unknown,,0,unknown,0.9987,OK,1,True,True,0,unknown,1.0,OK,1,True,True,False,ok,
8f6250b9-1461-4e53-981e-83fc05a44055.wav,D:\Projects\My projects\IAAA_Compet\Speaker-identification\data\processed\audio_wav\8f6250b9-1461-4e53-981e-83fc05a44055.wav,"=HYPERLINK(""D:\Projects\My projects\IAAA_Compet\Speaker-identification\data\processed\audio_wav\8f6250b9-1461-4e53-981e-83fc05a44055.wav"",""8f6250b9-1461-4e53-981e-83fc05a44055.wav"")",75.18,known,188,672b4dd7-614d-4e11-b0d0-3754e4c09e10,5,188,672b4dd7-614d-4e11-b0d0-3754e4c09e10,0.9991,OK,1,True,True,188,672b4dd7-614d-4e11-b0d0-3754e4c09e10,0.9967,OK,1,True,True,False,ok,
8fbfb649-f40f-4e7e-b3f4-33231980ca78.wav,D:\Projects\My projects\IAAA_Compet\Speaker-identification\data\processed\audio_wav\8fbfb649-f40f-4e7e-b3f4-33231980ca78.wav,"=HYPERLINK(""D:\Projects\My projects\IAAA_Compet\Speaker-identification\data\processed\audio_wav\8fbfb649-f40f-4e7e-b3f4-33231980ca78.wav"",""8fbfb649-f40f-4e7e-b3f4-33231980ca78.wav"")",51.46,unknown,0,unknown,,0,unknown,0.4147,OK,1,True,True,0,unknown,1.0,OK,1,True,True,False,ok,
905eb1dd-96dd-4726-a909-2012cef02901.wav,D:\Projects\My projects\IAAA_Compet\Speaker-identification\data\processed\audio_wav\905eb1dd-96dd-4726-a909-2012cef02901.wav,"=HYPERLINK(""D:\Projects\My projects\IAAA_Compet\Speaker-identification\data\processed\audio_wav\905eb1dd-96dd-4726-a909-2012cef02901.wav"",""905eb1dd-96dd-4726-a909-2012cef02901.wav"")",62.63,known,166,5976fa89-1986-476d-bbf8-03d13c8b8baa,5,166,5976fa89-1986-476d-bbf8-03d13c8b8baa,0.9688,OK,1,True,True,166,5976fa89-1986-476d-bbf8-03d13c8b8baa,0.9771,OK,1,True,True,False,ok,
9086ad07-8318-4cb0-a798-c82b0b2c91e3.wav,D:\Projects\My projects\IAAA_Compet\Speaker-identification\data\processed\audio_wav\9086ad07-8318-4cb0-a798-c82b0b2c91e3.wav,"=HYPERLINK(""D:\Projects\My projects\IAAA_Compet\Speaker-identification\data\processed\audio_wav\9086ad07-8318-4cb0-a798-c82b0b2c91e3.wav"",""9086ad07-8318-4cb0-a798-c82b0b2c91e3.wav"")",64.51,known,357,c9d93813-165d-435e-948e-7a18c74e3bac,5,357,c9d93813-165d-435e-948e-7a18c74e3bac,0.9635,OK,1,True,True,357,c9d93813-165d-435e-948e-7a18c74e3bac,0.9928,OK,1,True,True,False,ok,
90a2f156-d2f8-47e7-861f-4705a071f416.wav,D:\Projects\My projects\IAAA_Compet\Speaker-identification\data\processed\audio_wav\90a2f156-d2f8-47e7-861f-4705a071f416.wav,"=HYPERLINK(""D:\Projects\My projects\IAAA_Compet\Speaker-identification\data\processed\audio_wav\90a2f156-d2f8-47e7-861f-4705a071f416.wav"",""90a2f156-d2f8-47e7-861f-4705a071f416.wav"")",56.23,known,374,d2a8e87a-3ebe-41b4-9280-aae0525c60ce,5,374,d2a8e87a-3ebe-41b4-9280-aae0525c60ce,0.9917,OK,1,True,True,374,d2a8e87a-3ebe-41b4-9280-aae0525c60ce,0.9527,OK,1,True,True,False,ok,
90b18754-ef20-48ae-9cb3-3c19a7d0797f.wav,D:\Projects\My projects\IAAA_Compet\Speaker-identification\data\processed\audio_wav\90b18754-ef20-48ae-9cb3-3c19a7d0797f.wav,"=HYPERLINK(""D:\Projects\My projects\IAAA_Compet\Speaker-identification\data\processed\audio_wav\90b18754-ef20-48ae-9cb3-3c19a7d0797f.wav"",""90b18754-ef20-48ae-9cb3-3c19a7d0797f.wav"")",46.42,unknown,0,unknown,,0,unknown,0.9978,OK,1,True,True,0,unknown,1.0,OK,1,True,True,False,ok,
910c9a85-3c74-42e7-ab12-ba6fca4b05e5.wav,D:\Projects\My projects\IAAA_Compet\Speaker-identification\data\processed\audio_wav\910c9a85-3c74-42e7-ab12-ba6fca4b05e5.wav,"=HYPERLINK(""D:\Projects\My projects\IAAA_Compet\Speaker-identification\data\processed\audio_wav\910c9a85-3c74-42e7-ab12-ba6fca4b05e5.wav"",""910c9a85-3c74-42e7-ab12-ba6fca4b05e5.wav"")",58.37,known,325,ba4b17d2-cddc-47a1-9153-5bfaccd2575d,5,325,ba4b17d2-cddc-47a1-9153-5bfaccd2575d,0.751,OK,1,True,True,325,ba4b17d2-cddc-47a1-9153-5bfaccd2575d,0.9757,OK,1,True,True,False,ok,
9156a3d9-1a48-4c69-b509-7a899159da7b.wav,D:\Projects\My projects\IAAA_Compet\Speaker-identification\data\processed\audio_wav\9156a3d9-1a48-4c69-b509-7a899159da7b.wav,"=HYPERLINK(""D:\Projects\My projects\IAAA_Compet\Speaker-identification\data\processed\audio_wav\9156a3d9-1a48-4c69-b509-7a899159da7b.wav"",""9156a3d9-1a48-4c69-b509-7a899159da7b.wav"")",62.72,unknown,0,unknown,,0,unknown,0.9621,OK,1,True,True,0,unknown,1.0,OK,1,True,True,False,ok,
91777432-2136-469a-8f7f-bd688c8e8b6b.wav,D:\Projects\My projects\IAAA_Compet\Speaker-identification\data\processed\audio_wav\91777432-2136-469a-8f7f-bd688c8e8b6b.wav,"=HYPERLINK(""D:\Projects\My projects\IAAA_Compet\Speaker-identification\data\processed\audio_wav\91777432-2136-469a-8f7f-bd688c8e8b6b.wav"",""91777432-2136-469a-8f7f-bd688c8e8b6b.wav"")",52.65,unknown,0,unknown,,0,unknown,0.9996,OK,1,True,True,0,unknown,1.0,OK,1,True,True,False,ok,
91ae34c3-585c-4e89-8fdb-673c1ea8b1ce.wav,D:\Projects\My projects\IAAA_Compet\Speaker-identification\data\processed\audio_wav\91ae34c3-585c-4e89-8fdb-673c1ea8b1ce.wav,"=HYPERLINK(""D:\Projects\My projects\IAAA_Compet\Speaker-identification\data\processed\audio_wav\91ae34c3-585c-4e89-8fdb-673c1ea8b1ce.wav"",""91ae34c3-585c-4e89-8fdb-673c1ea8b1ce.wav"")",36.69,unknown,0,unknown,,0,unknown,0.5728,OK,1,True,True,0,unknown,1.0,OK,1,True,True,False,ok,
91d48562-093d-4435-a1d5-125175fa0260.wav,D:\Projects\My projects\IAAA_Compet\Speaker-identification\data\processed\audio_wav\91d48562-093d-4435-a1d5-125175fa0260.wav,"=HYPERLINK(""D:\Projects\My projects\IAAA_Compet\Speaker-identification\data\processed\audio_wav\91d48562-093d-4435-a1d5-125175fa0260.wav"",""91d48562-093d-4435-a1d5-125175fa0260.wav"")",71.0,unknown,0,unknown,,0,unknown,0.906,OK,1,True,True,0,unknown,1.0,OK,1,True,True,False,ok,
91dccaff-00d7-47d7-ab16-f112e19b22a6.wav,D:\Projects\My projects\IAAA_Compet\Speaker-identification\data\processed\audio_wav\91dccaff-00d7-47d7-ab16-f112e19b22a6.wav,"=HYPERLINK(""D:\Projects\My projects\IAAA_Compet\Speaker-identification\data\processed\audio_wav\91dccaff-00d7-47d7-ab16-f112e19b22a6.wav"",""91dccaff-00d7-47d7-ab16-f112e19b22a6.wav"")",81.07,known,382,d64cb2a7-89a6-4887-827d-aa9372896de9,5,382,d64cb2a7-89a6-4887-827d-aa9372896de9,0.9923,OK,1,True,True,382,d64cb2a7-89a6-4887-827d-aa9372896de9,0.9808,OK,1,True,True,False,ok,
91ef780b-1e7a-4052-8a03-bff4c4b52c30.wav,D:\Projects\My projects\IAAA_Compet\Speaker-identification\data\processed\audio_wav\91ef780b-1e7a-4052-8a03-bff4c4b52c30.wav,"=HYPERLINK(""D:\Projects\My projects\IAAA_Compet\Speaker-identification\data\processed\audio_wav\91ef780b-1e7a-4052-8a03-bff4c4b52c30.wav"",""91ef780b-1e7a-4052-8a03-bff4c4b52c30.wav"")",53.67,unknown,0,unknown,,0,unknown,0.6213,OK,1,True,True,0,unknown,1.0,OK,1,True,True,False,ok,
926786f8-8c88-46f5-9147-9170ece6cba4.wav,D:\Projects\My projects\IAAA_Compet\Speaker-identification\data\processed\audio_wav\926786f8-8c88-46f5-9147-9170ece6cba4.wav,"=HYPERLINK(""D:\Projects\My projects\IAAA_Compet\Speaker-identification\data\processed\audio_wav\926786f8-8c88-46f5-9147-9170ece6cba4.wav"",""926786f8-8c88-46f5-9147-9170ece6cba4.wav"")",46.17,unknown,0,unknown,,0,unknown,0.9997,OK,1,True,True,0,unknown,1.0,OK,1,True,True,False,ok,
92eb4ea9-02f9-4b71-aff1-85f30d7df83a.wav,D:\Projects\My projects\IAAA_Compet\Speaker-identification\data\processed\audio_wav\92eb4ea9-02f9-4b71-aff1-85f30d7df83a.wav,"=HYPERLINK(""D:\Projects\My projects\IAAA_Compet\Speaker-identification\data\processed\audio_wav\92eb4ea9-02f9-4b71-aff1-85f30d7df83a.wav"",""92eb4ea9-02f9-4b71-aff1-85f30d7df83a.wav"")",59.65,known,349,c6ce7277-c02a-46de-8ab3-4d99af524af6,5,349,c6ce7277-c02a-46de-8ab3-4d99af524af6,0.9489,OK,1,True,True,349,c6ce7277-c02a-46de-8ab3-4d99af524af6,0.9924,OK,1,True,True,False,ok,
93c65caa-b88a-4b8b-82c8-33f94f18fbbd.wav,D:\Projects\My projects\IAAA_Compet\Speaker-identification\data\processed\audio_wav\93c65caa-b88a-4b8b-82c8-33f94f18fbbd.wav,"=HYPERLINK(""D:\Projects\My projects\IAAA_Compet\Speaker-identification\data\processed\audio_wav\93c65caa-b88a-4b8b-82c8-33f94f18fbbd.wav"",""93c65caa-b88a-4b8b-82c8-33f94f18fbbd.wav"")",51.88,known,36,11f9b280-8bb4-4fc2-9b63-20e4d00d50d1,5,36,11f9b280-8bb4-4fc2-9b63-20e4d00d50d1,0.899,OK,1,True,True,36,11f9b280-8bb4-4fc2-9b63-20e4d00d50d1,0.9857,OK,1,True,True,False,ok,
93dc552a-8982-479b-a27c-eca5f9243556.wav,D:\Projects\My projects\IAAA_Compet\Speaker-identification\data\processed\audio_wav\93dc552a-8982-479b-a27c-eca5f9243556.wav,"=HYPERLINK(""D:\Projects\My projects\IAAA_Compet\Speaker-identification\data\processed\audio_wav\93dc552a-8982-479b-a27c-eca5f9243556.wav"",""93dc552a-8982-479b-a27c-eca5f9243556.wav"")",55.3,known,197,6db62f2d-673b-4d52-8aed-dfd754a9a0af,5,197,6db62f2d-673b-4d52-8aed-dfd754a9a0af,0.9986,OK,1,True,True,197,6db62f2d-673b-4d52-8aed-dfd754a9a0af,0.9943,OK,1,True,True,False,ok,
9426da57-a71d-4439-8f3c-e4be3fd53d2f.wav,D:\Projects\My projects\IAAA_Compet\Speaker-identification\data\processed\audio_wav\9426da57-a71d-4439-8f3c-e4be3fd53d2f.wav,"=HYPERLINK(""D:\Projects\My projects\IAAA_Compet\Speaker-identification\data\processed\audio_wav\9426da57-a71d-4439-8f3c-e4be3fd53d2f.wav"",""9426da57-a71d-4439-8f3c-e4be3fd53d2f.wav"")",94.63,unknown,0,unknown,,0,unknown,0.8539,OK,1,True,True,0,unknown,1.0,OK,1,True,True,False,ok,
9449592f-86a1-4263-aa8a-092318b1bacd.wav,D:\Projects\My projects\IAAA_Compet\Speaker-identification\data\processed\audio_wav\9449592f-86a1-4263-aa8a-092318b1bacd.wav,"=HYPERLINK(""D:\Projects\My projects\IAAA_Compet\Speaker-identification\data\processed\audio_wav\9449592f-86a1-4263-aa8a-092318b1bacd.wav"",""9449592f-86a1-4263-aa8a-092318b1bacd.wav"")",72.19,unknown,0,unknown,,0,unknown,0.8773,OK,1,True,True,0,unknown,0.9999,OK,1,True,True,False,ok,
944f00ce-d96d-497a-ae25-c0fefdfe6f94.wav,D:\Projects\My projects\IAAA_Compet\Speaker-identification\data\processed\audio_wav\944f00ce-d96d-497a-ae25-c0fefdfe6f94.wav,"=HYPERLINK(""D:\Projects\My projects\IAAA_Compet\Speaker-identification\data\processed\audio_wav\944f00ce-d96d-497a-ae25-c0fefdfe6f94.wav"",""944f00ce-d96d-497a-ae25-c0fefdfe6f94.wav"")",53.5,known,226,809e8792-983f-43a8-a5c4-a101484dc7e9,5,226,809e8792-983f-43a8-a5c4-a101484dc7e9,0.9794,OK,1,True,True,226,809e8792-983f-43a8-a5c4-a101484dc7e9,0.9989,OK,1,True,True,False,ok,
9459c688-4c39-45ee-bb16-5fae9121121e.wav,D:\Projects\My projects\IAAA_Compet\Speaker-identification\data\processed\audio_wav\9459c688-4c39-45ee-bb16-5fae9121121e.wav,"=HYPERLINK(""D:\Projects\My projects\IAAA_Compet\Speaker-identification\data\processed\audio_wav\9459c688-4c39-45ee-bb16-5fae9121121e.wav"",""9459c688-4c39-45ee-bb16-5fae9121121e.wav"")",59.31,unknown,0,unknown,,0,unknown,0.9982,OK,1,True,True,0,unknown,1.0,OK,1,True,True,False,ok,
946f26f2-1192-4ca2-9383-346b4305e544.wav,D:\Projects\My projects\IAAA_Compet\Speaker-identification\data\processed\audio_wav\946f26f2-1192-4ca2-9383-346b4305e544.wav,"=HYPERLINK(""D:\Projects\My projects\IAAA_Compet\Speaker-identification\data\processed\audio_wav\946f26f2-1192-4ca2-9383-346b4305e544.wav"",""946f26f2-1192-4ca2-9383-346b4305e544.wav"")",70.83,known,181,64ed7513-bcff-47c8-8ead-c0989d82dacc,5,181,64ed7513-bcff-47c8-8ead-c0989d82dacc,0.7425,OK,1,True,True,181,64ed7513-bcff-47c8-8ead-c0989d82dacc,0.9602,OK,1,True,True,False,ok,
949444f5-17d0-44c2-bc8d-87919b5b824f.wav,D:\Projects\My projects\IAAA_Compet\Speaker-identification\data\processed\audio_wav\949444f5-17d0-44c2-bc8d-87919b5b824f.wav,"=HYPERLINK(""D:\Projects\My projects\IAAA_Compet\Speaker-identification\data\processed\audio_wav\949444f5-17d0-44c2-bc8d-87919b5b824f.wav"",""949444f5-17d0-44c2-bc8d-87919b5b824f.wav"")",72.02,unknown,0,unknown,,0,unknown,0.5719,OK,1,True,True,0,unknown,0.9999,OK,1,True,True,False,ok,
950e592f-163a-4d15-a886-86c4cde558c4.wav,D:\Projects\My projects\IAAA_Compet\Speaker-identification\data\processed\audio_wav\950e592f-163a-4d15-a886-86c4cde558c4.wav,"=HYPERLINK(""D:\Projects\My projects\IAAA_Compet\Speaker-identification\data\processed\audio_wav\950e592f-163a-4d15-a886-86c4cde558c4.wav"",""950e592f-163a-4d15-a886-86c4cde558c4.wav"")",39.68,unknown,0,unknown,,0,unknown,0.7117,OK,1,True,True,0,unknown,1.0,OK,1,True,True,False,ok,
9512a187-47eb-4c43-b78e-25799db3490f.wav,D:\Projects\My projects\IAAA_Compet\Speaker-identification\data\processed\audio_wav\9512a187-47eb-4c43-b78e-25799db3490f.wav,"=HYPERLINK(""D:\Projects\My projects\IAAA_Compet\Speaker-identification\data\processed\audio_wav\9512a187-47eb-4c43-b78e-25799db3490f.wav"",""9512a187-47eb-4c43-b78e-25799db3490f.wav"")",69.46,known,96,30025e7b-c71f-4188-a085-0f93877afeb5,5,96,30025e7b-c71f-4188-a085-0f93877afeb5,0.9994,OK,1,True,True,96,30025e7b-c71f-4188-a085-0f93877afeb5,0.9966,OK,1,True,True,False,ok,
95164b23-1853-4827-a811-02d916d39327.wav,D:\Projects\My projects\IAAA_Compet\Speaker-identification\data\processed\audio_wav\95164b23-1853-4827-a811-02d916d39327.wav,"=HYPERLINK(""D:\Projects\My projects\IAAA_Compet\Speaker-identification\data\processed\audio_wav\95164b23-1853-4827-a811-02d916d39327.wav"",""95164b23-1853-4827-a811-02d916d39327.wav"")",38.06,known,135,4646921a-e48f-404c-814f-b79d6a2318dc,5,135,4646921a-e48f-404c-814f-b79d6a2318dc,0.9935,OK,1,True,True,135,4646921a-e48f-404c-814f-b79d6a2318dc,0.9943,OK,1,True,True,False,ok,
955b79c8-5a4e-4ea6-9344-4956a53137d6.wav,D:\Projects\My projects\IAAA_Compet\Speaker-identification\data\processed\audio_wav\955b79c8-5a4e-4ea6-9344-4956a53137d6.wav,"=HYPERLINK(""D:\Projects\My projects\IAAA_Compet\Speaker-identification\data\processed\audio_wav\955b79c8-5a4e-4ea6-9344-4956a53137d6.wav"",""955b79c8-5a4e-4ea6-9344-4956a53137d6.wav"")",33.96,known,286,a0e110bd-c2bd-491f-a10d-6379359d1ba0,5,286,a0e110bd-c2bd-491f-a10d-6379359d1ba0,0.9992,OK,1,True,True,286,a0e110bd-c2bd-491f-a10d-6379359d1ba0,0.9636,OK,1,True,True,False,ok,
95889e9b-1ea0-48b6-9b09-5aa55796c8ba.wav,D:\Projects\My projects\IAAA_Compet\Speaker-identification\data\processed\audio_wav\95889e9b-1ea0-48b6-9b09-5aa55796c8ba.wav,"=HYPERLINK(""D:\Projects\My projects\IAAA_Compet\Speaker-identification\data\processed\audio_wav\95889e9b-1ea0-48b6-9b09-5aa55796c8ba.wav"",""95889e9b-1ea0-48b6-9b09-5aa55796c8ba.wav"")",54.36,known,77,2643fc24-bdba-4b9a-9a15-00fa2c145315,5,77,2643fc24-bdba-4b9a-9a15-00fa2c145315,0.9657,OK,1,True,True,77,2643fc24-bdba-4b9a-9a15-00fa2c145315,0.9512,OK,1,True,True,False,ok,
95cc754e-eaf5-4f90-af91-e2a769c02821.wav,D:\Projects\My projects\IAAA_Compet\Speaker-identification\data\processed\audio_wav\95cc754e-eaf5-4f90-af91-e2a769c02821.wav,"=HYPERLINK(""D:\Projects\My projects\IAAA_Compet\Speaker-identification\data\processed\audio_wav\95cc754e-eaf5-4f90-af91-e2a769c02821.wav"",""95cc754e-eaf5-4f90-af91-e2a769c02821.wav"")",6.91,unknown,0,unknown,,0,unknown,0.4183,OK,1,True,True,0,unknown,0.5123,OK,1,True,True,False,ok,
9657b0cd-7641-4115-814f-1fdcb431d5a2.wav,D:\Projects\My projects\IAAA_Compet\Speaker-identification\data\processed\audio_wav\9657b0cd-7641-4115-814f-1fdcb431d5a2.wav,"=HYPERLINK(""D:\Projects\My projects\IAAA_Compet\Speaker-identification\data\processed\audio_wav\9657b0cd-7641-4115-814f-1fdcb431d5a2.wav"",""9657b0cd-7641-4115-814f-1fdcb431d5a2.wav"")",107.78,known,409,e839e5eb-3a55-4271-b1fb-2fd9b102f5a3,5,409,e839e5eb-3a55-4271-b1fb-2fd9b102f5a3,0.781,OK,1,True,True,409,e839e5eb-3a55-4271-b1fb-2fd9b102f5a3,0.9934,OK,1,True,True,False,ok,
96fca937-208b-438a-aed7-6ed6811878ea.wav,D:\Projects\My projects\IAAA_Compet\Speaker-identification\data\processed\audio_wav\96fca937-208b-438a-aed7-6ed6811878ea.wav,"=HYPERLINK(""D:\Projects\My projects\IAAA_Compet\Speaker-identification\data\processed\audio_wav\96fca937-208b-438a-aed7-6ed6811878ea.wav"",""96fca937-208b-438a-aed7-6ed6811878ea.wav"")",75.61,unknown,0,unknown,,0,unknown,0.9382,OK,1,True,True,0,unknown,0.9995,OK,1,True,True,False,ok,
97154e0c-cf51-4c39-920c-d31a820bef1c.wav,D:\Projects\My projects\IAAA_Compet\Speaker-identification\data\processed\audio_wav\97154e0c-cf51-4c39-920c-d31a820bef1c.wav,"=HYPERLINK(""D:\Projects\My projects\IAAA_Compet\Speaker-identification\data\processed\audio_wav\97154e0c-cf51-4c39-920c-d31a820bef1c.wav"",""97154e0c-cf51-4c39-920c-d31a820bef1c.wav"")",46.34,unknown,0,unknown,,0,unknown,0.9998,OK,1,True,True,0,unknown,1.0,OK,1,True,True,False,ok,
971dc1c9-9fc0-47a7-b082-79e2358881f6.wav,D:\Projects\My projects\IAAA_Compet\Speaker-identification\data\processed\audio_wav\971dc1c9-9fc0-47a7-b082-79e2358881f6.wav,"=HYPERLINK(""D:\Projects\My projects\IAAA_Compet\Speaker-identification\data\processed\audio_wav\971dc1c9-9fc0-47a7-b082-79e2358881f6.wav"",""971dc1c9-9fc0-47a7-b082-79e2358881f6.wav"")",49.24,known,211,77ce8afb-84ac-4e21-981c-b4f5fb8ba105,5,211,77ce8afb-84ac-4e21-981c-b4f5fb8ba105,0.9989,OK,1,True,True,211,77ce8afb-84ac-4e21-981c-b4f5fb8ba105,0.9994,OK,1,True,True,False,ok,
9747cd89-ae52-48e9-9a7d-9bfe5bb777e6.wav,D:\Projects\My projects\IAAA_Compet\Speaker-identification\data\processed\audio_wav\9747cd89-ae52-48e9-9a7d-9bfe5bb777e6.wav,"=HYPERLINK(""D:\Projects\My projects\IAAA_Compet\Speaker-identification\data\processed\audio_wav\9747cd89-ae52-48e9-9a7d-9bfe5bb777e6.wav"",""9747cd89-ae52-48e9-9a7d-9bfe5bb777e6.wav"")",71.0,known,317,b57c74ea-bff5-45e1-9c60-152dbd040af1,5,317,b57c74ea-bff5-45e1-9c60-152dbd040af1,0.9973,OK,1,True,True,317,b57c74ea-bff5-45e1-9c60-152dbd040af1,0.9989,OK,1,True,True,False,ok,
977191c5-f68d-47c6-a103-5d355a37c7ab.wav,D:\Projects\My projects\IAAA_Compet\Speaker-identification\data\processed\audio_wav\977191c5-f68d-47c6-a103-5d355a37c7ab.wav,"=HYPERLINK(""D:\Projects\My projects\IAAA_Compet\Speaker-identification\data\processed\audio_wav\977191c5-f68d-47c6-a103-5d355a37c7ab.wav"",""977191c5-f68d-47c6-a103-5d355a37c7ab.wav"")",42.07,known,426,f39b9a18-6ca2-4b75-9c53-6707510932b7,5,426,f39b9a18-6ca2-4b75-9c53-6707510932b7,0.634,OK,1,True,True,426,f39b9a18-6ca2-4b75-9c53-6707510932b7,0.9836,OK,1,True,True,False,ok,
9795633f-44db-4f7d-93c6-31a569c7565f.wav,D:\Projects\My projects\IAAA_Compet\Speaker-identification\data\processed\audio_wav\9795633f-44db-4f7d-93c6-31a569c7565f.wav,"=HYPERLINK(""D:\Projects\My projects\IAAA_Compet\Speaker-identification\data\processed\audio_wav\9795633f-44db-4f7d-93c6-31a569c7565f.wav"",""9795633f-44db-4f7d-93c6-31a569c7565f.wav"")",68.01,unknown,0,unknown,,0,unknown,0.8006,OK,1,True,True,0,unknown,0.9997,OK,1,True,True,False,ok,
97c2365c-1664-45a8-a1e2-03e0d69cf202.wav,D:\Projects\My projects\IAAA_Compet\Speaker-identification\data\processed\audio_wav\97c2365c-1664-45a8-a1e2-03e0d69cf202.wav,"=HYPERLINK(""D:\Projects\My projects\IAAA_Compet\Speaker-identification\data\processed\audio_wav\97c2365c-1664-45a8-a1e2-03e0d69cf202.wav"",""97c2365c-1664-45a8-a1e2-03e0d69cf202.wav"")",47.27,unknown,0,unknown,,0,unknown,0.9962,OK,1,True,True,0,unknown,1.0,OK,1,True,True,False,ok,
9834fdc5-15e1-4b97-8c7d-d6d1ee3bcec6.wav,D:\Projects\My projects\IAAA_Compet\Speaker-identification\data\processed\audio_wav\9834fdc5-15e1-4b97-8c7d-d6d1ee3bcec6.wav,"=HYPERLINK(""D:\Projects\My projects\IAAA_Compet\Speaker-identification\data\processed\audio_wav\9834fdc5-15e1-4b97-8c7d-d6d1ee3bcec6.wav"",""9834fdc5-15e1-4b97-8c7d-d6d1ee3bcec6.wav"")",56.49,known,243,865cf7c6-a9bf-443d-b4ba-f9dd0308911f,5,243,865cf7c6-a9bf-443d-b4ba-f9dd0308911f,0.999,OK,1,True,True,243,865cf7c6-a9bf-443d-b4ba-f9dd0308911f,0.9925,OK,1,True,True,False,ok,
98a86fff-34cc-4fbd-a5f7-439fddb8bdf6.wav,D:\Projects\My projects\IAAA_Compet\Speaker-identification\data\processed\audio_wav\98a86fff-34cc-4fbd-a5f7-439fddb8bdf6.wav,"=HYPERLINK(""D:\Projects\My projects\IAAA_Compet\Speaker-identification\data\processed\audio_wav\98a86fff-34cc-4fbd-a5f7-439fddb8bdf6.wav"",""98a86fff-34cc-4fbd-a5f7-439fddb8bdf6.wav"")",50.6,unknown,0,unknown,,0,unknown,0.9812,OK,1,True,True,0,unknown,1.0,OK,1,True,True,False,ok,
98b359b2-0d71-4229-b11d-4a7045f46c70.wav,D:\Projects\My projects\IAAA_Compet\Speaker-identification\data\processed\audio_wav\98b359b2-0d71-4229-b11d-4a7045f46c70.wav,"=HYPERLINK(""D:\Projects\My projects\IAAA_Compet\Speaker-identification\data\processed\audio_wav\98b359b2-0d71-4229-b11d-4a7045f46c70.wav"",""98b359b2-0d71-4229-b11d-4a7045f46c70.wav"")",95.83,known,248,88d566ea-f138-47cb-8013-112cfc050be1,5,248,88d566ea-f138-47cb-8013-112cfc050be1,0.9719,OK,1,True,True,248,88d566ea-f138-47cb-8013-112cfc050be1,0.9914,OK,1,True,True,False,ok,
991f2dbf-4290-4ebb-93b9-03782e388342.wav,D:\Projects\My projects\IAAA_Compet\Speaker-identification\data\processed\audio_wav\991f2dbf-4290-4ebb-93b9-03782e388342.wav,"=HYPERLINK(""D:\Projects\My projects\IAAA_Compet\Speaker-identification\data\processed\audio_wav\991f2dbf-4290-4ebb-93b9-03782e388342.wav"",""991f2dbf-4290-4ebb-93b9-03782e388342.wav"")",48.38,known,117,3afc069e-0a13-46d1-8580-978c6eb7e282,5,117,3afc069e-0a13-46d1-8580-978c6eb7e282,0.9808,OK,1,True,True,117,3afc069e-0a13-46d1-8580-978c6eb7e282,0.9918,OK,1,True,True,False,ok,
99a73af0-6942-45dc-9a5d-fc738d865a42.wav,D:\Projects\My projects\IAAA_Compet\Speaker-identification\data\processed\audio_wav\99a73af0-6942-45dc-9a5d-fc738d865a42.wav,"=HYPERLINK(""D:\Projects\My projects\IAAA_Compet\Speaker-identification\data\processed\audio_wav\99a73af0-6942-45dc-9a5d-fc738d865a42.wav"",""99a73af0-6942-45dc-9a5d-fc738d865a42.wav"")",73.73,unknown,0,unknown,,0,unknown,0.9824,OK,1,True,True,0,unknown,1.0,OK,1,True,True,False,ok,
9a13b6ab-40cc-4bfb-91d6-8e5c981bb10b.wav,D:\Projects\My projects\IAAA_Compet\Speaker-identification\data\processed\audio_wav\9a13b6ab-40cc-4bfb-91d6-8e5c981bb10b.wav,"=HYPERLINK(""D:\Projects\My projects\IAAA_Compet\Speaker-identification\data\processed\audio_wav\9a13b6ab-40cc-4bfb-91d6-8e5c981bb10b.wav"",""9a13b6ab-40cc-4bfb-91d6-8e5c981bb10b.wav"")",87.89,known,24,0b517cff-846d-4988-8200-82656b1b9b3c,5,24,0b517cff-846d-4988-8200-82656b1b9b3c,0.9947,OK,1,True,True,24,0b517cff-846d-4988-8200-82656b1b9b3c,0.9972,OK,1,True,True,False,ok,
9a182580-517f-498c-9a60-8239ac40459f.wav,D:\Projects\My projects\IAAA_Compet\Speaker-identification\data\processed\audio_wav\9a182580-517f-498c-9a60-8239ac40459f.wav,"=HYPERLINK(""D:\Projects\My projects\IAAA_Compet\Speaker-identification\data\processed\audio_wav\9a182580-517f-498c-9a60-8239ac40459f.wav"",""9a182580-517f-498c-9a60-8239ac40459f.wav"")",52.48,known,52,1910d4ba-2114-4826-9410-d1af61246c53,5,52,1910d4ba-2114-4826-9410-d1af61246c53,0.9267,OK,1,True,True,52,1910d4ba-2114-4826-9410-d1af61246c53,0.9801,OK,1,True,True,False,ok,
9aa8b6cd-92ad-4284-af11-d4bb73e0d184.wav,D:\Projects\My projects\IAAA_Compet\Speaker-identification\data\processed\audio_wav\9aa8b6cd-92ad-4284-af11-d4bb73e0d184.wav,"=HYPERLINK(""D:\Projects\My projects\IAAA_Compet\Speaker-identification\data\processed\audio_wav\9aa8b6cd-92ad-4284-af11-d4bb73e0d184.wav"",""9aa8b6cd-92ad-4284-af11-d4bb73e0d184.wav"")",32.09,unknown,0,unknown,,0,unknown,0.9489,OK,1,True,True,0,unknown,1.0,OK,1,True,True,False,ok,
9ce53164-eac7-4fc9-8c4e-469b828903bf.wav,D:\Projects\My projects\IAAA_Compet\Speaker-identification\data\processed\audio_wav\9ce53164-eac7-4fc9-8c4e-469b828903bf.wav,"=HYPERLINK(""D:\Projects\My projects\IAAA_Compet\Speaker-identification\data\processed\audio_wav\9ce53164-eac7-4fc9-8c4e-469b828903bf.wav"",""9ce53164-eac7-4fc9-8c4e-469b828903bf.wav"")",61.87,known,106,33d9b6e3-7d50-4e2e-9501-309c5b73ae75,5,106,33d9b6e3-7d50-4e2e-9501-309c5b73ae75,0.9198,OK,1,True,True,106,33d9b6e3-7d50-4e2e-9501-309c5b73ae75,0.9922,OK,1,True,True,False,ok,
9d2de18a-1e87-4430-847a-fe057f8543bb.wav,D:\Projects\My projects\IAAA_Compet\Speaker-identification\data\processed\audio_wav\9d2de18a-1e87-4430-847a-fe057f8543bb.wav,"=HYPERLINK(""D:\Projects\My projects\IAAA_Compet\Speaker-identification\data\processed\audio_wav\9d2de18a-1e87-4430-847a-fe057f8543bb.wav"",""9d2de18a-1e87-4430-847a-fe057f8543bb.wav"")",66.47,unknown,0,unknown,,0,unknown,0.7548,OK,1,True,True,0,unknown,1.0,OK,1,True,True,False,ok,
9d6a525c-aff3-48c3-9b17-d33ef9152218.wav,D:\Projects\My projects\IAAA_Compet\Speaker-identification\data\processed\audio_wav\9d6a525c-aff3-48c3-9b17-d33ef9152218.wav,"=HYPERLINK(""D:\Projects\My projects\IAAA_Compet\Speaker-identification\data\processed\audio_wav\9d6a525c-aff3-48c3-9b17-d33ef9152218.wav"",""9d6a525c-aff3-48c3-9b17-d33ef9152218.wav"")",69.72,known,294,a5249716-855f-47ca-98fc-228dee934de4,5,294,a5249716-855f-47ca-98fc-228dee934de4,0.9909,OK,1,True,True,294,a5249716-855f-47ca-98fc-228dee934de4,0.9864,OK,1,True,True,False,ok,
9db3d951-9b31-4942-b690-d5fb4ffe559b.wav,D:\Projects\My projects\IAAA_Compet\Speaker-identification\data\processed\audio_wav\9db3d951-9b31-4942-b690-d5fb4ffe559b.wav,"=HYPERLINK(""D:\Projects\My projects\IAAA_Compet\Speaker-identification\data\processed\audio_wav\9db3d951-9b31-4942-b690-d5fb4ffe559b.wav"",""9db3d951-9b31-4942-b690-d5fb4ffe559b.wav"")",91.48,known,388,d8f9c8ac-ea9f-4fa6-b505-ec1c42231c70,5,388,d8f9c8ac-ea9f-4fa6-b505-ec1c42231c70,0.9558,OK,1,True,True,388,d8f9c8ac-ea9f-4fa6-b505-ec1c42231c70,0.9967,OK,1,True,True,False,ok,
9e1b86c8-a56e-444b-8fb5-bc2a1735c5fd.wav,D:\Projects\My projects\IAAA_Compet\Speaker-identification\data\processed\audio_wav\9e1b86c8-a56e-444b-8fb5-bc2a1735c5fd.wav,"=HYPERLINK(""D:\Projects\My projects\IAAA_Compet\Speaker-identification\data\processed\audio_wav\9e1b86c8-a56e-444b-8fb5-bc2a1735c5fd.wav"",""9e1b86c8-a56e-444b-8fb5-bc2a1735c5fd.wav"")",73.98,unknown,0,unknown,,0,unknown,0.9448,OK,1,True,True,0,unknown,0.9999,OK,1,True,True,False,ok,
9e793a62-e0f2-471b-959b-3fa566a3511d.wav,D:\Projects\My projects\IAAA_Compet\Speaker-identification\data\processed\audio_wav\9e793a62-e0f2-471b-959b-3fa566a3511d.wav,"=HYPERLINK(""D:\Projects\My projects\IAAA_Compet\Speaker-identification\data\processed\audio_wav\9e793a62-e0f2-471b-959b-3fa566a3511d.wav"",""9e793a62-e0f2-471b-959b-3fa566a3511d.wav"")",54.19,unknown,0,unknown,,0,unknown,1.0,OK,1,True,True,0,unknown,0.9999,OK,1,True,True,False,ok,
9f0b9bb5-f438-4285-928f-7abccc747c10.wav,D:\Projects\My projects\IAAA_Compet\Speaker-identification\data\processed\audio_wav\9f0b9bb5-f438-4285-928f-7abccc747c10.wav,"=HYPERLINK(""D:\Projects\My projects\IAAA_Compet\Speaker-identification\data\processed\audio_wav\9f0b9bb5-f438-4285-928f-7abccc747c10.wav"",""9f0b9bb5-f438-4285-928f-7abccc747c10.wav"")",68.44,known,111,370e795f-ff8e-4cc1-a792-79c9bc8f3b71,5,111,370e795f-ff8e-4cc1-a792-79c9bc8f3b71,0.858,OK,1,True,True,111,370e795f-ff8e-4cc1-a792-79c9bc8f3b71,0.9955,OK,1,True,True,False,ok,
9f55f922-9669-4133-bdc5-49e405198ac8.wav,D:\Projects\My projects\IAAA_Compet\Speaker-identification\data\processed\audio_wav\9f55f922-9669-4133-bdc5-49e405198ac8.wav,"=HYPERLINK(""D:\Projects\My projects\IAAA_Compet\Speaker-identification\data\processed\audio_wav\9f55f922-9669-4133-bdc5-49e405198ac8.wav"",""9f55f922-9669-4133-bdc5-49e405198ac8.wav"")",68.61,known,69,21ace04a-0f3b-45de-8b0a-90ddae5931da,5,69,21ace04a-0f3b-45de-8b0a-90ddae5931da,0.9695,OK,1,True,True,69,21ace04a-0f3b-45de-8b0a-90ddae5931da,0.9977,OK,1,True,True,False,ok,
9fb34b97-b537-4989-87f4-10fd855f1170.wav,D:\Projects\My projects\IAAA_Compet\Speaker-identification\data\processed\audio_wav\9fb34b97-b537-4989-87f4-10fd855f1170.wav,"=HYPERLINK(""D:\Projects\My projects\IAAA_Compet\Speaker-identification\data\processed\audio_wav\9fb34b97-b537-4989-87f4-10fd855f1170.wav"",""9fb34b97-b537-4989-87f4-10fd855f1170.wav"")",71.68,unknown,0,unknown,,0,unknown,0.9903,OK,1,True,True,0,unknown,0.9991,OK,1,True,True,False,ok,
a05b6345-90de-4ec7-9df2-89830ac5c353.wav,D:\Projects\My projects\IAAA_Compet\Speaker-identification\data\processed\audio_wav\a05b6345-90de-4ec7-9df2-89830ac5c353.wav,"=HYPERLINK(""D:\Projects\My projects\IAAA_Compet\Speaker-identification\data\processed\audio_wav\a05b6345-90de-4ec7-9df2-89830ac5c353.wav"",""a05b6345-90de-4ec7-9df2-89830ac5c353.wav"")",81.92,known,265,93a9e0f7-de2d-4b83-815c-583584551fa8,5,265,93a9e0f7-de2d-4b83-815c-583584551fa8,0.9883,OK,1,True,True,265,93a9e0f7-de2d-4b83-815c-583584551fa8,0.9893,OK,1,True,True,False,ok,
a069c295-4b0c-4107-aca8-17f336dc4e43.wav,D:\Projects\My projects\IAAA_Compet\Speaker-identification\data\processed\audio_wav\a069c295-4b0c-4107-aca8-17f336dc4e43.wav,"=HYPERLINK(""D:\Projects\My projects\IAAA_Compet\Speaker-identification\data\processed\audio_wav\a069c295-4b0c-4107-aca8-17f336dc4e43.wav"",""a069c295-4b0c-4107-aca8-17f336dc4e43.wav"")",81.75,unknown,0,unknown,,0,unknown,0.3528,OK,1,True,True,0,unknown,0.9994,OK,1,True,True,False,ok,
a0a64129-6916-4e2b-926f-edd95bd6b12c.wav,D:\Projects\My projects\IAAA_Compet\Speaker-identification\data\processed\audio_wav\a0a64129-6916-4e2b-926f-edd95bd6b12c.wav,"=HYPERLINK(""D:\Projects\My projects\IAAA_Compet\Speaker-identification\data\processed\audio_wav\a0a64129-6916-4e2b-926f-edd95bd6b12c.wav"",""a0a64129-6916-4e2b-926f-edd95bd6b12c.wav"")",58.62,unknown,0,unknown,,0,unknown,0.3691,OK,1,True,True,0,unknown,1.0,OK,1,True,True,False,ok,
a135afe6-8268-4574-ad4d-e323516ed771.wav,D:\Projects\My projects\IAAA_Compet\Speaker-identification\data\processed\audio_wav\a135afe6-8268-4574-ad4d-e323516ed771.wav,"=HYPERLINK(""D:\Projects\My projects\IAAA_Compet\Speaker-identification\data\processed\audio_wav\a135afe6-8268-4574-ad4d-e323516ed771.wav"",""a135afe6-8268-4574-ad4d-e323516ed771.wav"")",72.11,unknown,0,unknown,,0,unknown,0.8784,OK,1,True,True,0,unknown,1.0,OK,1,True,True,False,ok,
a1e573e4-b39d-4f8c-b21b-5f39f9ec9f7b.wav,D:\Projects\My projects\IAAA_Compet\Speaker-identification\data\processed\audio_wav\a1e573e4-b39d-4f8c-b21b-5f39f9ec9f7b.wav,"=HYPERLINK(""D:\Projects\My projects\IAAA_Compet\Speaker-identification\data\processed\audio_wav\a1e573e4-b39d-4f8c-b21b-5f39f9ec9f7b.wav"",""a1e573e4-b39d-4f8c-b21b-5f39f9ec9f7b.wav"")",64.6,unknown,0,unknown,,0,unknown,0.9785,OK,1,True,True,0,unknown,1.0,OK,1,True,True,False,ok,
a1f20449-66fa-47c4-80e7-eb6378a72ee2.wav,D:\Projects\My projects\IAAA_Compet\Speaker-identification\data\processed\audio_wav\a1f20449-66fa-47c4-80e7-eb6378a72ee2.wav,"=HYPERLINK(""D:\Projects\My projects\IAAA_Compet\Speaker-identification\data\processed\audio_wav\a1f20449-66fa-47c4-80e7-eb6378a72ee2.wav"",""a1f20449-66fa-47c4-80e7-eb6378a72ee2.wav"")",66.9,known,47,176d9693-5473-4ee0-9833-7eef1a51dab5,5,47,176d9693-5473-4ee0-9833-7eef1a51dab5,0.9008,OK,1,True,True,47,176d9693-5473-4ee0-9833-7eef1a51dab5,0.9948,OK,1,True,True,False,ok,
a2b4a746-7b66-40f8-aa80-52e83d2172d1.wav,D:\Projects\My projects\IAAA_Compet\Speaker-identification\data\processed\audio_wav\a2b4a746-7b66-40f8-aa80-52e83d2172d1.wav,"=HYPERLINK(""D:\Projects\My projects\IAAA_Compet\Speaker-identification\data\processed\audio_wav\a2b4a746-7b66-40f8-aa80-52e83d2172d1.wav"",""a2b4a746-7b66-40f8-aa80-52e83d2172d1.wav"")",51.29,unknown,0,unknown,,0,unknown,0.9903,OK,1,True,True,0,unknown,1.0,OK,1,True,True,False,ok,
a2b95ccc-9d82-4c1e-8d01-a0edeb7ec410.wav,D:\Projects\My projects\IAAA_Compet\Speaker-identification\data\processed\audio_wav\a2b95ccc-9d82-4c1e-8d01-a0edeb7ec410.wav,"=HYPERLINK(""D:\Projects\My projects\IAAA_Compet\Speaker-identification\data\processed\audio_wav\a2b95ccc-9d82-4c1e-8d01-a0edeb7ec410.wav"",""a2b95ccc-9d82-4c1e-8d01-a0edeb7ec410.wav"")",91.05,unknown,0,unknown,,0,unknown,0.6201,OK,1,True,True,0,unknown,1.0,OK,1,True,True,False,ok,
a2ec6202-7778-4ee4-9ef6-07aae4d7939e.wav,D:\Projects\My projects\IAAA_Compet\Speaker-identification\data\processed\audio_wav\a2ec6202-7778-4ee4-9ef6-07aae4d7939e.wav,"=HYPERLINK(""D:\Projects\My projects\IAAA_Compet\Speaker-identification\data\processed\audio_wav\a2ec6202-7778-4ee4-9ef6-07aae4d7939e.wav"",""a2ec6202-7778-4ee4-9ef6-07aae4d7939e.wav"")",74.15,unknown,0,unknown,,0,unknown,0.8252,OK,1,True,True,0,unknown,1.0,OK,1,True,True,False,ok,
a2f28220-8320-44fd-aa0f-de5ac5eda104.wav,D:\Projects\My projects\IAAA_Compet\Speaker-identification\data\processed\audio_wav\a2f28220-8320-44fd-aa0f-de5ac5eda104.wav,"=HYPERLINK(""D:\Projects\My projects\IAAA_Compet\Speaker-identification\data\processed\audio_wav\a2f28220-8320-44fd-aa0f-de5ac5eda104.wav"",""a2f28220-8320-44fd-aa0f-de5ac5eda104.wav"")",81.24,unknown,0,unknown,,0,unknown,0.7981,OK,1,True,True,0,unknown,1.0,OK,1,True,True,False,ok,
a3488b15-83e1-4d4a-8c8f-3e365cba5cd3.wav,D:\Projects\My projects\IAAA_Compet\Speaker-identification\data\processed\audio_wav\a3488b15-83e1-4d4a-8c8f-3e365cba5cd3.wav,"=HYPERLINK(""D:\Projects\My projects\IAAA_Compet\Speaker-identification\data\processed\audio_wav\a3488b15-83e1-4d4a-8c8f-3e365cba5cd3.wav"",""a3488b15-83e1-4d4a-8c8f-3e365cba5cd3.wav"")",65.19,known,132,44ea12a5-af34-418e-a9c2-fa6b93b66fce,5,132,44ea12a5-af34-418e-a9c2-fa6b93b66fce,0.6994,OK,1,True,True,132,44ea12a5-af34-418e-a9c2-fa6b93b66fce,0.8822,OK,1,True,True,False,ok,
a381aeab-044f-4cee-b42b-3a2fb2395c10.wav,D:\Projects\My projects\IAAA_Compet\Speaker-identification\data\processed\audio_wav\a381aeab-044f-4cee-b42b-3a2fb2395c10.wav,"=HYPERLINK(""D:\Projects\My projects\IAAA_Compet\Speaker-identification\data\processed\audio_wav\a381aeab-044f-4cee-b42b-3a2fb2395c10.wav"",""a381aeab-044f-4cee-b42b-3a2fb2395c10.wav"")",89.6,known,151,50bac49c-bf7b-49d6-8c61-029a711fc140,5,151,50bac49c-bf7b-49d6-8c61-029a711fc140,0.9954,OK,1,True,True,151,50bac49c-bf7b-49d6-8c61-029a711fc140,0.9682,OK,1,True,True,False,ok,
a3bb1f75-faba-43d1-99a1-176c1de6e0cf.wav,D:\Projects\My projects\IAAA_Compet\Speaker-identification\data\processed\audio_wav\a3bb1f75-faba-43d1-99a1-176c1de6e0cf.wav,"=HYPERLINK(""D:\Projects\My projects\IAAA_Compet\Speaker-identification\data\processed\audio_wav\a3bb1f75-faba-43d1-99a1-176c1de6e0cf.wav"",""a3bb1f75-faba-43d1-99a1-176c1de6e0cf.wav"")",91.9,known,260,8d5d453f-c43c-4e96-905c-fb10fd5a9844,5,260,8d5d453f-c43c-4e96-905c-fb10fd5a9844,0.9994,OK,1,True,True,260,8d5d453f-c43c-4e96-905c-fb10fd5a9844,0.9892,OK,1,True,True,False,ok,
a3fa1e43-b9ac-496f-a994-4222be86bc10.wav,D:\Projects\My projects\IAAA_Compet\Speaker-identification\data\processed\audio_wav\a3fa1e43-b9ac-496f-a994-4222be86bc10.wav,"=HYPERLINK(""D:\Projects\My projects\IAAA_Compet\Speaker-identification\data\processed\audio_wav\a3fa1e43-b9ac-496f-a994-4222be86bc10.wav"",""a3fa1e43-b9ac-496f-a994-4222be86bc10.wav"")",67.33,unknown,0,unknown,,0,unknown,0.9943,OK,1,True,True,0,unknown,1.0,OK,1,True,True,False,ok,
a43ff230-0e67-4d7a-b68d-7b8895b78ced.wav,D:\Projects\My projects\IAAA_Compet\Speaker-identification\data\processed\audio_wav\a43ff230-0e67-4d7a-b68d-7b8895b78ced.wav,"=HYPERLINK(""D:\Projects\My projects\IAAA_Compet\Speaker-identification\data\processed\audio_wav\a43ff230-0e67-4d7a-b68d-7b8895b78ced.wav"",""a43ff230-0e67-4d7a-b68d-7b8895b78ced.wav"")",68.18,unknown,0,unknown,,0,unknown,0.9623,OK,1,True,True,0,unknown,1.0,OK,1,True,True,False,ok,
a441c151-db84-4ae4-bc81-d521be6a2cf5.wav,D:\Projects\My projects\IAAA_Compet\Speaker-identification\data\processed\audio_wav\a441c151-db84-4ae4-bc81-d521be6a2cf5.wav,"=HYPERLINK(""D:\Projects\My projects\IAAA_Compet\Speaker-identification\data\processed\audio_wav\a441c151-db84-4ae4-bc81-d521be6a2cf5.wav"",""a441c151-db84-4ae4-bc81-d521be6a2cf5.wav"")",48.38,known,191,698da44a-c6c8-4a84-994e-24c3fb84cb72,5,191,698da44a-c6c8-4a84-994e-24c3fb84cb72,0.9993,OK,1,True,True,191,698da44a-c6c8-4a84-994e-24c3fb84cb72,0.9985,OK,1,True,True,False,ok,
a4bdeb6e-3e68-4244-945f-d6691a8193bc.wav,D:\Projects\My projects\IAAA_Compet\Speaker-identification\data\processed\audio_wav\a4bdeb6e-3e68-4244-945f-d6691a8193bc.wav,"=HYPERLINK(""D:\Projects\My projects\IAAA_Compet\Speaker-identification\data\processed\audio_wav\a4bdeb6e-3e68-4244-945f-d6691a8193bc.wav"",""a4bdeb6e-3e68-4244-945f-d6691a8193bc.wav"")",49.15,known,45,16d33c0f-567a-4605-a471-2702464e0ab3,5,45,16d33c0f-567a-4605-a471-2702464e0ab3,0.9979,OK,1,True,True,45,16d33c0f-567a-4605-a471-2702464e0ab3,0.921,OK,1,True,True,False,ok,
a57fa601-5d89-4c4d-9884-e740c96c2b0f.wav,D:\Projects\My projects\IAAA_Compet\Speaker-identification\data\processed\audio_wav\a57fa601-5d89-4c4d-9884-e740c96c2b0f.wav,"=HYPERLINK(""D:\Projects\My projects\IAAA_Compet\Speaker-identification\data\processed\audio_wav\a57fa601-5d89-4c4d-9884-e740c96c2b0f.wav"",""a57fa601-5d89-4c4d-9884-e740c96c2b0f.wav"")",58.97,unknown,0,unknown,,0,unknown,0.9978,OK,1,True,True,0,unknown,1.0,OK,1,True,True,False,ok,
a5c3de11-953e-4736-9d95-c968bd0aa3e3.wav,D:\Projects\My projects\IAAA_Compet\Speaker-identification\data\processed\audio_wav\a5c3de11-953e-4736-9d95-c968bd0aa3e3.wav,"=HYPERLINK(""D:\Projects\My projects\IAAA_Compet\Speaker-identification\data\processed\audio_wav\a5c3de11-953e-4736-9d95-c968bd0aa3e3.wav"",""a5c3de11-953e-4736-9d95-c968bd0aa3e3.wav"")",52.57,known,177,5e46259d-bd78-458f-950a-7298b45d5124,5,177,5e46259d-bd78-458f-950a-7298b45d5124,0.8483,OK,1,True,True,177,5e46259d-bd78-458f-950a-7298b45d5124,0.9798,OK,1,True,True,False,ok,
a6589174-6380-44d5-82a5-7a2e6c4bf0e2.wav,D:\Projects\My projects\IAAA_Compet\Speaker-identification\data\processed\audio_wav\a6589174-6380-44d5-82a5-7a2e6c4bf0e2.wav,"=HYPERLINK(""D:\Projects\My projects\IAAA_Compet\Speaker-identification\data\processed\audio_wav\a6589174-6380-44d5-82a5-7a2e6c4bf0e2.wav"",""a6589174-6380-44d5-82a5-7a2e6c4bf0e2.wav"")",58.88,unknown,0,unknown,,0,unknown,0.9977,OK,1,True,True,0,unknown,1.0,OK,1,True,True,False,ok,
a6852829-0479-4b27-96c2-6685cc7ce2ee.wav,D:\Projects\My projects\IAAA_Compet\Speaker-identification\data\processed\audio_wav\a6852829-0479-4b27-96c2-6685cc7ce2ee.wav,"=HYPERLINK(""D:\Projects\My projects\IAAA_Compet\Speaker-identification\data\processed\audio_wav\a6852829-0479-4b27-96c2-6685cc7ce2ee.wav"",""a6852829-0479-4b27-96c2-6685cc7ce2ee.wav"")",46.93,unknown,0,unknown,,0,unknown,0.8946,OK,1,True,True,0,unknown,1.0,OK,1,True,True,False,ok,
a6cf1200-81c9-4a88-874b-9bab2cfd30eb.wav,D:\Projects\My projects\IAAA_Compet\Speaker-identification\data\processed\audio_wav\a6cf1200-81c9-4a88-874b-9bab2cfd30eb.wav,"=HYPERLINK(""D:\Projects\My projects\IAAA_Compet\Speaker-identification\data\processed\audio_wav\a6cf1200-81c9-4a88-874b-9bab2cfd30eb.wav"",""a6cf1200-81c9-4a88-874b-9bab2cfd30eb.wav"")",43.61,known,392,ddaf10f3-74c2-4a4a-a5c9-5769da1d8342,5,392,ddaf10f3-74c2-4a4a-a5c9-5769da1d8342,0.8615,OK,1,True,True,392,ddaf10f3-74c2-4a4a-a5c9-5769da1d8342,0.9837,OK,1,True,True,False,ok,
a7172fcd-826c-4155-9cd2-97abcdb3199f.wav,D:\Projects\My projects\IAAA_Compet\Speaker-identification\data\processed\audio_wav\a7172fcd-826c-4155-9cd2-97abcdb3199f.wav,"=HYPERLINK(""D:\Projects\My projects\IAAA_Compet\Speaker-identification\data\processed\audio_wav\a7172fcd-826c-4155-9cd2-97abcdb3199f.wav"",""a7172fcd-826c-4155-9cd2-97abcdb3199f.wav"")",53.5,unknown,0,unknown,,0,unknown,0.9827,OK,1,True,True,0,unknown,0.9995,OK,1,True,True,False,ok,
a740923f-d0aa-4902-9bd1-f589f846255d.wav,D:\Projects\My projects\IAAA_Compet\Speaker-identification\data\processed\audio_wav\a740923f-d0aa-4902-9bd1-f589f846255d.wav,"=HYPERLINK(""D:\Projects\My projects\IAAA_Compet\Speaker-identification\data\processed\audio_wav\a740923f-d0aa-4902-9bd1-f589f846255d.wav"",""a740923f-d0aa-4902-9bd1-f589f846255d.wav"")",72.7,known,48,1777a4ad-38f8-45ea-af27-2f349a6472f9,5,48,1777a4ad-38f8-45ea-af27-2f349a6472f9,0.951,OK,1,True,True,48,1777a4ad-38f8-45ea-af27-2f349a6472f9,0.9498,OK,1,True,True,False,ok,
a8d4f475-b5d0-4153-b621-f4895ba7046c.wav,D:\Projects\My projects\IAAA_Compet\Speaker-identification\data\processed\audio_wav\a8d4f475-b5d0-4153-b621-f4895ba7046c.wav,"=HYPERLINK(""D:\Projects\My projects\IAAA_Compet\Speaker-identification\data\processed\audio_wav\a8d4f475-b5d0-4153-b621-f4895ba7046c.wav"",""a8d4f475-b5d0-4153-b621-f4895ba7046c.wav"")",49.66,unknown,0,unknown,,0,unknown,0.9423,OK,1,True,True,0,unknown,1.0,OK,1,True,True,False,ok,
a8eecce2-d2a1-4529-ad79-882de19f300f.wav,D:\Projects\My projects\IAAA_Compet\Speaker-identification\data\processed\audio_wav\a8eecce2-d2a1-4529-ad79-882de19f300f.wav,"=HYPERLINK(""D:\Projects\My projects\IAAA_Compet\Speaker-identification\data\processed\audio_wav\a8eecce2-d2a1-4529-ad79-882de19f300f.wav"",""a8eecce2-d2a1-4529-ad79-882de19f300f.wav"")",49.07,known,182,6531a140-1e3f-40f4-b3be-7871fed19a85,5,182,6531a140-1e3f-40f4-b3be-7871fed19a85,0.9921,OK,1,True,True,182,6531a140-1e3f-40f4-b3be-7871fed19a85,0.9516,OK,1,True,True,False,ok,
a9259db4-235b-4481-9135-f595d741d2c1.wav,D:\Projects\My projects\IAAA_Compet\Speaker-identification\data\processed\audio_wav\a9259db4-235b-4481-9135-f595d741d2c1.wav,"=HYPERLINK(""D:\Projects\My projects\IAAA_Compet\Speaker-identification\data\processed\audio_wav\a9259db4-235b-4481-9135-f595d741d2c1.wav"",""a9259db4-235b-4481-9135-f595d741d2c1.wav"")",74.92,unknown,0,unknown,,0,unknown,0.9609,OK,1,True,True,0,unknown,0.9986,OK,1,True,True,False,ok,
a971a5bd-b02e-45cf-bdbc-98fbced1965a.wav,D:\Projects\My projects\IAAA_Compet\Speaker-identification\data\processed\audio_wav\a971a5bd-b02e-45cf-bdbc-98fbced1965a.wav,"=HYPERLINK(""D:\Projects\My projects\IAAA_Compet\Speaker-identification\data\processed\audio_wav\a971a5bd-b02e-45cf-bdbc-98fbced1965a.wav"",""a971a5bd-b02e-45cf-bdbc-98fbced1965a.wav"")",82.18,unknown,0,unknown,,0,unknown,0.9983,OK,1,True,True,0,unknown,1.0,OK,1,True,True,False,ok,
a97d2e6e-a335-4d97-8795-26e38747a9be.wav,D:\Projects\My projects\IAAA_Compet\Speaker-identification\data\processed\audio_wav\a97d2e6e-a335-4d97-8795-26e38747a9be.wav,"=HYPERLINK(""D:\Projects\My projects\IAAA_Compet\Speaker-identification\data\processed\audio_wav\a97d2e6e-a335-4d97-8795-26e38747a9be.wav"",""a97d2e6e-a335-4d97-8795-26e38747a9be.wav"")",80.47,unknown,0,unknown,,0,unknown,0.9511,OK,1,True,True,0,unknown,0.9998,OK,1,True,True,False,ok,
a98ab569-5f76-49cc-b4cc-36c5f5994e64.wav,D:\Projects\My projects\IAAA_Compet\Speaker-identification\data\processed\audio_wav\a98ab569-5f76-49cc-b4cc-36c5f5994e64.wav,"=HYPERLINK(""D:\Projects\My projects\IAAA_Compet\Speaker-identification\data\processed\audio_wav\a98ab569-5f76-49cc-b4cc-36c5f5994e64.wav"",""a98ab569-5f76-49cc-b4cc-36c5f5994e64.wav"")",48.73,unknown,0,unknown,,0,unknown,0.9242,OK,1,True,True,0,unknown,1.0,OK,1,True,True,False,ok,
a9c741c4-b461-4d01-b758-e1a4bd9c7772.wav,D:\Projects\My projects\IAAA_Compet\Speaker-identification\data\processed\audio_wav\a9c741c4-b461-4d01-b758-e1a4bd9c7772.wav,"=HYPERLINK(""D:\Projects\My projects\IAAA_Compet\Speaker-identification\data\processed\audio_wav\a9c741c4-b461-4d01-b758-e1a4bd9c7772.wav"",""a9c741c4-b461-4d01-b758-e1a4bd9c7772.wav"")",81.32,known,425,f3856c98-0581-407e-a972-d69d83bd94af,5,425,f3856c98-0581-407e-a972-d69d83bd94af,0.9995,OK,1,True,True,425,f3856c98-0581-407e-a972-d69d83bd94af,0.9972,OK,1,True,True,False,ok,
a9d2f478-2a2f-4893-ae56-df4c143e2444.wav,D:\Projects\My projects\IAAA_Compet\Speaker-identification\data\processed\audio_wav\a9d2f478-2a2f-4893-ae56-df4c143e2444.wav,"=HYPERLINK(""D:\Projects\My projects\IAAA_Compet\Speaker-identification\data\processed\audio_wav\a9d2f478-2a2f-4893-ae56-df4c143e2444.wav"",""a9d2f478-2a2f-4893-ae56-df4c143e2444.wav"")",65.71,unknown,0,unknown,,0,unknown,0.9387,OK,1,True,True,0,unknown,1.0,OK,1,True,True,False,ok,
a9ea1b16-dc56-424a-ad21-7ef7482d147a.wav,D:\Projects\My projects\IAAA_Compet\Speaker-identification\data\processed\audio_wav\a9ea1b16-dc56-424a-ad21-7ef7482d147a.wav,"=HYPERLINK(""D:\Projects\My projects\IAAA_Compet\Speaker-identification\data\processed\audio_wav\a9ea1b16-dc56-424a-ad21-7ef7482d147a.wav"",""a9ea1b16-dc56-424a-ad21-7ef7482d147a.wav"")",12.97,known,57,1a483780-a318-4527-a1fd-fbcc4177c4db,5,57,1a483780-a318-4527-a1fd-fbcc4177c4db,0.6807,OK,1,True,True,57,1a483780-a318-4527-a1fd-fbcc4177c4db,0.983,OK,1,True,True,False,ok,
aab64603-2850-41a2-b366-18b3fbbe2042.wav,D:\Projects\My projects\IAAA_Compet\Speaker-identification\data\processed\audio_wav\aab64603-2850-41a2-b366-18b3fbbe2042.wav,"=HYPERLINK(""D:\Projects\My projects\IAAA_Compet\Speaker-identification\data\processed\audio_wav\aab64603-2850-41a2-b366-18b3fbbe2042.wav"",""aab64603-2850-41a2-b366-18b3fbbe2042.wav"")",63.06,unknown,0,unknown,,0,unknown,0.9924,OK,1,True,True,0,unknown,1.0,OK,1,True,True,False,ok,
aad99e3a-e5a7-4857-8b04-2232f69bba78.wav,D:\Projects\My projects\IAAA_Compet\Speaker-identification\data\processed\audio_wav\aad99e3a-e5a7-4857-8b04-2232f69bba78.wav,"=HYPERLINK(""D:\Projects\My projects\IAAA_Compet\Speaker-identification\data\processed\audio_wav\aad99e3a-e5a7-4857-8b04-2232f69bba78.wav"",""aad99e3a-e5a7-4857-8b04-2232f69bba78.wav"")",54.7,known,4,01a5f724-91e6-4e5c-ac20-7c399528eaae,5,4,01a5f724-91e6-4e5c-ac20-7c399528eaae,0.9986,OK,1,True,True,4,01a5f724-91e6-4e5c-ac20-7c399528eaae,0.9969,OK,1,True,True,False,ok,
aae4ce59-d672-47d2-97c1-d1974350caff.wav,D:\Projects\My projects\IAAA_Compet\Speaker-identification\data\processed\audio_wav\aae4ce59-d672-47d2-97c1-d1974350caff.wav,"=HYPERLINK(""D:\Projects\My projects\IAAA_Compet\Speaker-identification\data\processed\audio_wav\aae4ce59-d672-47d2-97c1-d1974350caff.wav"",""aae4ce59-d672-47d2-97c1-d1974350caff.wav"")",53.59,unknown,0,unknown,,0,unknown,0.4852,OK,1,True,True,0,unknown,0.9545,OK,1,True,True,False,ok,
ab8942db-aae1-48c7-b833-a209b9695261.wav,D:\Projects\My projects\IAAA_Compet\Speaker-identification\data\processed\audio_wav\ab8942db-aae1-48c7-b833-a209b9695261.wav,"=HYPERLINK(""D:\Projects\My projects\IAAA_Compet\Speaker-identification\data\processed\audio_wav\ab8942db-aae1-48c7-b833-a209b9695261.wav"",""ab8942db-aae1-48c7-b833-a209b9695261.wav"")",71.77,known,435,f8bbf9dd-a817-42ee-9687-54d0a2a8bc19,5,435,f8bbf9dd-a817-42ee-9687-54d0a2a8bc19,0.9964,OK,1,True,True,435,f8bbf9dd-a817-42ee-9687-54d0a2a8bc19,0.9959,OK,1,True,True,False,ok,
ac08df79-b3f4-4d3c-bfdc-9b316e9474c5.wav,D:\Projects\My projects\IAAA_Compet\Speaker-identification\data\processed\audio_wav\ac08df79-b3f4-4d3c-bfdc-9b316e9474c5.wav,"=HYPERLINK(""D:\Projects\My projects\IAAA_Compet\Speaker-identification\data\processed\audio_wav\ac08df79-b3f4-4d3c-bfdc-9b316e9474c5.wav"",""ac08df79-b3f4-4d3c-bfdc-9b316e9474c5.wav"")",60.5,known,271,972ecf4c-578d-4f5d-8388-3ae2599465d0,5,271,972ecf4c-578d-4f5d-8388-3ae2599465d0,0.8912,OK,1,True,True,271,972ecf4c-578d-4f5d-8388-3ae2599465d0,0.9932,OK,1,True,True,False,ok,
ac2b7df3-71bf-4079-b4d9-51b7684900c8.wav,D:\Projects\My projects\IAAA_Compet\Speaker-identification\data\processed\audio_wav\ac2b7df3-71bf-4079-b4d9-51b7684900c8.wav,"=HYPERLINK(""D:\Projects\My projects\IAAA_Compet\Speaker-identification\data\processed\audio_wav\ac2b7df3-71bf-4079-b4d9-51b7684900c8.wav"",""ac2b7df3-71bf-4079-b4d9-51b7684900c8.wav"")",70.66,unknown,0,unknown,,0,unknown,0.994,OK,1,True,True,0,unknown,1.0,OK,1,True,True,False,ok,
ac3e0c6b-4a18-4571-8502-42cb6cb6630b.wav,D:\Projects\My projects\IAAA_Compet\Speaker-identification\data\processed\audio_wav\ac3e0c6b-4a18-4571-8502-42cb6cb6630b.wav,"=HYPERLINK(""D:\Projects\My projects\IAAA_Compet\Speaker-identification\data\processed\audio_wav\ac3e0c6b-4a18-4571-8502-42cb6cb6630b.wav"",""ac3e0c6b-4a18-4571-8502-42cb6cb6630b.wav"")",49.83,known,143,498fe764-2b6e-4fc7-9ade-630b5c4e38c5,5,143,498fe764-2b6e-4fc7-9ade-630b5c4e38c5,0.9988,OK,1,True,True,143,498fe764-2b6e-4fc7-9ade-630b5c4e38c5,0.9954,OK,1,True,True,False,ok,
ac67c412-927a-4318-a8ca-c7c4bae85836.wav,D:\Projects\My projects\IAAA_Compet\Speaker-identification\data\processed\audio_wav\ac67c412-927a-4318-a8ca-c7c4bae85836.wav,"=HYPERLINK(""D:\Projects\My projects\IAAA_Compet\Speaker-identification\data\processed\audio_wav\ac67c412-927a-4318-a8ca-c7c4bae85836.wav"",""ac67c412-927a-4318-a8ca-c7c4bae85836.wav"")",45.82,unknown,0,unknown,,0,unknown,0.975,OK,1,True,True,0,unknown,0.9999,OK,1,True,True,False,ok,
addb419d-478e-4303-9149-a17f36d5f5c0.wav,D:\Projects\My projects\IAAA_Compet\Speaker-identification\data\processed\audio_wav\addb419d-478e-4303-9149-a17f36d5f5c0.wav,"=HYPERLINK(""D:\Projects\My projects\IAAA_Compet\Speaker-identification\data\processed\audio_wav\addb419d-478e-4303-9149-a17f36d5f5c0.wav"",""addb419d-478e-4303-9149-a17f36d5f5c0.wav"")",74.5,unknown,0,unknown,,0,unknown,0.9993,OK,1,True,True,0,unknown,1.0,OK,1,True,True,False,ok,
adfe0d22-49c3-4191-89fd-a93a805fea03.wav,D:\Projects\My projects\IAAA_Compet\Speaker-identification\data\processed\audio_wav\adfe0d22-49c3-4191-89fd-a93a805fea03.wav,"=HYPERLINK(""D:\Projects\My projects\IAAA_Compet\Speaker-identification\data\processed\audio_wav\adfe0d22-49c3-4191-89fd-a93a805fea03.wav"",""adfe0d22-49c3-4191-89fd-a93a805fea03.wav"")",50.35,known,50,17fadac5-faf7-4952-86c0-643deadc0ecf,5,50,17fadac5-faf7-4952-86c0-643deadc0ecf,0.9926,OK,1,True,True,50,17fadac5-faf7-4952-86c0-643deadc0ecf,0.9859,OK,1,True,True,False,ok,
ae4ba68d-a14a-4724-a4b2-1bf96294ccb1.wav,D:\Projects\My projects\IAAA_Compet\Speaker-identification\data\processed\audio_wav\ae4ba68d-a14a-4724-a4b2-1bf96294ccb1.wav,"=HYPERLINK(""D:\Projects\My projects\IAAA_Compet\Speaker-identification\data\processed\audio_wav\ae4ba68d-a14a-4724-a4b2-1bf96294ccb1.wav"",""ae4ba68d-a14a-4724-a4b2-1bf96294ccb1.wav"")",56.92,known,365,cdf2e307-c74b-4faa-9b6b-aaf8cac449ec,5,365,cdf2e307-c74b-4faa-9b6b-aaf8cac449ec,0.9475,OK,1,True,True,365,cdf2e307-c74b-4faa-9b6b-aaf8cac449ec,0.9404,OK,1,True,True,False,ok,
aebf9d92-1e27-4378-a58e-1f25788f9e92.wav,D:\Projects\My projects\IAAA_Compet\Speaker-identification\data\processed\audio_wav\aebf9d92-1e27-4378-a58e-1f25788f9e92.wav,"=HYPERLINK(""D:\Projects\My projects\IAAA_Compet\Speaker-identification\data\processed\audio_wav\aebf9d92-1e27-4378-a58e-1f25788f9e92.wav"",""aebf9d92-1e27-4378-a58e-1f25788f9e92.wav"")",76.89,unknown,0,unknown,,0,unknown,0.9983,OK,1,True,True,0,unknown,1.0,OK,1,True,True,False,ok,
af0a30a9-2269-4ac8-86ea-bc717d433885.wav,D:\Projects\My projects\IAAA_Compet\Speaker-identification\data\processed\audio_wav\af0a30a9-2269-4ac8-86ea-bc717d433885.wav,"=HYPERLINK(""D:\Projects\My projects\IAAA_Compet\Speaker-identification\data\processed\audio_wav\af0a30a9-2269-4ac8-86ea-bc717d433885.wav"",""af0a30a9-2269-4ac8-86ea-bc717d433885.wav"")",70.31,known,354,c8a46eec-1c8a-4391-8051-00bb1b039310,5,354,c8a46eec-1c8a-4391-8051-00bb1b039310,0.9996,OK,1,True,True,354,c8a46eec-1c8a-4391-8051-00bb1b039310,0.9839,OK,1,True,True,False,ok,
af15cb1a-59ca-4ead-9888-6e465f9a239a.wav,D:\Projects\My projects\IAAA_Compet\Speaker-identification\data\processed\audio_wav\af15cb1a-59ca-4ead-9888-6e465f9a239a.wav,"=HYPERLINK(""D:\Projects\My projects\IAAA_Compet\Speaker-identification\data\processed\audio_wav\af15cb1a-59ca-4ead-9888-6e465f9a239a.wav"",""af15cb1a-59ca-4ead-9888-6e465f9a239a.wav"")",48.64,known,33,115e6f65-f355-4244-aa45-9cae75f1f9d7,5,33,115e6f65-f355-4244-aa45-9cae75f1f9d7,0.9893,OK,1,True,True,33,115e6f65-f355-4244-aa45-9cae75f1f9d7,0.9522,OK,1,True,True,False,ok,
af2992d1-816a-4abf-83e5-87f911c1e727.wav,D:\Projects\My projects\IAAA_Compet\Speaker-identification\data\processed\audio_wav\af2992d1-816a-4abf-83e5-87f911c1e727.wav,"=HYPERLINK(""D:\Projects\My projects\IAAA_Compet\Speaker-identification\data\processed\audio_wav\af2992d1-816a-4abf-83e5-87f911c1e727.wav"",""af2992d1-816a-4abf-83e5-87f911c1e727.wav"")",53.67,known,398,e0351d30-946f-4ba6-9411-81af75881c1b,5,398,e0351d30-946f-4ba6-9411-81af75881c1b,0.9995,OK,1,True,True,398,e0351d30-946f-4ba6-9411-81af75881c1b,0.9962,OK,1,True,True,False,ok,
af3ada05-d403-4082-b7f3-0f94180d29b9.wav,D:\Projects\My projects\IAAA_Compet\Speaker-identification\data\processed\audio_wav\af3ada05-d403-4082-b7f3-0f94180d29b9.wav,"=HYPERLINK(""D:\Projects\My projects\IAAA_Compet\Speaker-identification\data\processed\audio_wav\af3ada05-d403-4082-b7f3-0f94180d29b9.wav"",""af3ada05-d403-4082-b7f3-0f94180d29b9.wav"")",5.63,unknown,0,unknown,,0,unknown,0.3389,OK,1,True,True,0,unknown,0.5081,OK,1,True,True,False,ok,
afcca1e4-3ab3-43ce-a785-0b136024aa6b.wav,D:\Projects\My projects\IAAA_Compet\Speaker-identification\data\processed\audio_wav\afcca1e4-3ab3-43ce-a785-0b136024aa6b.wav,"=HYPERLINK(""D:\Projects\My projects\IAAA_Compet\Speaker-identification\data\processed\audio_wav\afcca1e4-3ab3-43ce-a785-0b136024aa6b.wav"",""afcca1e4-3ab3-43ce-a785-0b136024aa6b.wav"")",70.4,unknown,0,unknown,,0,unknown,0.9397,OK,1,True,True,0,unknown,0.9999,OK,1,True,True,False,ok,
afdc94f4-d546-4c95-a09b-0d730860fb56.wav,D:\Projects\My projects\IAAA_Compet\Speaker-identification\data\processed\audio_wav\afdc94f4-d546-4c95-a09b-0d730860fb56.wav,"=HYPERLINK(""D:\Projects\My projects\IAAA_Compet\Speaker-identification\data\processed\audio_wav\afdc94f4-d546-4c95-a09b-0d730860fb56.wav"",""afdc94f4-d546-4c95-a09b-0d730860fb56.wav"")",88.06,known,93,2f9be455-1aa7-43b2-8419-290295e60f10,5,93,2f9be455-1aa7-43b2-8419-290295e60f10,0.9153,OK,1,True,True,93,2f9be455-1aa7-43b2-8419-290295e60f10,0.9977,OK,1,True,True,False,ok,
b0024123-1fb2-406c-92c1-22e7d9c82264.wav,D:\Projects\My projects\IAAA_Compet\Speaker-identification\data\processed\audio_wav\b0024123-1fb2-406c-92c1-22e7d9c82264.wav,"=HYPERLINK(""D:\Projects\My projects\IAAA_Compet\Speaker-identification\data\processed\audio_wav\b0024123-1fb2-406c-92c1-22e7d9c82264.wav"",""b0024123-1fb2-406c-92c1-22e7d9c82264.wav"")",42.33,known,341,c33626cf-a8ae-454e-a5fe-57e3391b0140,5,341,c33626cf-a8ae-454e-a5fe-57e3391b0140,0.9837,OK,1,True,True,341,c33626cf-a8ae-454e-a5fe-57e3391b0140,0.9918,OK,1,True,True,False,ok,
b028cb23-17ce-4b5a-809d-01d364639049.wav,D:\Projects\My projects\IAAA_Compet\Speaker-identification\data\processed\audio_wav\b028cb23-17ce-4b5a-809d-01d364639049.wav,"=HYPERLINK(""D:\Projects\My projects\IAAA_Compet\Speaker-identification\data\processed\audio_wav\b028cb23-17ce-4b5a-809d-01d364639049.wav"",""b028cb23-17ce-4b5a-809d-01d364639049.wav"")",4.27,known,51,182a16e0-8f3a-457b-824e-38869a24f258,5,51,182a16e0-8f3a-457b-824e-38869a24f258,0.861,OK,1,True,True,51,182a16e0-8f3a-457b-824e-38869a24f258,0.9617,OK,1,True,True,False,ok,
b04404e2-1c03-4cf6-8d64-f56bbb9d76b3.wav,D:\Projects\My projects\IAAA_Compet\Speaker-identification\data\processed\audio_wav\b04404e2-1c03-4cf6-8d64-f56bbb9d76b3.wav,"=HYPERLINK(""D:\Projects\My projects\IAAA_Compet\Speaker-identification\data\processed\audio_wav\b04404e2-1c03-4cf6-8d64-f56bbb9d76b3.wav"",""b04404e2-1c03-4cf6-8d64-f56bbb9d76b3.wav"")",58.88,known,72,231ea7f9-1e92-4de7-9727-8c875bb5416e,5,72,231ea7f9-1e92-4de7-9727-8c875bb5416e,0.9992,OK,1,True,True,72,231ea7f9-1e92-4de7-9727-8c875bb5416e,0.9993,OK,1,True,True,False,ok,
b0994695-cee3-4e52-836f-f2ae1661f743.wav,D:\Projects\My projects\IAAA_Compet\Speaker-identification\data\processed\audio_wav\b0994695-cee3-4e52-836f-f2ae1661f743.wav,"=HYPERLINK(""D:\Projects\My projects\IAAA_Compet\Speaker-identification\data\processed\audio_wav\b0994695-cee3-4e52-836f-f2ae1661f743.wav"",""b0994695-cee3-4e52-836f-f2ae1661f743.wav"")",66.05,known,308,ac927044-2434-477f-bd2e-de7909bbd0d3,5,308,ac927044-2434-477f-bd2e-de7909bbd0d3,0.9643,OK,1,True,True,308,ac927044-2434-477f-bd2e-de7909bbd0d3,0.9196,OK,1,True,True,False,ok,
b0dc4aac-e5ad-4f36-949b-99f8c049b2d6.wav,D:\Projects\My projects\IAAA_Compet\Speaker-identification\data\processed\audio_wav\b0dc4aac-e5ad-4f36-949b-99f8c049b2d6.wav,"=HYPERLINK(""D:\Projects\My projects\IAAA_Compet\Speaker-identification\data\processed\audio_wav\b0dc4aac-e5ad-4f36-949b-99f8c049b2d6.wav"",""b0dc4aac-e5ad-4f36-949b-99f8c049b2d6.wav"")",71.68,unknown,0,unknown,,0,unknown,0.9949,OK,1,True,True,0,unknown,1.0,OK,1,True,True,False,ok,
b0e1221a-d046-47f8-a8d4-4eba41b38ff6.wav,D:\Projects\My projects\IAAA_Compet\Speaker-identification\data\processed\audio_wav\b0e1221a-d046-47f8-a8d4-4eba41b38ff6.wav,"=HYPERLINK(""D:\Projects\My projects\IAAA_Compet\Speaker-identification\data\processed\audio_wav\b0e1221a-d046-47f8-a8d4-4eba41b38ff6.wav"",""b0e1221a-d046-47f8-a8d4-4eba41b38ff6.wav"")",57.77,known,408,e7c71547-200d-4155-8985-403236bf00af,5,408,e7c71547-200d-4155-8985-403236bf00af,0.9949,OK,1,True,True,408,e7c71547-200d-4155-8985-403236bf00af,0.9972,OK,1,True,True,False,ok,
b103575b-6cdb-43bd-a6dd-c9f96727f359.wav,D:\Projects\My projects\IAAA_Compet\Speaker-identification\data\processed\audio_wav\b103575b-6cdb-43bd-a6dd-c9f96727f359.wav,"=HYPERLINK(""D:\Projects\My projects\IAAA_Compet\Speaker-identification\data\processed\audio_wav\b103575b-6cdb-43bd-a6dd-c9f96727f359.wav"",""b103575b-6cdb-43bd-a6dd-c9f96727f359.wav"")",48.3,unknown,0,unknown,,0,unknown,0.9507,OK,1,True,True,0,unknown,1.0,OK,1,True,True,False,ok,
b10987fc-4a08-405a-9ff8-21d6270905e4.wav,D:\Projects\My projects\IAAA_Compet\Speaker-identification\data\processed\audio_wav\b10987fc-4a08-405a-9ff8-21d6270905e4.wav,"=HYPERLINK(""D:\Projects\My projects\IAAA_Compet\Speaker-identification\data\processed\audio_wav\b10987fc-4a08-405a-9ff8-21d6270905e4.wav"",""b10987fc-4a08-405a-9ff8-21d6270905e4.wav"")",9.81,unknown,0,unknown,,0,unknown,0.9999,OK,1,True,True,0,unknown,1.0,OK,1,True,True,False,ok,
b129506a-b09c-4d45-9df4-21c5c7d3da30.wav,D:\Projects\My projects\IAAA_Compet\Speaker-identification\data\processed\audio_wav\b129506a-b09c-4d45-9df4-21c5c7d3da30.wav,"=HYPERLINK(""D:\Projects\My projects\IAAA_Compet\Speaker-identification\data\processed\audio_wav\b129506a-b09c-4d45-9df4-21c5c7d3da30.wav"",""b129506a-b09c-4d45-9df4-21c5c7d3da30.wav"")",67.5,known,107,34860d5a-d4c4-4b20-9141-0ef290b27952,5,107,34860d5a-d4c4-4b20-9141-0ef290b27952,0.969,OK,1,True,True,107,34860d5a-d4c4-4b20-9141-0ef290b27952,0.9946,OK,1,True,True,False,ok,
b1338af8-98e0-48b1-9d54-8b5ddb97e58b.wav,D:\Projects\My projects\IAAA_Compet\Speaker-identification\data\processed\audio_wav\b1338af8-98e0-48b1-9d54-8b5ddb97e58b.wav,"=HYPERLINK(""D:\Projects\My projects\IAAA_Compet\Speaker-identification\data\processed\audio_wav\b1338af8-98e0-48b1-9d54-8b5ddb97e58b.wav"",""b1338af8-98e0-48b1-9d54-8b5ddb97e58b.wav"")",42.15,unknown,0,unknown,,0,unknown,0.8838,OK,1,True,True,0,unknown,0.995,OK,1,True,True,False,ok,
b1d65b0d-9180-49ed-ba8a-34361b8a0f9a.wav,D:\Projects\My projects\IAAA_Compet\Speaker-identification\data\processed\audio_wav\b1d65b0d-9180-49ed-ba8a-34361b8a0f9a.wav,"=HYPERLINK(""D:\Projects\My projects\IAAA_Compet\Speaker-identification\data\processed\audio_wav\b1d65b0d-9180-49ed-ba8a-34361b8a0f9a.wav"",""b1d65b0d-9180-49ed-ba8a-34361b8a0f9a.wav"")",27.39,known,438,fb0d5e83-0e93-4935-b450-9e1737481d56,5,438,fb0d5e83-0e93-4935-b450-9e1737481d56,0.9868,OK,1,True,True,438,fb0d5e83-0e93-4935-b450-9e1737481d56,0.9925,OK,1,True,True,False,ok,
b1dc2567-523c-4384-ada7-4a7539c8f3a4.wav,D:\Projects\My projects\IAAA_Compet\Speaker-identification\data\processed\audio_wav\b1dc2567-523c-4384-ada7-4a7539c8f3a4.wav,"=HYPERLINK(""D:\Projects\My projects\IAAA_Compet\Speaker-identification\data\processed\audio_wav\b1dc2567-523c-4384-ada7-4a7539c8f3a4.wav"",""b1dc2567-523c-4384-ada7-4a7539c8f3a4.wav"")",60.84,unknown,0,unknown,,0,unknown,0.9997,OK,1,True,True,0,unknown,1.0,OK,1,True,True,False,ok,
b1f1100d-f45e-464f-ab4b-c00edb340929.wav,D:\Projects\My projects\IAAA_Compet\Speaker-identification\data\processed\audio_wav\b1f1100d-f45e-464f-ab4b-c00edb340929.wav,"=HYPERLINK(""D:\Projects\My projects\IAAA_Compet\Speaker-identification\data\processed\audio_wav\b1f1100d-f45e-464f-ab4b-c00edb340929.wav"",""b1f1100d-f45e-464f-ab4b-c00edb340929.wav"")",64.43,unknown,0,unknown,,0,unknown,0.9731,OK,1,True,True,0,unknown,1.0,OK,1,True,True,False,ok,
b244c816-f8a1-44ef-a7c2-fdf1fb2c9444.wav,D:\Projects\My projects\IAAA_Compet\Speaker-identification\data\processed\audio_wav\b244c816-f8a1-44ef-a7c2-fdf1fb2c9444.wav,"=HYPERLINK(""D:\Projects\My projects\IAAA_Compet\Speaker-identification\data\processed\audio_wav\b244c816-f8a1-44ef-a7c2-fdf1fb2c9444.wav"",""b244c816-f8a1-44ef-a7c2-fdf1fb2c9444.wav"")",91.73,known,200,703b0971-5158-4e11-9c24-2a89223a6186,5,200,703b0971-5158-4e11-9c24-2a89223a6186,0.9046,OK,1,True,True,200,703b0971-5158-4e11-9c24-2a89223a6186,0.9606,OK,1,True,True,False,ok,
b2c809de-fd5c-4d70-8ce6-d1e2fd2815be.wav,D:\Projects\My projects\IAAA_Compet\Speaker-identification\data\processed\audio_wav\b2c809de-fd5c-4d70-8ce6-d1e2fd2815be.wav,"=HYPERLINK(""D:\Projects\My projects\IAAA_Compet\Speaker-identification\data\processed\audio_wav\b2c809de-fd5c-4d70-8ce6-d1e2fd2815be.wav"",""b2c809de-fd5c-4d70-8ce6-d1e2fd2815be.wav"")",55.72,known,212,78e467bf-0f04-473b-bf7e-7c59a267aef8,5,212,78e467bf-0f04-473b-bf7e-7c59a267aef8,0.8048,OK,1,True,True,212,78e467bf-0f04-473b-bf7e-7c59a267aef8,0.9542,OK,1,True,True,False,ok,
b356e697-3a9e-40b0-b092-0925571f9cf6.wav,D:\Projects\My projects\IAAA_Compet\Speaker-identification\data\processed\audio_wav\b356e697-3a9e-40b0-b092-0925571f9cf6.wav,"=HYPERLINK(""D:\Projects\My projects\IAAA_Compet\Speaker-identification\data\processed\audio_wav\b356e697-3a9e-40b0-b092-0925571f9cf6.wav"",""b356e697-3a9e-40b0-b092-0925571f9cf6.wav"")",4.01,known,49,17d76f15-32d8-4cd1-b42a-cdbab697c941,5,49,17d76f15-32d8-4cd1-b42a-cdbab697c941,0.9735,OK,1,True,True,49,17d76f15-32d8-4cd1-b42a-cdbab697c941,0.9491,OK,1,True,True,False,ok,
b387cfbb-0c1d-428f-808c-095097e9f118.wav,D:\Projects\My projects\IAAA_Compet\Speaker-identification\data\processed\audio_wav\b387cfbb-0c1d-428f-808c-095097e9f118.wav,"=HYPERLINK(""D:\Projects\My projects\IAAA_Compet\Speaker-identification\data\processed\audio_wav\b387cfbb-0c1d-428f-808c-095097e9f118.wav"",""b387cfbb-0c1d-428f-808c-095097e9f118.wav"")",41.73,unknown,0,unknown,,0,unknown,0.9834,OK,1,True,True,0,unknown,1.0,OK,1,True,True,False,ok,
b43da031-7c1e-49dd-af68-1bdb1796643f.wav,D:\Projects\My projects\IAAA_Compet\Speaker-identification\data\processed\audio_wav\b43da031-7c1e-49dd-af68-1bdb1796643f.wav,"=HYPERLINK(""D:\Projects\My projects\IAAA_Compet\Speaker-identification\data\processed\audio_wav\b43da031-7c1e-49dd-af68-1bdb1796643f.wav"",""b43da031-7c1e-49dd-af68-1bdb1796643f.wav"")",41.05,known,406,e7115726-b6e4-4cbd-a855-010cc7934676,5,406,e7115726-b6e4-4cbd-a855-010cc7934676,0.9973,OK,1,True,True,406,e7115726-b6e4-4cbd-a855-010cc7934676,0.9911,OK,1,True,True,False,ok,
b59678b5-b7f6-491e-9dbb-f08499f82244.wav,D:\Projects\My projects\IAAA_Compet\Speaker-identification\data\processed\audio_wav\b59678b5-b7f6-491e-9dbb-f08499f82244.wav,"=HYPERLINK(""D:\Projects\My projects\IAAA_Compet\Speaker-identification\data\processed\audio_wav\b59678b5-b7f6-491e-9dbb-f08499f82244.wav"",""b59678b5-b7f6-491e-9dbb-f08499f82244.wav"")",66.73,known,376,d44b3916-5d26-442a-b74d-552f98a5daac,5,376,d44b3916-5d26-442a-b74d-552f98a5daac,0.6684,OK,1,True,True,376,d44b3916-5d26-442a-b74d-552f98a5daac,0.9918,OK,1,True,True,False,ok,
b6462312-faf0-4ba6-bf15-ba5e79967faa.wav,D:\Projects\My projects\IAAA_Compet\Speaker-identification\data\processed\audio_wav\b6462312-faf0-4ba6-bf15-ba5e79967faa.wav,"=HYPERLINK(""D:\Projects\My projects\IAAA_Compet\Speaker-identification\data\processed\audio_wav\b6462312-faf0-4ba6-bf15-ba5e79967faa.wav"",""b6462312-faf0-4ba6-bf15-ba5e79967faa.wav"")",77.4,known,270,9714fadb-7447-4741-9084-0ac54121b926,5,270,9714fadb-7447-4741-9084-0ac54121b926,0.9872,OK,1,True,True,270,9714fadb-7447-4741-9084-0ac54121b926,0.9985,OK,1,True,True,False,ok,
b681c84f-aa0f-49fb-9e07-f452d99c6020.wav,D:\Projects\My projects\IAAA_Compet\Speaker-identification\data\processed\audio_wav\b681c84f-aa0f-49fb-9e07-f452d99c6020.wav,"=HYPERLINK(""D:\Projects\My projects\IAAA_Compet\Speaker-identification\data\processed\audio_wav\b681c84f-aa0f-49fb-9e07-f452d99c6020.wav"",""b681c84f-aa0f-49fb-9e07-f452d99c6020.wav"")",62.72,unknown,0,unknown,,0,unknown,0.9838,OK,1,True,True,0,unknown,0.9992,OK,1,True,True,False,ok,
b6c2004a-1d4e-4351-9a84-184497dcf31d.wav,D:\Projects\My projects\IAAA_Compet\Speaker-identification\data\processed\audio_wav\b6c2004a-1d4e-4351-9a84-184497dcf31d.wav,"=HYPERLINK(""D:\Projects\My projects\IAAA_Compet\Speaker-identification\data\processed\audio_wav\b6c2004a-1d4e-4351-9a84-184497dcf31d.wav"",""b6c2004a-1d4e-4351-9a84-184497dcf31d.wav"")",64.0,known,18,080aef2c-efce-40fc-993a-66248b1489b7,5,18,080aef2c-efce-40fc-993a-66248b1489b7,0.976,OK,1,True,True,18,080aef2c-efce-40fc-993a-66248b1489b7,0.9744,OK,1,True,True,False,ok,
b79c6759-ded4-48fe-9317-f42e22f5e89e.wav,D:\Projects\My projects\IAAA_Compet\Speaker-identification\data\processed\audio_wav\b79c6759-ded4-48fe-9317-f42e22f5e89e.wav,"=HYPERLINK(""D:\Projects\My projects\IAAA_Compet\Speaker-identification\data\processed\audio_wav\b79c6759-ded4-48fe-9317-f42e22f5e89e.wav"",""b79c6759-ded4-48fe-9317-f42e22f5e89e.wav"")",53.08,known,71,2211de73-8587-4fd9-a8bf-155247d30b47,5,71,2211de73-8587-4fd9-a8bf-155247d30b47,0.9396,OK,1,True,True,71,2211de73-8587-4fd9-a8bf-155247d30b47,0.9995,OK,1,True,True,False,ok,
b842452d-4a24-4479-bc17-f2f26100d105.wav,D:\Projects\My projects\IAAA_Compet\Speaker-identification\data\processed\audio_wav\b842452d-4a24-4479-bc17-f2f26100d105.wav,"=HYPERLINK(""D:\Projects\My projects\IAAA_Compet\Speaker-identification\data\processed\audio_wav\b842452d-4a24-4479-bc17-f2f26100d105.wav"",""b842452d-4a24-4479-bc17-f2f26100d105.wav"")",80.3,known,274,98ce1846-23b5-4de3-bbaa-06cf230cfee6,5,274,98ce1846-23b5-4de3-bbaa-06cf230cfee6,0.9914,OK,1,True,True,274,98ce1846-23b5-4de3-bbaa-06cf230cfee6,0.9978,OK,1,True,True,False,ok,
b8917319-b905-43bf-a953-80b30732755f.wav,D:\Projects\My projects\IAAA_Compet\Speaker-identification\data\processed\audio_wav\b8917319-b905-43bf-a953-80b30732755f.wav,"=HYPERLINK(""D:\Projects\My projects\IAAA_Compet\Speaker-identification\data\processed\audio_wav\b8917319-b905-43bf-a953-80b30732755f.wav"",""b8917319-b905-43bf-a953-80b30732755f.wav"")",82.35,unknown,0,unknown,,0,unknown,0.9982,OK,1,True,True,0,unknown,1.0,OK,1,True,True,False,ok,
b8b49219-9f2a-471b-a1b3-ad4a2d31ec30.wav,D:\Projects\My projects\IAAA_Compet\Speaker-identification\data\processed\audio_wav\b8b49219-9f2a-471b-a1b3-ad4a2d31ec30.wav,"=HYPERLINK(""D:\Projects\My projects\IAAA_Compet\Speaker-identification\data\processed\audio_wav\b8b49219-9f2a-471b-a1b3-ad4a2d31ec30.wav"",""b8b49219-9f2a-471b-a1b3-ad4a2d31ec30.wav"")",71.08,known,186,66e028e8-2ec8-4c03-a282-ccfb849b5987,5,186,66e028e8-2ec8-4c03-a282-ccfb849b5987,0.6547,OK,1,True,True,186,66e028e8-2ec8-4c03-a282-ccfb849b5987,0.984,OK,1,True,True,False,ok,
b8ccfd27-5f1c-4e77-8823-36857e2b99b7.wav,D:\Projects\My projects\IAAA_Compet\Speaker-identification\data\processed\audio_wav\b8ccfd27-5f1c-4e77-8823-36857e2b99b7.wav,"=HYPERLINK(""D:\Projects\My projects\IAAA_Compet\Speaker-identification\data\processed\audio_wav\b8ccfd27-5f1c-4e77-8823-36857e2b99b7.wav"",""b8ccfd27-5f1c-4e77-8823-36857e2b99b7.wav"")",72.53,known,94,2faf94ba-78e6-4af1-b255-1510a3283de2,5,94,2faf94ba-78e6-4af1-b255-1510a3283de2,0.9543,OK,1,True,True,94,2faf94ba-78e6-4af1-b255-1510a3283de2,0.9591,OK,1,True,True,False,ok,
b8f826ec-be15-4bff-9f9a-b98da7d4a3cd.wav,D:\Projects\My projects\IAAA_Compet\Speaker-identification\data\processed\audio_wav\b8f826ec-be15-4bff-9f9a-b98da7d4a3cd.wav,"=HYPERLINK(""D:\Projects\My projects\IAAA_Compet\Speaker-identification\data\processed\audio_wav\b8f826ec-be15-4bff-9f9a-b98da7d4a3cd.wav"",""b8f826ec-be15-4bff-9f9a-b98da7d4a3cd.wav"")",42.5,known,272,9840fb56-b613-488e-ba7e-e36291418611,5,272,9840fb56-b613-488e-ba7e-e36291418611,0.9991,OK,1,True,True,272,9840fb56-b613-488e-ba7e-e36291418611,0.9972,OK,1,True,True,False,ok,
b9455b7c-bed8-43e2-80db-7d65ee79a3df.wav,D:\Projects\My projects\IAAA_Compet\Speaker-identification\data\processed\audio_wav\b9455b7c-bed8-43e2-80db-7d65ee79a3df.wav,"=HYPERLINK(""D:\Projects\My projects\IAAA_Compet\Speaker-identification\data\processed\audio_wav\b9455b7c-bed8-43e2-80db-7d65ee79a3df.wav"",""b9455b7c-bed8-43e2-80db-7d65ee79a3df.wav"")",71.68,unknown,0,unknown,,0,unknown,0.9969,OK,1,True,True,0,unknown,1.0,OK,1,True,True,False,ok,
b9a597b1-e0c8-4741-93f4-99282c6dfdd4.wav,D:\Projects\My projects\IAAA_Compet\Speaker-identification\data\processed\audio_wav\b9a597b1-e0c8-4741-93f4-99282c6dfdd4.wav,"=HYPERLINK(""D:\Projects\My projects\IAAA_Compet\Speaker-identification\data\processed\audio_wav\b9a597b1-e0c8-4741-93f4-99282c6dfdd4.wav"",""b9a597b1-e0c8-4741-93f4-99282c6dfdd4.wav"")",66.65,known,10,04d6fd25-f9d8-4426-af17-e14649e32c19,5,10,04d6fd25-f9d8-4426-af17-e14649e32c19,0.9869,OK,1,True,True,10,04d6fd25-f9d8-4426-af17-e14649e32c19,0.9649,OK,1,True,True,False,ok,
b9ab7b5b-41ea-45f7-9cba-85fca036e3e5.wav,D:\Projects\My projects\IAAA_Compet\Speaker-identification\data\processed\audio_wav\b9ab7b5b-41ea-45f7-9cba-85fca036e3e5.wav,"=HYPERLINK(""D:\Projects\My projects\IAAA_Compet\Speaker-identification\data\processed\audio_wav\b9ab7b5b-41ea-45f7-9cba-85fca036e3e5.wav"",""b9ab7b5b-41ea-45f7-9cba-85fca036e3e5.wav"")",82.43,unknown,0,unknown,,0,unknown,0.9741,OK,1,True,True,0,unknown,1.0,OK,1,True,True,False,ok,
ba1576bd-0937-4554-b896-d5b9d11d816c.wav,D:\Projects\My projects\IAAA_Compet\Speaker-identification\data\processed\audio_wav\ba1576bd-0937-4554-b896-d5b9d11d816c.wav,"=HYPERLINK(""D:\Projects\My projects\IAAA_Compet\Speaker-identification\data\processed\audio_wav\ba1576bd-0937-4554-b896-d5b9d11d816c.wav"",""ba1576bd-0937-4554-b896-d5b9d11d816c.wav"")",57.69,known,136,46474139-3462-445a-9b28-34cbd937d3ae,5,136,46474139-3462-445a-9b28-34cbd937d3ae,0.9954,OK,1,True,True,136,46474139-3462-445a-9b28-34cbd937d3ae,0.9966,OK,1,True,True,False,ok,
ba57933f-1dc0-4da2-9e5a-7506337123f7.wav,D:\Projects\My projects\IAAA_Compet\Speaker-identification\data\processed\audio_wav\ba57933f-1dc0-4da2-9e5a-7506337123f7.wav,"=HYPERLINK(""D:\Projects\My projects\IAAA_Compet\Speaker-identification\data\processed\audio_wav\ba57933f-1dc0-4da2-9e5a-7506337123f7.wav"",""ba57933f-1dc0-4da2-9e5a-7506337123f7.wav"")",55.55,known,214,7a92a506-a6af-4e4a-a986-40594c65c0b7,5,214,7a92a506-a6af-4e4a-a986-40594c65c0b7,0.9956,OK,1,True,True,214,7a92a506-a6af-4e4a-a986-40594c65c0b7,0.989,OK,1,True,True,False,ok,
bb0349a1-f959-4711-abc3-2bb0a7da5860.wav,D:\Projects\My projects\IAAA_Compet\Speaker-identification\data\processed\audio_wav\bb0349a1-f959-4711-abc3-2bb0a7da5860.wav,"=HYPERLINK(""D:\Projects\My projects\IAAA_Compet\Speaker-identification\data\processed\audio_wav\bb0349a1-f959-4711-abc3-2bb0a7da5860.wav"",""bb0349a1-f959-4711-abc3-2bb0a7da5860.wav"")",74.92,known,158,54a173ed-c74b-46c7-94c4-2e86da10e7b8,5,158,54a173ed-c74b-46c7-94c4-2e86da10e7b8,0.9818,OK,1,True,True,158,54a173ed-c74b-46c7-94c4-2e86da10e7b8,0.987,OK,1,True,True,False,ok,
bb47a97a-03a6-40ed-88d7-131d2b46763f.wav,D:\Projects\My projects\IAAA_Compet\Speaker-identification\data\processed\audio_wav\bb47a97a-03a6-40ed-88d7-131d2b46763f.wav,"=HYPERLINK(""D:\Projects\My projects\IAAA_Compet\Speaker-identification\data\processed\audio_wav\bb47a97a-03a6-40ed-88d7-131d2b46763f.wav"",""bb47a97a-03a6-40ed-88d7-131d2b46763f.wav"")",91.05,unknown,0,unknown,,0,unknown,0.9995,OK,1,True,True,0,unknown,1.0,OK,1,True,True,False,ok,
bb8ba975-a72c-4dd0-8dbc-88c0ce2eb21a.wav,D:\Projects\My projects\IAAA_Compet\Speaker-identification\data\processed\audio_wav\bb8ba975-a72c-4dd0-8dbc-88c0ce2eb21a.wav,"=HYPERLINK(""D:\Projects\My projects\IAAA_Compet\Speaker-identification\data\processed\audio_wav\bb8ba975-a72c-4dd0-8dbc-88c0ce2eb21a.wav"",""bb8ba975-a72c-4dd0-8dbc-88c0ce2eb21a.wav"")",21.67,unknown,0,unknown,,0,unknown,0.856,OK,1,True,True,0,unknown,1.0,OK,1,True,True,False,ok,
bc0bb663-3d64-40fd-8a0e-56b5144a42c3.wav,D:\Projects\My projects\IAAA_Compet\Speaker-identification\data\processed\audio_wav\bc0bb663-3d64-40fd-8a0e-56b5144a42c3.wav,"=HYPERLINK(""D:\Projects\My projects\IAAA_Compet\Speaker-identification\data\processed\audio_wav\bc0bb663-3d64-40fd-8a0e-56b5144a42c3.wav"",""bc0bb663-3d64-40fd-8a0e-56b5144a42c3.wav"")",52.82,known,171,5bd107c4-9c34-4355-95a9-497dbb23ea3a,5,171,5bd107c4-9c34-4355-95a9-497dbb23ea3a,0.9782,OK,1,True,True,171,5bd107c4-9c34-4355-95a9-497dbb23ea3a,0.9269,OK,1,True,True,False,ok,
bc0d14c1-7315-4548-af14-6b42140c44b7.wav,D:\Projects\My projects\IAAA_Compet\Speaker-identification\data\processed\audio_wav\bc0d14c1-7315-4548-af14-6b42140c44b7.wav,"=HYPERLINK(""D:\Projects\My projects\IAAA_Compet\Speaker-identification\data\processed\audio_wav\bc0d14c1-7315-4548-af14-6b42140c44b7.wav"",""bc0d14c1-7315-4548-af14-6b42140c44b7.wav"")",62.12,unknown,0,unknown,,0,unknown,0.9958,OK,1,True,True,0,unknown,1.0,OK,1,True,True,False,ok,
bc9261a1-d732-4f56-a1f0-678b7695c477.wav,D:\Projects\My projects\IAAA_Compet\Speaker-identification\data\processed\audio_wav\bc9261a1-d732-4f56-a1f0-678b7695c477.wav,"=HYPERLINK(""D:\Projects\My projects\IAAA_Compet\Speaker-identification\data\processed\audio_wav\bc9261a1-d732-4f56-a1f0-678b7695c477.wav"",""bc9261a1-d732-4f56-a1f0-678b7695c477.wav"")",6.66,known,122,3e9763b4-b699-4463-bac1-c6e24e59222c,5,122,3e9763b4-b699-4463-bac1-c6e24e59222c,0.6243,OK,1,True,True,122,3e9763b4-b699-4463-bac1-c6e24e59222c,0.8164,OK,1,True,True,False,ok,
bcce9723-5a2d-4248-9e07-9cf884b6214b.wav,D:\Projects\My projects\IAAA_Compet\Speaker-identification\data\processed\audio_wav\bcce9723-5a2d-4248-9e07-9cf884b6214b.wav,"=HYPERLINK(""D:\Projects\My projects\IAAA_Compet\Speaker-identification\data\processed\audio_wav\bcce9723-5a2d-4248-9e07-9cf884b6214b.wav"",""bcce9723-5a2d-4248-9e07-9cf884b6214b.wav"")",43.52,known,42,15c88e1d-993c-4c40-bd55-b91207e05167,5,42,15c88e1d-993c-4c40-bd55-b91207e05167,0.9993,OK,1,True,True,42,15c88e1d-993c-4c40-bd55-b91207e05167,0.9989,OK,1,True,True,False,ok,
bd1fcad4-e4c8-4aef-b43b-ad5ad5c01a2f.wav,D:\Projects\My projects\IAAA_Compet\Speaker-identification\data\processed\audio_wav\bd1fcad4-e4c8-4aef-b43b-ad5ad5c01a2f.wav,"=HYPERLINK(""D:\Projects\My projects\IAAA_Compet\Speaker-identification\data\processed\audio_wav\bd1fcad4-e4c8-4aef-b43b-ad5ad5c01a2f.wav"",""bd1fcad4-e4c8-4aef-b43b-ad5ad5c01a2f.wav"")",58.62,known,261,8dd05812-9e31-4dc7-aec3-d4e510a95d3f,5,261,8dd05812-9e31-4dc7-aec3-d4e510a95d3f,0.985,OK,1,True,True,261,8dd05812-9e31-4dc7-aec3-d4e510a95d3f,0.9683,OK,1,True,True,False,ok,
bd48946f-0d27-40ea-bff5-a6bbd43f1ebf.wav,D:\Projects\My projects\IAAA_Compet\Speaker-identification\data\processed\audio_wav\bd48946f-0d27-40ea-bff5-a6bbd43f1ebf.wav,"=HYPERLINK(""D:\Projects\My projects\IAAA_Compet\Speaker-identification\data\processed\audio_wav\bd48946f-0d27-40ea-bff5-a6bbd43f1ebf.wav"",""bd48946f-0d27-40ea-bff5-a6bbd43f1ebf.wav"")",41.56,unknown,0,unknown,,0,unknown,0.9997,OK,1,True,True,0,unknown,1.0,OK,1,True,True,False,ok,
bd4f5e24-8fff-46fe-97d3-535d3c682708.wav,D:\Projects\My projects\IAAA_Compet\Speaker-identification\data\processed\audio_wav\bd4f5e24-8fff-46fe-97d3-535d3c682708.wav,"=HYPERLINK(""D:\Projects\My projects\IAAA_Compet\Speaker-identification\data\processed\audio_wav\bd4f5e24-8fff-46fe-97d3-535d3c682708.wav"",""bd4f5e24-8fff-46fe-97d3-535d3c682708.wav"")",56.49,unknown,0,unknown,,0,unknown,0.787,OK,1,True,True,0,unknown,1.0,OK,1,True,True,False,ok,
bd6eefd3-71ba-46b3-9de0-2c4c506e737d.wav,D:\Projects\My projects\IAAA_Compet\Speaker-identification\data\processed\audio_wav\bd6eefd3-71ba-46b3-9de0-2c4c506e737d.wav,"=HYPERLINK(""D:\Projects\My projects\IAAA_Compet\Speaker-identification\data\processed\audio_wav\bd6eefd3-71ba-46b3-9de0-2c4c506e737d.wav"",""bd6eefd3-71ba-46b3-9de0-2c4c506e737d.wav"")",25.51,unknown,0,unknown,,0,unknown,0.992,OK,1,True,True,0,unknown,1.0,OK,1,True,True,False,ok,
be42a3e3-22ef-49e9-9333-7e677bc81e6e.wav,D:\Projects\My projects\IAAA_Compet\Speaker-identification\data\processed\audio_wav\be42a3e3-22ef-49e9-9333-7e677bc81e6e.wav,"=HYPERLINK(""D:\Projects\My projects\IAAA_Compet\Speaker-identification\data\processed\audio_wav\be42a3e3-22ef-49e9-9333-7e677bc81e6e.wav"",""be42a3e3-22ef-49e9-9333-7e677bc81e6e.wav"")",60.76,unknown,0,unknown,,0,unknown,0.9986,OK,1,True,True,0,unknown,1.0,OK,1,True,True,False,ok,
be4bbc05-4311-4fd6-9262-8f69a6be6ce8.wav,D:\Projects\My projects\IAAA_Compet\Speaker-identification\data\processed\audio_wav\be4bbc05-4311-4fd6-9262-8f69a6be6ce8.wav,"=HYPERLINK(""D:\Projects\My projects\IAAA_Compet\Speaker-identification\data\processed\audio_wav\be4bbc05-4311-4fd6-9262-8f69a6be6ce8.wav"",""be4bbc05-4311-4fd6-9262-8f69a6be6ce8.wav"")",57.86,known,175,5ddbb40d-9127-499f-83f1-cd4bbea8638d,5,175,5ddbb40d-9127-499f-83f1-cd4bbea8638d,0.9944,OK,1,True,True,175,5ddbb40d-9127-499f-83f1-cd4bbea8638d,0.9775,OK,1,True,True,False,ok,
be9e3c04-39eb-4111-a132-515daa65ee13.wav,D:\Projects\My projects\IAAA_Compet\Speaker-identification\data\processed\audio_wav\be9e3c04-39eb-4111-a132-515daa65ee13.wav,"=HYPERLINK(""D:\Projects\My projects\IAAA_Compet\Speaker-identification\data\processed\audio_wav\be9e3c04-39eb-4111-a132-515daa65ee13.wav"",""be9e3c04-39eb-4111-a132-515daa65ee13.wav"")",63.32,known,221,7f06c0b5-9925-418a-ae48-090eff08adf6,5,221,7f06c0b5-9925-418a-ae48-090eff08adf6,0.9984,OK,1,True,True,221,7f06c0b5-9925-418a-ae48-090eff08adf6,0.9997,OK,1,True,True,False,ok,
beed4e2a-3a3a-474f-a3f5-762a396da325.wav,D:\Projects\My projects\IAAA_Compet\Speaker-identification\data\processed\audio_wav\beed4e2a-3a3a-474f-a3f5-762a396da325.wav,"=HYPERLINK(""D:\Projects\My projects\IAAA_Compet\Speaker-identification\data\processed\audio_wav\beed4e2a-3a3a-474f-a3f5-762a396da325.wav"",""beed4e2a-3a3a-474f-a3f5-762a396da325.wav"")",77.91,unknown,0,unknown,,0,unknown,0.9975,OK,1,True,True,0,unknown,1.0,OK,1,True,True,False,ok,
beef207f-341a-4977-9dff-2957ab965c79.wav,D:\Projects\My projects\IAAA_Compet\Speaker-identification\data\processed\audio_wav\beef207f-341a-4977-9dff-2957ab965c79.wav,"=HYPERLINK(""D:\Projects\My projects\IAAA_Compet\Speaker-identification\data\processed\audio_wav\beef207f-341a-4977-9dff-2957ab965c79.wav"",""beef207f-341a-4977-9dff-2957ab965c79.wav"")",75.01,known,437,fa0a0911-1b72-4f8d-b669-6ff3c10226c1,5,437,fa0a0911-1b72-4f8d-b669-6ff3c10226c1,0.981,OK,1,True,True,437,fa0a0911-1b72-4f8d-b669-6ff3c10226c1,0.9739,OK,1,True,True,False,ok,
bf064f9a-7f5e-4414-8609-28687c17ec1c.wav,D:\Projects\My projects\IAAA_Compet\Speaker-identification\data\processed\audio_wav\bf064f9a-7f5e-4414-8609-28687c17ec1c.wav,"=HYPERLINK(""D:\Projects\My projects\IAAA_Compet\Speaker-identification\data\processed\audio_wav\bf064f9a-7f5e-4414-8609-28687c17ec1c.wav"",""bf064f9a-7f5e-4414-8609-28687c17ec1c.wav"")",49.07,unknown,0,unknown,,0,unknown,0.9328,OK,1,True,True,0,unknown,0.9999,OK,1,True,True,False,ok,
bf31a25a-47b8-448c-92df-3e06ed4dc75e.wav,D:\Projects\My projects\IAAA_Compet\Speaker-identification\data\processed\audio_wav\bf31a25a-47b8-448c-92df-3e06ed4dc75e.wav,"=HYPERLINK(""D:\Projects\My projects\IAAA_Compet\Speaker-identification\data\processed\audio_wav\bf31a25a-47b8-448c-92df-3e06ed4dc75e.wav"",""bf31a25a-47b8-448c-92df-3e06ed4dc75e.wav"")",92.33,known,29,0e5716cd-e420-41d5-87fe-f4092c3aa901,5,29,0e5716cd-e420-41d5-87fe-f4092c3aa901,0.9341,OK,1,True,True,29,0e5716cd-e420-41d5-87fe-f4092c3aa901,0.9917,OK,1,True,True,False,ok,
bfe4943a-43f7-4e0b-b770-e876de9cb340.wav,D:\Projects\My projects\IAAA_Compet\Speaker-identification\data\processed\audio_wav\bfe4943a-43f7-4e0b-b770-e876de9cb340.wav,"=HYPERLINK(""D:\Projects\My projects\IAAA_Compet\Speaker-identification\data\processed\audio_wav\bfe4943a-43f7-4e0b-b770-e876de9cb340.wav"",""bfe4943a-43f7-4e0b-b770-e876de9cb340.wav"")",73.13,unknown,0,unknown,,0,unknown,0.9949,OK,1,True,True,0,unknown,1.0,OK,1,True,True,False,ok,
c0c09618-2389-420a-b9c0-055ff00a0ee7.wav,D:\Projects\My projects\IAAA_Compet\Speaker-identification\data\processed\audio_wav\c0c09618-2389-420a-b9c0-055ff00a0ee7.wav,"=HYPERLINK(""D:\Projects\My projects\IAAA_Compet\Speaker-identification\data\processed\audio_wav\c0c09618-2389-420a-b9c0-055ff00a0ee7.wav"",""c0c09618-2389-420a-b9c0-055ff00a0ee7.wav"")",66.65,known,70,21c6e87a-8faa-4a94-8ee4-2eab15612e28,5,70,21c6e87a-8faa-4a94-8ee4-2eab15612e28,0.7857,OK,1,True,True,70,21c6e87a-8faa-4a94-8ee4-2eab15612e28,0.9916,OK,1,True,True,False,ok,
c14939fa-ad83-4bb7-a3be-dc15939ba8a7.wav,D:\Projects\My projects\IAAA_Compet\Speaker-identification\data\processed\audio_wav\c14939fa-ad83-4bb7-a3be-dc15939ba8a7.wav,"=HYPERLINK(""D:\Projects\My projects\IAAA_Compet\Speaker-identification\data\processed\audio_wav\c14939fa-ad83-4bb7-a3be-dc15939ba8a7.wav"",""c14939fa-ad83-4bb7-a3be-dc15939ba8a7.wav"")",78.68,unknown,0,unknown,,0,unknown,0.9874,OK,1,True,True,0,unknown,1.0,OK,1,True,True,False,ok,
c1902044-79c4-436e-89f1-8fa5335b8522.wav,D:\Projects\My projects\IAAA_Compet\Speaker-identification\data\processed\audio_wav\c1902044-79c4-436e-89f1-8fa5335b8522.wav,"=HYPERLINK(""D:\Projects\My projects\IAAA_Compet\Speaker-identification\data\processed\audio_wav\c1902044-79c4-436e-89f1-8fa5335b8522.wav"",""c1902044-79c4-436e-89f1-8fa5335b8522.wav"")",88.75,unknown,0,unknown,,0,unknown,0.9798,OK,1,True,True,0,unknown,1.0,OK,1,True,True,False,ok,
c1c3999d-77fa-44b0-ad72-e6f01d2297e3.wav,D:\Projects\My projects\IAAA_Compet\Speaker-identification\data\processed\audio_wav\c1c3999d-77fa-44b0-ad72-e6f01d2297e3.wav,"=HYPERLINK(""D:\Projects\My projects\IAAA_Compet\Speaker-identification\data\processed\audio_wav\c1c3999d-77fa-44b0-ad72-e6f01d2297e3.wav"",""c1c3999d-77fa-44b0-ad72-e6f01d2297e3.wav"")",77.4,known,275,990aa42f-b730-40f8-b720-4f2040b84f73,20,275,990aa42f-b730-40f8-b720-4f2040b84f73,0.9628,OK,1,True,True,275,990aa42f-b730-40f8-b720-4f2040b84f73,0.9883,OK,1,True,True,False,ok,
c26269a0-d57e-46eb-9b72-c29bd2f481fd.wav,D:\Projects\My projects\IAAA_Compet\Speaker-identification\data\processed\audio_wav\c26269a0-d57e-46eb-9b72-c29bd2f481fd.wav,"=HYPERLINK(""D:\Projects\My projects\IAAA_Compet\Speaker-identification\data\processed\audio_wav\c26269a0-d57e-46eb-9b72-c29bd2f481fd.wav"",""c26269a0-d57e-46eb-9b72-c29bd2f481fd.wav"")",59.14,unknown,0,unknown,,0,unknown,0.3917,OK,1,True,True,0,unknown,1.0,OK,1,True,True,False,ok,
c2848f28-8cdf-4738-95f6-e7ad71e73ecc.wav,D:\Projects\My projects\IAAA_Compet\Speaker-identification\data\processed\audio_wav\c2848f28-8cdf-4738-95f6-e7ad71e73ecc.wav,"=HYPERLINK(""D:\Projects\My projects\IAAA_Compet\Speaker-identification\data\processed\audio_wav\c2848f28-8cdf-4738-95f6-e7ad71e73ecc.wav"",""c2848f28-8cdf-4738-95f6-e7ad71e73ecc.wav"")",62.98,known,366,ce5e6ed4-b722-491a-a9cb-6e49b2c9d99f,5,366,ce5e6ed4-b722-491a-a9cb-6e49b2c9d99f,0.9997,OK,1,True,True,366,ce5e6ed4-b722-491a-a9cb-6e49b2c9d99f,0.9713,OK,1,True,True,False,ok,
c3454f01-55fc-40ef-abe1-3454ab3fe154.wav,D:\Projects\My projects\IAAA_Compet\Speaker-identification\data\processed\audio_wav\c3454f01-55fc-40ef-abe1-3454ab3fe154.wav,"=HYPERLINK(""D:\Projects\My projects\IAAA_Compet\Speaker-identification\data\processed\audio_wav\c3454f01-55fc-40ef-abe1-3454ab3fe154.wav"",""c3454f01-55fc-40ef-abe1-3454ab3fe154.wav"")",75.26,known,141,472eb2d0-c3f8-483e-9630-2138c14c6b8e,5,141,472eb2d0-c3f8-483e-9630-2138c14c6b8e,0.5312,OK,1,True,True,141,472eb2d0-c3f8-483e-9630-2138c14c6b8e,0.9908,OK,1,True,True,False,ok,
c349cdcf-8a44-4194-9e15-3c24fe229c30.wav,D:\Projects\My projects\IAAA_Compet\Speaker-identification\data\processed\audio_wav\c349cdcf-8a44-4194-9e15-3c24fe229c30.wav,"=HYPERLINK(""D:\Projects\My projects\IAAA_Compet\Speaker-identification\data\processed\audio_wav\c349cdcf-8a44-4194-9e15-3c24fe229c30.wav"",""c349cdcf-8a44-4194-9e15-3c24fe229c30.wav"")",78.51,unknown,0,unknown,,0,unknown,1.0,OK,1,True,True,0,unknown,1.0,OK,1,True,True,False,ok,
c35a0082-47bf-4535-a28d-e310d2c7c76b.wav,D:\Projects\My projects\IAAA_Compet\Speaker-identification\data\processed\audio_wav\c35a0082-47bf-4535-a28d-e310d2c7c76b.wav,"=HYPERLINK(""D:\Projects\My projects\IAAA_Compet\Speaker-identification\data\processed\audio_wav\c35a0082-47bf-4535-a28d-e310d2c7c76b.wav"",""c35a0082-47bf-4535-a28d-e310d2c7c76b.wav"")",56.75,unknown,0,unknown,,0,unknown,0.9683,OK,1,True,True,0,unknown,1.0,OK,1,True,True,False,ok,
c39a9f59-9e24-4726-acd0-849c7b136306.wav,D:\Projects\My projects\IAAA_Compet\Speaker-identification\data\processed\audio_wav\c39a9f59-9e24-4726-acd0-849c7b136306.wav,"=HYPERLINK(""D:\Projects\My projects\IAAA_Compet\Speaker-identification\data\processed\audio_wav\c39a9f59-9e24-4726-acd0-849c7b136306.wav"",""c39a9f59-9e24-4726-acd0-849c7b136306.wav"")",54.27,known,150,50b0b48c-8a69-491d-8960-0040a3c4cf86,5,150,50b0b48c-8a69-491d-8960-0040a3c4cf86,0.986,OK,1,True,True,150,50b0b48c-8a69-491d-8960-0040a3c4cf86,0.9966,OK,1,True,True,False,ok,
c3ad1778-5207-4064-b1ea-051c6e8a5bd4.wav,D:\Projects\My projects\IAAA_Compet\Speaker-identification\data\processed\audio_wav\c3ad1778-5207-4064-b1ea-051c6e8a5bd4.wav,"=HYPERLINK(""D:\Projects\My projects\IAAA_Compet\Speaker-identification\data\processed\audio_wav\c3ad1778-5207-4064-b1ea-051c6e8a5bd4.wav"",""c3ad1778-5207-4064-b1ea-051c6e8a5bd4.wav"")",51.63,known,1,002a5b79-e987-4a53-a633-b7da05ac1389,5,1,002a5b79-e987-4a53-a633-b7da05ac1389,0.9953,OK,1,True,True,1,002a5b79-e987-4a53-a633-b7da05ac1389,0.9991,OK,1,True,True,False,ok,
c3f60641-3e4d-4869-99e3-aca87bd6c949.wav,D:\Projects\My projects\IAAA_Compet\Speaker-identification\data\processed\audio_wav\c3f60641-3e4d-4869-99e3-aca87bd6c949.wav,"=HYPERLINK(""D:\Projects\My projects\IAAA_Compet\Speaker-identification\data\processed\audio_wav\c3f60641-3e4d-4869-99e3-aca87bd6c949.wav"",""c3f60641-3e4d-4869-99e3-aca87bd6c949.wav"")",58.45,known,404,e571394b-f613-408f-a0ac-93429ebb9256,5,404,e571394b-f613-408f-a0ac-93429ebb9256,0.9861,OK,1,True,True,404,e571394b-f613-408f-a0ac-93429ebb9256,0.984,OK,1,True,True,False,ok,
c41b6645-27f3-48bb-906f-a934de578354.wav,D:\Projects\My projects\IAAA_Compet\Speaker-identification\data\processed\audio_wav\c41b6645-27f3-48bb-906f-a934de578354.wav,"=HYPERLINK(""D:\Projects\My projects\IAAA_Compet\Speaker-identification\data\processed\audio_wav\c41b6645-27f3-48bb-906f-a934de578354.wav"",""c41b6645-27f3-48bb-906f-a934de578354.wav"")",49.66,unknown,0,unknown,,0,unknown,0.518,OK,1,True,True,0,unknown,0.9133,OK,1,True,True,False,ok,
c4246372-78d5-43f7-9896-a4b66855a509.wav,D:\Projects\My projects\IAAA_Compet\Speaker-identification\data\processed\audio_wav\c4246372-78d5-43f7-9896-a4b66855a509.wav,"=HYPERLINK(""D:\Projects\My projects\IAAA_Compet\Speaker-identification\data\processed\audio_wav\c4246372-78d5-43f7-9896-a4b66855a509.wav"",""c4246372-78d5-43f7-9896-a4b66855a509.wav"")",70.14,unknown,0,unknown,,0,unknown,0.9871,OK,1,True,True,0,unknown,1.0,OK,1,True,True,False,ok,
c448b409-6d78-4233-85b8-c5d341fb3f77.wav,D:\Projects\My projects\IAAA_Compet\Speaker-identification\data\processed\audio_wav\c448b409-6d78-4233-85b8-c5d341fb3f77.wav,"=HYPERLINK(""D:\Projects\My projects\IAAA_Compet\Speaker-identification\data\processed\audio_wav\c448b409-6d78-4233-85b8-c5d341fb3f77.wav"",""c448b409-6d78-4233-85b8-c5d341fb3f77.wav"")",51.54,unknown,0,unknown,,0,unknown,0.479,OK,1,True,True,0,unknown,0.9999,OK,1,True,True,False,ok,
c4a7f1f9-ca99-41ea-a9e9-1a227596243f.wav,D:\Projects\My projects\IAAA_Compet\Speaker-identification\data\processed\audio_wav\c4a7f1f9-ca99-41ea-a9e9-1a227596243f.wav,"=HYPERLINK(""D:\Projects\My projects\IAAA_Compet\Speaker-identification\data\processed\audio_wav\c4a7f1f9-ca99-41ea-a9e9-1a227596243f.wav"",""c4a7f1f9-ca99-41ea-a9e9-1a227596243f.wav"")",65.02,known,393,dddcbc38-d7ba-4108-9d40-334d3af5fc22,5,393,dddcbc38-d7ba-4108-9d40-334d3af5fc22,0.9991,OK,1,True,True,393,dddcbc38-d7ba-4108-9d40-334d3af5fc22,0.9807,OK,1,True,True,False,ok,
c4f720f3-68c0-4ce7-ae2f-e6df5add0996.wav,D:\Projects\My projects\IAAA_Compet\Speaker-identification\data\processed\audio_wav\c4f720f3-68c0-4ce7-ae2f-e6df5add0996.wav,"=HYPERLINK(""D:\Projects\My projects\IAAA_Compet\Speaker-identification\data\processed\audio_wav\c4f720f3-68c0-4ce7-ae2f-e6df5add0996.wav"",""c4f720f3-68c0-4ce7-ae2f-e6df5add0996.wav"")",75.26,known,296,a5a3c1b3-2877-48df-9a5a-b1b976ca0bd3,5,296,a5a3c1b3-2877-48df-9a5a-b1b976ca0bd3,0.9349,OK,1,True,True,296,a5a3c1b3-2877-48df-9a5a-b1b976ca0bd3,0.9792,OK,1,True,True,False,ok,
c50e5d61-36ea-4991-a716-ab5eae55efa3.wav,D:\Projects\My projects\IAAA_Compet\Speaker-identification\data\processed\audio_wav\c50e5d61-36ea-4991-a716-ab5eae55efa3.wav,"=HYPERLINK(""D:\Projects\My projects\IAAA_Compet\Speaker-identification\data\processed\audio_wav\c50e5d61-36ea-4991-a716-ab5eae55efa3.wav"",""c50e5d61-36ea-4991-a716-ab5eae55efa3.wav"")",76.29,known,337,c11ff3c9-ee35-4176-b2ed-3717492e0642,5,337,c11ff3c9-ee35-4176-b2ed-3717492e0642,0.9506,OK,1,True,True,337,c11ff3c9-ee35-4176-b2ed-3717492e0642,0.9929,OK,1,True,True,False,ok,
c5cae652-d1b7-4dd1-adda-1b66adcde312.wav,D:\Projects\My projects\IAAA_Compet\Speaker-identification\data\processed\audio_wav\c5cae652-d1b7-4dd1-adda-1b66adcde312.wav,"=HYPERLINK(""D:\Projects\My projects\IAAA_Compet\Speaker-identification\data\processed\audio_wav\c5cae652-d1b7-4dd1-adda-1b66adcde312.wav"",""c5cae652-d1b7-4dd1-adda-1b66adcde312.wav"")",62.29,unknown,0,unknown,,0,unknown,0.999,OK,1,True,True,0,unknown,1.0,OK,1,True,True,False,ok,
c6107501-1dbd-44e4-b776-2b53f8e8fdbc.wav,D:\Projects\My projects\IAAA_Compet\Speaker-identification\data\processed\audio_wav\c6107501-1dbd-44e4-b776-2b53f8e8fdbc.wav,"=HYPERLINK(""D:\Projects\My projects\IAAA_Compet\Speaker-identification\data\processed\audio_wav\c6107501-1dbd-44e4-b776-2b53f8e8fdbc.wav"",""c6107501-1dbd-44e4-b776-2b53f8e8fdbc.wav"")",48.13,unknown,0,unknown,,0,unknown,0.9994,OK,1,True,True,0,unknown,1.0,OK,1,True,True,False,ok,
c6228a39-cfbd-4378-a181-ceac32376ff6.wav,D:\Projects\My projects\IAAA_Compet\Speaker-identification\data\processed\audio_wav\c6228a39-cfbd-4378-a181-ceac32376ff6.wav,"=HYPERLINK(""D:\Projects\My projects\IAAA_Compet\Speaker-identification\data\processed\audio_wav\c6228a39-cfbd-4378-a181-ceac32376ff6.wav"",""c6228a39-cfbd-4378-a181-ceac32376ff6.wav"")",47.79,unknown,0,unknown,,0,unknown,0.947,OK,1,True,True,0,unknown,1.0,OK,1,True,True,False,ok,
c62996fc-d214-416a-8041-aa46800858f0.wav,D:\Projects\My projects\IAAA_Compet\Speaker-identification\data\processed\audio_wav\c62996fc-d214-416a-8041-aa46800858f0.wav,"=HYPERLINK(""D:\Projects\My projects\IAAA_Compet\Speaker-identification\data\processed\audio_wav\c62996fc-d214-416a-8041-aa46800858f0.wav"",""c62996fc-d214-416a-8041-aa46800858f0.wav"")",58.97,unknown,0,unknown,,0,unknown,0.2175,OK,1,True,True,0,unknown,1.0,OK,1,True,True,False,ok,
c6483b63-2c94-4199-a2bd-a8e03f0337cf.wav,D:\Projects\My projects\IAAA_Compet\Speaker-identification\data\processed\audio_wav\c6483b63-2c94-4199-a2bd-a8e03f0337cf.wav,"=HYPERLINK(""D:\Projects\My projects\IAAA_Compet\Speaker-identification\data\processed\audio_wav\c6483b63-2c94-4199-a2bd-a8e03f0337cf.wav"",""c6483b63-2c94-4199-a2bd-a8e03f0337cf.wav"")",50.01,known,350,c6d0685d-47b2-47c1-8f2f-5c3c699c221d,5,350,c6d0685d-47b2-47c1-8f2f-5c3c699c221d,0.9946,OK,1,True,True,350,c6d0685d-47b2-47c1-8f2f-5c3c699c221d,0.9968,OK,1,True,True,False,ok,
c701d7d8-b40b-4f7d-8c5c-655da50b7818.wav,D:\Projects\My projects\IAAA_Compet\Speaker-identification\data\processed\audio_wav\c701d7d8-b40b-4f7d-8c5c-655da50b7818.wav,"=HYPERLINK(""D:\Projects\My projects\IAAA_Compet\Speaker-identification\data\processed\audio_wav\c701d7d8-b40b-4f7d-8c5c-655da50b7818.wav"",""c701d7d8-b40b-4f7d-8c5c-655da50b7818.wav"")",49.75,known,381,d634794f-6c88-4286-b4a3-85cb8a427a8a,5,381,d634794f-6c88-4286-b4a3-85cb8a427a8a,0.9615,OK,1,True,True,381,d634794f-6c88-4286-b4a3-85cb8a427a8a,0.9982,OK,1,True,True,False,ok,
c77b72f9-42c7-4449-ba73-63252a3ed85c.wav,D:\Projects\My projects\IAAA_Compet\Speaker-identification\data\processed\audio_wav\c77b72f9-42c7-4449-ba73-63252a3ed85c.wav,"=HYPERLINK(""D:\Projects\My projects\IAAA_Compet\Speaker-identification\data\processed\audio_wav\c77b72f9-42c7-4449-ba73-63252a3ed85c.wav"",""c77b72f9-42c7-4449-ba73-63252a3ed85c.wav"")",73.73,known,407,e7861c5a-8497-4204-b192-86e7a2204a86,5,407,e7861c5a-8497-4204-b192-86e7a2204a86,0.9974,OK,1,True,True,407,e7861c5a-8497-4204-b192-86e7a2204a86,0.9993,OK,1,True,True,False,ok,
c7d871bd-afb3-4d00-b9c0-1f420c2ed9cc.wav,D:\Projects\My projects\IAAA_Compet\Speaker-identification\data\processed\audio_wav\c7d871bd-afb3-4d00-b9c0-1f420c2ed9cc.wav,"=HYPERLINK(""D:\Projects\My projects\IAAA_Compet\Speaker-identification\data\processed\audio_wav\c7d871bd-afb3-4d00-b9c0-1f420c2ed9cc.wav"",""c7d871bd-afb3-4d00-b9c0-1f420c2ed9cc.wav"")",95.66,unknown,0,unknown,,0,unknown,0.9929,OK,1,True,True,0,unknown,1.0,OK,1,True,True,False,ok,
c8c08b10-e514-408a-aa74-58aca3f78e9a.wav,D:\Projects\My projects\IAAA_Compet\Speaker-identification\data\processed\audio_wav\c8c08b10-e514-408a-aa74-58aca3f78e9a.wav,"=HYPERLINK(""D:\Projects\My projects\IAAA_Compet\Speaker-identification\data\processed\audio_wav\c8c08b10-e514-408a-aa74-58aca3f78e9a.wav"",""c8c08b10-e514-408a-aa74-58aca3f78e9a.wav"")",50.43,known,269,96f6052b-fd5c-403f-ad30-08fa1b7c1551,5,269,96f6052b-fd5c-403f-ad30-08fa1b7c1551,0.9466,OK,1,True,True,269,96f6052b-fd5c-403f-ad30-08fa1b7c1551,0.9954,OK,1,True,True,False,ok,
c8ceedd4-bcd4-47c2-bf6a-852a7c95b370.wav,D:\Projects\My projects\IAAA_Compet\Speaker-identification\data\processed\audio_wav\c8ceedd4-bcd4-47c2-bf6a-852a7c95b370.wav,"=HYPERLINK(""D:\Projects\My projects\IAAA_Compet\Speaker-identification\data\processed\audio_wav\c8ceedd4-bcd4-47c2-bf6a-852a7c95b370.wav"",""c8ceedd4-bcd4-47c2-bf6a-852a7c95b370.wav"")",8.96,unknown,0,unknown,,0,unknown,0.775,OK,1,True,True,0,unknown,0.9991,OK,1,True,True,False,ok,
c8f6d2af-7c2d-4349-aa33-dd268c805ced.wav,D:\Projects\My projects\IAAA_Compet\Speaker-identification\data\processed\audio_wav\c8f6d2af-7c2d-4349-aa33-dd268c805ced.wav,"=HYPERLINK(""D:\Projects\My projects\IAAA_Compet\Speaker-identification\data\processed\audio_wav\c8f6d2af-7c2d-4349-aa33-dd268c805ced.wav"",""c8f6d2af-7c2d-4349-aa33-dd268c805ced.wav"")",45.65,unknown,0,unknown,,0,unknown,0.5407,OK,1,True,True,0,unknown,1.0,OK,1,True,True,False,ok,
c907cf72-5321-446a-b0db-4f89c36d6f0c.wav,D:\Projects\My projects\IAAA_Compet\Speaker-identification\data\processed\audio_wav\c907cf72-5321-446a-b0db-4f89c36d6f0c.wav,"=HYPERLINK(""D:\Projects\My projects\IAAA_Compet\Speaker-identification\data\processed\audio_wav\c907cf72-5321-446a-b0db-4f89c36d6f0c.wav"",""c907cf72-5321-446a-b0db-4f89c36d6f0c.wav"")",41.39,unknown,0,unknown,,0,unknown,0.6271,OK,1,True,True,0,unknown,0.9999,OK,1,True,True,False,ok,
c98fe398-e245-4a04-9c0a-c97630c9645d.wav,D:\Projects\My projects\IAAA_Compet\Speaker-identification\data\processed\audio_wav\c98fe398-e245-4a04-9c0a-c97630c9645d.wav,"=HYPERLINK(""D:\Projects\My projects\IAAA_Compet\Speaker-identification\data\processed\audio_wav\c98fe398-e245-4a04-9c0a-c97630c9645d.wav"",""c98fe398-e245-4a04-9c0a-c97630c9645d.wav"")",89.43,known,90,2ea02aee-3c9e-41eb-b22c-ec20e03e6312,5,90,2ea02aee-3c9e-41eb-b22c-ec20e03e6312,0.9913,OK,1,True,True,90,2ea02aee-3c9e-41eb-b22c-ec20e03e6312,0.9796,OK,1,True,True,False,ok,
c9d96d53-ff5a-4421-a83d-052012e1ae47.wav,D:\Projects\My projects\IAAA_Compet\Speaker-identification\data\processed\audio_wav\c9d96d53-ff5a-4421-a83d-052012e1ae47.wav,"=HYPERLINK(""D:\Projects\My projects\IAAA_Compet\Speaker-identification\data\processed\audio_wav\c9d96d53-ff5a-4421-a83d-052012e1ae47.wav"",""c9d96d53-ff5a-4421-a83d-052012e1ae47.wav"")",59.65,known,79,26c6f3a9-6a11-4a61-889f-657afcde56f6,5,79,26c6f3a9-6a11-4a61-889f-657afcde56f6,0.9991,OK,1,True,True,79,26c6f3a9-6a11-4a61-889f-657afcde56f6,0.9919,OK,1,True,True,False,ok,
ca126010-4645-4d3e-97a6-01a4c6a89727.wav,D:\Projects\My projects\IAAA_Compet\Speaker-identification\data\processed\audio_wav\ca126010-4645-4d3e-97a6-01a4c6a89727.wav,"=HYPERLINK(""D:\Projects\My projects\IAAA_Compet\Speaker-identification\data\processed\audio_wav\ca126010-4645-4d3e-97a6-01a4c6a89727.wav"",""ca126010-4645-4d3e-97a6-01a4c6a89727.wav"")",67.5,unknown,0,unknown,,0,unknown,0.9789,OK,1,True,True,0,unknown,0.9839,OK,1,True,True,False,ok,
ca420c5a-d9d6-4a71-b833-7a68ed241b61.wav,D:\Projects\My projects\IAAA_Compet\Speaker-identification\data\processed\audio_wav\ca420c5a-d9d6-4a71-b833-7a68ed241b61.wav,"=HYPERLINK(""D:\Projects\My projects\IAAA_Compet\Speaker-identification\data\processed\audio_wav\ca420c5a-d9d6-4a71-b833-7a68ed241b61.wav"",""ca420c5a-d9d6-4a71-b833-7a68ed241b61.wav"")",57.43,known,254,8b42c45c-6722-4842-9d8c-7fee06cc2085,5,254,8b42c45c-6722-4842-9d8c-7fee06cc2085,0.9979,OK,1,True,True,254,8b42c45c-6722-4842-9d8c-7fee06cc2085,0.9956,OK,1,True,True,False,ok,
caf81d0d-d035-4db1-a16b-51dd0fe2f0df.wav,D:\Projects\My projects\IAAA_Compet\Speaker-identification\data\processed\audio_wav\caf81d0d-d035-4db1-a16b-51dd0fe2f0df.wav,"=HYPERLINK(""D:\Projects\My projects\IAAA_Compet\Speaker-identification\data\processed\audio_wav\caf81d0d-d035-4db1-a16b-51dd0fe2f0df.wav"",""caf81d0d-d035-4db1-a16b-51dd0fe2f0df.wav"")",62.38,known,440,fc715753-4a9c-46c2-93aa-41f63788da3f,5,440,fc715753-4a9c-46c2-93aa-41f63788da3f,0.9965,OK,1,True,True,440,fc715753-4a9c-46c2-93aa-41f63788da3f,0.997,OK,1,True,True,False,ok,
cb0db95c-f3ab-4f89-b423-877a19a2cd93.wav,D:\Projects\My projects\IAAA_Compet\Speaker-identification\data\processed\audio_wav\cb0db95c-f3ab-4f89-b423-877a19a2cd93.wav,"=HYPERLINK(""D:\Projects\My projects\IAAA_Compet\Speaker-identification\data\processed\audio_wav\cb0db95c-f3ab-4f89-b423-877a19a2cd93.wav"",""cb0db95c-f3ab-4f89-b423-877a19a2cd93.wav"")",53.16,known,14,059bc44c-dc73-4580-8b58-063c2b395a13,5,14,059bc44c-dc73-4580-8b58-063c2b395a13,0.9998,OK,1,True,True,14,059bc44c-dc73-4580-8b58-063c2b395a13,0.9981,OK,1,True,True,False,ok,
cb406f03-bf52-40d0-9145-7009dd239540.wav,D:\Projects\My projects\IAAA_Compet\Speaker-identification\data\processed\audio_wav\cb406f03-bf52-40d0-9145-7009dd239540.wav,"=HYPERLINK(""D:\Projects\My projects\IAAA_Compet\Speaker-identification\data\processed\audio_wav\cb406f03-bf52-40d0-9145-7009dd239540.wav"",""cb406f03-bf52-40d0-9145-7009dd239540.wav"")",8.36,known,324,ba206843-517a-4c3e-9342-4bd565ec4eb7,5,324,ba206843-517a-4c3e-9342-4bd565ec4eb7,0.912,OK,1,True,True,324,ba206843-517a-4c3e-9342-4bd565ec4eb7,0.9794,OK,1,True,True,False,ok,
cbcec857-3c8d-4a4c-bb49-9b09dcd3c9c1.wav,D:\Projects\My projects\IAAA_Compet\Speaker-identification\data\processed\audio_wav\cbcec857-3c8d-4a4c-bb49-9b09dcd3c9c1.wav,"=HYPERLINK(""D:\Projects\My projects\IAAA_Compet\Speaker-identification\data\processed\audio_wav\cbcec857-3c8d-4a4c-bb49-9b09dcd3c9c1.wav"",""cbcec857-3c8d-4a4c-bb49-9b09dcd3c9c1.wav"")",55.04,unknown,0,unknown,,0,unknown,0.9999,OK,1,True,True,0,unknown,1.0,OK,1,True,True,False,ok,
cd21fbdf-6ca6-4160-8f9a-c48ae3a27803.wav,D:\Projects\My projects\IAAA_Compet\Speaker-identification\data\processed\audio_wav\cd21fbdf-6ca6-4160-8f9a-c48ae3a27803.wav,"=HYPERLINK(""D:\Projects\My projects\IAAA_Compet\Speaker-identification\data\processed\audio_wav\cd21fbdf-6ca6-4160-8f9a-c48ae3a27803.wav"",""cd21fbdf-6ca6-4160-8f9a-c48ae3a27803.wav"")",97.28,unknown,0,unknown,,0,unknown,0.9963,OK,1,True,True,0,unknown,1.0,OK,1,True,True,False,ok,
cd220cc3-3f81-41ca-a789-758765382deb.wav,D:\Projects\My projects\IAAA_Compet\Speaker-identification\data\processed\audio_wav\cd220cc3-3f81-41ca-a789-758765382deb.wav,"=HYPERLINK(""D:\Projects\My projects\IAAA_Compet\Speaker-identification\data\processed\audio_wav\cd220cc3-3f81-41ca-a789-758765382deb.wav"",""cd220cc3-3f81-41ca-a789-758765382deb.wav"")",69.46,known,290,a2da5e6e-c8c8-4089-9792-c0d27893c556,5,290,a2da5e6e-c8c8-4089-9792-c0d27893c556,0.9987,OK,1,True,True,290,a2da5e6e-c8c8-4089-9792-c0d27893c556,0.9948,OK,1,True,True,False,ok,
cd335742-de94-4d0e-a539-5fa4789ef5e1.wav,D:\Projects\My projects\IAAA_Compet\Speaker-identification\data\processed\audio_wav\cd335742-de94-4d0e-a539-5fa4789ef5e1.wav,"=HYPERLINK(""D:\Projects\My projects\IAAA_Compet\Speaker-identification\data\processed\audio_wav\cd335742-de94-4d0e-a539-5fa4789ef5e1.wav"",""cd335742-de94-4d0e-a539-5fa4789ef5e1.wav"")",65.45,known,229,81beafcd-aa56-46b6-917b-f307f7267b51,5,229,81beafcd-aa56-46b6-917b-f307f7267b51,0.9939,OK,1,True,True,229,81beafcd-aa56-46b6-917b-f307f7267b51,0.9725,OK,1,True,True,False,ok,
cd4f04c2-3960-4b33-9612-99886ab3062a.wav,D:\Projects\My projects\IAAA_Compet\Speaker-identification\data\processed\audio_wav\cd4f04c2-3960-4b33-9612-99886ab3062a.wav,"=HYPERLINK(""D:\Projects\My projects\IAAA_Compet\Speaker-identification\data\processed\audio_wav\cd4f04c2-3960-4b33-9612-99886ab3062a.wav"",""cd4f04c2-3960-4b33-9612-99886ab3062a.wav"")",57.77,unknown,0,unknown,,0,unknown,0.9996,OK,1,True,True,0,unknown,1.0,OK,1,True,True,False,ok,
cdf6eb4a-5370-465a-b03f-961126af150c.wav,D:\Projects\My projects\IAAA_Compet\Speaker-identification\data\processed\audio_wav\cdf6eb4a-5370-465a-b03f-961126af150c.wav,"=HYPERLINK(""D:\Projects\My projects\IAAA_Compet\Speaker-identification\data\processed\audio_wav\cdf6eb4a-5370-465a-b03f-961126af150c.wav"",""cdf6eb4a-5370-465a-b03f-961126af150c.wav"")",31.32,unknown,0,unknown,,0,unknown,0.9992,OK,1,True,True,0,unknown,1.0,OK,1,True,True,False,ok,
ce0deeab-e936-48a8-9dbd-f813456a40e3.wav,D:\Projects\My projects\IAAA_Compet\Speaker-identification\data\processed\audio_wav\ce0deeab-e936-48a8-9dbd-f813456a40e3.wav,"=HYPERLINK(""D:\Projects\My projects\IAAA_Compet\Speaker-identification\data\processed\audio_wav\ce0deeab-e936-48a8-9dbd-f813456a40e3.wav"",""ce0deeab-e936-48a8-9dbd-f813456a40e3.wav"")",74.41,known,348,c6124d75-4d4a-43da-b44a-cc3adf2aecb7,5,348,c6124d75-4d4a-43da-b44a-cc3adf2aecb7,0.975,OK,1,True,True,348,c6124d75-4d4a-43da-b44a-cc3adf2aecb7,0.9866,OK,1,True,True,False,ok,
cf6191e2-8198-4221-b660-2bc4f6c1c0fb.wav,D:\Projects\My projects\IAAA_Compet\Speaker-identification\data\processed\audio_wav\cf6191e2-8198-4221-b660-2bc4f6c1c0fb.wav,"=HYPERLINK(""D:\Projects\My projects\IAAA_Compet\Speaker-identification\data\processed\audio_wav\cf6191e2-8198-4221-b660-2bc4f6c1c0fb.wav"",""cf6191e2-8198-4221-b660-2bc4f6c1c0fb.wav"")",48.98,unknown,0,unknown,,0,unknown,0.9952,OK,1,True,True,0,unknown,1.0,OK,1,True,True,False,ok,
cf63297d-85cf-4c65-be55-15f4564b6f14.wav,D:\Projects\My projects\IAAA_Compet\Speaker-identification\data\processed\audio_wav\cf63297d-85cf-4c65-be55-15f4564b6f14.wav,"=HYPERLINK(""D:\Projects\My projects\IAAA_Compet\Speaker-identification\data\processed\audio_wav\cf63297d-85cf-4c65-be55-15f4564b6f14.wav"",""cf63297d-85cf-4c65-be55-15f4564b6f14.wav"")",3.24,unknown,0,unknown,,0,unknown,0.8184,OK,1,True,True,0,unknown,0.9938,OK,1,True,True,False,ok,
cf8d171f-bf24-40dc-b463-60cb010d172a.wav,D:\Projects\My projects\IAAA_Compet\Speaker-identification\data\processed\audio_wav\cf8d171f-bf24-40dc-b463-60cb010d172a.wav,"=HYPERLINK(""D:\Projects\My projects\IAAA_Compet\Speaker-identification\data\processed\audio_wav\cf8d171f-bf24-40dc-b463-60cb010d172a.wav"",""cf8d171f-bf24-40dc-b463-60cb010d172a.wav"")",48.98,known,83,2a9208d0-2359-4a35-ace3-47622224a3a5,5,83,2a9208d0-2359-4a35-ace3-47622224a3a5,0.9425,OK,1,True,True,83,2a9208d0-2359-4a35-ace3-47622224a3a5,0.9912,OK,1,True,True,False,ok,
cf93f7a8-fcc1-44a8-9f46-aa5d0eb3ce0b.wav,D:\Projects\My projects\IAAA_Compet\Speaker-identification\data\processed\audio_wav\cf93f7a8-fcc1-44a8-9f46-aa5d0eb3ce0b.wav,"=HYPERLINK(""D:\Projects\My projects\IAAA_Compet\Speaker-identification\data\processed\audio_wav\cf93f7a8-fcc1-44a8-9f46-aa5d0eb3ce0b.wav"",""cf93f7a8-fcc1-44a8-9f46-aa5d0eb3ce0b.wav"")",8.36,known,195,6c830c63-b9af-4b26-9d05-78c76d3e0a51,5,195,6c830c63-b9af-4b26-9d05-78c76d3e0a51,0.9941,OK,1,True,True,195,6c830c63-b9af-4b26-9d05-78c76d3e0a51,0.9156,OK,1,True,True,False,ok,
cfc4ed70-baf7-4075-b508-834e8a49e6b9.wav,D:\Projects\My projects\IAAA_Compet\Speaker-identification\data\processed\audio_wav\cfc4ed70-baf7-4075-b508-834e8a49e6b9.wav,"=HYPERLINK(""D:\Projects\My projects\IAAA_Compet\Speaker-identification\data\processed\audio_wav\cfc4ed70-baf7-4075-b508-834e8a49e6b9.wav"",""cfc4ed70-baf7-4075-b508-834e8a49e6b9.wav"")",49.32,unknown,0,unknown,,0,unknown,0.9999,OK,1,True,True,0,unknown,1.0,OK,1,True,True,False,ok,
d07f1b5d-0e33-41d7-bf8d-034aed3d4740.wav,D:\Projects\My projects\IAAA_Compet\Speaker-identification\data\processed\audio_wav\d07f1b5d-0e33-41d7-bf8d-034aed3d4740.wav,"=HYPERLINK(""D:\Projects\My projects\IAAA_Compet\Speaker-identification\data\processed\audio_wav\d07f1b5d-0e33-41d7-bf8d-034aed3d4740.wav"",""d07f1b5d-0e33-41d7-bf8d-034aed3d4740.wav"")",47.36,unknown,0,unknown,,0,unknown,0.7768,OK,1,True,True,0,unknown,1.0,OK,1,True,True,False,ok,
d0a2a8f4-3e77-4b5d-bf0c-2215069b03de.wav,D:\Projects\My projects\IAAA_Compet\Speaker-identification\data\processed\audio_wav\d0a2a8f4-3e77-4b5d-bf0c-2215069b03de.wav,"=HYPERLINK(""D:\Projects\My projects\IAAA_Compet\Speaker-identification\data\processed\audio_wav\d0a2a8f4-3e77-4b5d-bf0c-2215069b03de.wav"",""d0a2a8f4-3e77-4b5d-bf0c-2215069b03de.wav"")",48.81,known,369,d05aa00e-43ef-495c-a7ec-bb84f6f0b724,5,369,d05aa00e-43ef-495c-a7ec-bb84f6f0b724,0.9815,OK,1,True,True,369,d05aa00e-43ef-495c-a7ec-bb84f6f0b724,0.9927,OK,1,True,True,False,ok,
d0de6624-09ff-4340-9a4d-05d3c9df09c0.wav,D:\Projects\My projects\IAAA_Compet\Speaker-identification\data\processed\audio_wav\d0de6624-09ff-4340-9a4d-05d3c9df09c0.wav,"=HYPERLINK(""D:\Projects\My projects\IAAA_Compet\Speaker-identification\data\processed\audio_wav\d0de6624-09ff-4340-9a4d-05d3c9df09c0.wav"",""d0de6624-09ff-4340-9a4d-05d3c9df09c0.wav"")",9.22,unknown,0,unknown,,0,unknown,0.5011,OK,1,True,True,0,unknown,1.0,OK,1,True,True,False,ok,
d12f68a0-0cb5-4e6f-9b42-fa56a13bc4ee.wav,D:\Projects\My projects\IAAA_Compet\Speaker-identification\data\processed\audio_wav\d12f68a0-0cb5-4e6f-9b42-fa56a13bc4ee.wav,"=HYPERLINK(""D:\Projects\My projects\IAAA_Compet\Speaker-identification\data\processed\audio_wav\d12f68a0-0cb5-4e6f-9b42-fa56a13bc4ee.wav"",""d12f68a0-0cb5-4e6f-9b42-fa56a13bc4ee.wav"")",12.63,known,345,c46cb064-f0d7-4256-9d11-aee04e1f95b4,5,345,c46cb064-f0d7-4256-9d11-aee04e1f95b4,0.9984,OK,1,True,True,345,c46cb064-f0d7-4256-9d11-aee04e1f95b4,0.9966,OK,1,True,True,False,ok,
d19e475a-e9ec-4a24-b4fa-42c5b13067ac.wav,D:\Projects\My projects\IAAA_Compet\Speaker-identification\data\processed\audio_wav\d19e475a-e9ec-4a24-b4fa-42c5b13067ac.wav,"=HYPERLINK(""D:\Projects\My projects\IAAA_Compet\Speaker-identification\data\processed\audio_wav\d19e475a-e9ec-4a24-b4fa-42c5b13067ac.wav"",""d19e475a-e9ec-4a24-b4fa-42c5b13067ac.wav"")",64.0,unknown,0,unknown,,0,unknown,0.9865,OK,1,True,True,0,unknown,1.0,OK,1,True,True,False,ok,
d1bfc947-6b22-44bd-8eb4-9c71c7ec4be3.wav,D:\Projects\My projects\IAAA_Compet\Speaker-identification\data\processed\audio_wav\d1bfc947-6b22-44bd-8eb4-9c71c7ec4be3.wav,"=HYPERLINK(""D:\Projects\My projects\IAAA_Compet\Speaker-identification\data\processed\audio_wav\d1bfc947-6b22-44bd-8eb4-9c71c7ec4be3.wav"",""d1bfc947-6b22-44bd-8eb4-9c71c7ec4be3.wav"")",48.98,unknown,0,unknown,,0,unknown,0.5813,OK,1,True,True,0,unknown,0.9999,OK,1,True,True,False,ok,
d1e36d2d-1916-4635-baad-5f036b38b394.wav,D:\Projects\My projects\IAAA_Compet\Speaker-identification\data\processed\audio_wav\d1e36d2d-1916-4635-baad-5f036b38b394.wav,"=HYPERLINK(""D:\Projects\My projects\IAAA_Compet\Speaker-identification\data\processed\audio_wav\d1e36d2d-1916-4635-baad-5f036b38b394.wav"",""d1e36d2d-1916-4635-baad-5f036b38b394.wav"")",20.39,unknown,0,unknown,,0,unknown,0.8455,OK,1,True,True,0,unknown,0.9951,OK,1,True,True,False,ok,
d230b5ef-737c-42b2-bf2e-d2bce69818a5.wav,D:\Projects\My projects\IAAA_Compet\Speaker-identification\data\processed\audio_wav\d230b5ef-737c-42b2-bf2e-d2bce69818a5.wav,"=HYPERLINK(""D:\Projects\My projects\IAAA_Compet\Speaker-identification\data\processed\audio_wav\d230b5ef-737c-42b2-bf2e-d2bce69818a5.wav"",""d230b5ef-737c-42b2-bf2e-d2bce69818a5.wav"")",44.71,unknown,0,unknown,,0,unknown,0.975,OK,1,True,True,0,unknown,1.0,OK,1,True,True,False,ok,
d270cd45-de4c-4ab3-a68f-47844368a832.wav,D:\Projects\My projects\IAAA_Compet\Speaker-identification\data\processed\audio_wav\d270cd45-de4c-4ab3-a68f-47844368a832.wav,"=HYPERLINK(""D:\Projects\My projects\IAAA_Compet\Speaker-identification\data\processed\audio_wav\d270cd45-de4c-4ab3-a68f-47844368a832.wav"",""d270cd45-de4c-4ab3-a68f-47844368a832.wav"")",77.14,known,30,0f6ef209-6298-4b70-bad5-769020f42e3b,5,30,0f6ef209-6298-4b70-bad5-769020f42e3b,0.9768,OK,1,True,True,30,0f6ef209-6298-4b70-bad5-769020f42e3b,0.9694,OK,1,True,True,False,ok,
d2777fa4-3b43-4ad3-a173-ae87d4a5d720.wav,D:\Projects\My projects\IAAA_Compet\Speaker-identification\data\processed\audio_wav\d2777fa4-3b43-4ad3-a173-ae87d4a5d720.wav,"=HYPERLINK(""D:\Projects\My projects\IAAA_Compet\Speaker-identification\data\processed\audio_wav\d2777fa4-3b43-4ad3-a173-ae87d4a5d720.wav"",""d2777fa4-3b43-4ad3-a173-ae87d4a5d720.wav"")",54.7,known,204,72d1ac16-bf7d-4395-ac65-1307f36b53b7,5,204,72d1ac16-bf7d-4395-ac65-1307f36b53b7,0.9973,OK,1,True,True,204,72d1ac16-bf7d-4395-ac65-1307f36b53b7,0.9918,OK,1,True,True,False,ok,
d2aa6878-2e62-4ae5-9c6c-83f8ea7e9d3b.wav,D:\Projects\My projects\IAAA_Compet\Speaker-identification\data\processed\audio_wav\d2aa6878-2e62-4ae5-9c6c-83f8ea7e9d3b.wav,"=HYPERLINK(""D:\Projects\My projects\IAAA_Compet\Speaker-identification\data\processed\audio_wav\d2aa6878-2e62-4ae5-9c6c-83f8ea7e9d3b.wav"",""d2aa6878-2e62-4ae5-9c6c-83f8ea7e9d3b.wav"")",46.93,unknown,0,unknown,,0,unknown,0.9891,OK,1,True,True,0,unknown,1.0,OK,1,True,True,False,ok,
d2f6d4b5-5600-44a1-a3c7-c29c59b78601.wav,D:\Projects\My projects\IAAA_Compet\Speaker-identification\data\processed\audio_wav\d2f6d4b5-5600-44a1-a3c7-c29c59b78601.wav,"=HYPERLINK(""D:\Projects\My projects\IAAA_Compet\Speaker-identification\data\processed\audio_wav\d2f6d4b5-5600-44a1-a3c7-c29c59b78601.wav"",""d2f6d4b5-5600-44a1-a3c7-c29c59b78601.wav"")",64.26,unknown,0,unknown,,0,unknown,0.9365,OK,1,True,True,0,unknown,0.7997,OK,1,True,True,False,ok,
d3552c4e-4862-4b1b-95f5-94ac6c2a4e37.wav,D:\Projects\My projects\IAAA_Compet\Speaker-identification\data\processed\audio_wav\d3552c4e-4862-4b1b-95f5-94ac6c2a4e37.wav,"=HYPERLINK(""D:\Projects\My projects\IAAA_Compet\Speaker-identification\data\processed\audio_wav\d3552c4e-4862-4b1b-95f5-94ac6c2a4e37.wav"",""d3552c4e-4862-4b1b-95f5-94ac6c2a4e37.wav"")",76.37,known,394,de4e30e2-ab2c-4fd8-9b14-3c35308405d5,5,394,de4e30e2-ab2c-4fd8-9b14-3c35308405d5,0.9993,OK,1,True,True,394,de4e30e2-ab2c-4fd8-9b14-3c35308405d5,0.9945,OK,1,True,True,False,ok,
d37acdab-f44a-4ee6-9742-aeb9ef92a95f.wav,D:\Projects\My projects\IAAA_Compet\Speaker-identification\data\processed\audio_wav\d37acdab-f44a-4ee6-9742-aeb9ef92a95f.wav,"=HYPERLINK(""D:\Projects\My projects\IAAA_Compet\Speaker-identification\data\processed\audio_wav\d37acdab-f44a-4ee6-9742-aeb9ef92a95f.wav"",""d37acdab-f44a-4ee6-9742-aeb9ef92a95f.wav"")",53.76,known,15,062898ad-bede-430a-b62f-a739d85fc788,5,15,062898ad-bede-430a-b62f-a739d85fc788,0.9978,OK,1,True,True,15,062898ad-bede-430a-b62f-a739d85fc788,0.9879,OK,1,True,True,False,ok,
d3cf488a-85b9-4c15-a165-72e4579fec6f.wav,D:\Projects\My projects\IAAA_Compet\Speaker-identification\data\processed\audio_wav\d3cf488a-85b9-4c15-a165-72e4579fec6f.wav,"=HYPERLINK(""D:\Projects\My projects\IAAA_Compet\Speaker-identification\data\processed\audio_wav\d3cf488a-85b9-4c15-a165-72e4579fec6f.wav"",""d3cf488a-85b9-4c15-a165-72e4579fec6f.wav"")",20.48,known,131,4428c8c1-2494-4293-8346-81c512b25635,5,131,4428c8c1-2494-4293-8346-81c512b25635,0.9773,OK,1,True,True,131,4428c8c1-2494-4293-8346-81c512b25635,0.9555,OK,1,True,True,False,ok,
d3d6be30-9f0b-4ce2-9072-a111a4194612.wav,D:\Projects\My projects\IAAA_Compet\Speaker-identification\data\processed\audio_wav\d3d6be30-9f0b-4ce2-9072-a111a4194612.wav,"=HYPERLINK(""D:\Projects\My projects\IAAA_Compet\Speaker-identification\data\processed\audio_wav\d3d6be30-9f0b-4ce2-9072-a111a4194612.wav"",""d3d6be30-9f0b-4ce2-9072-a111a4194612.wav"")",54.7,unknown,0,unknown,,0,unknown,0.5615,OK,1,True,True,0,unknown,1.0,OK,1,True,True,False,ok,
d427cb3b-ba6b-4e51-94bf-661ad5b3b0df.wav,D:\Projects\My projects\IAAA_Compet\Speaker-identification\data\processed\audio_wav\d427cb3b-ba6b-4e51-94bf-661ad5b3b0df.wav,"=HYPERLINK(""D:\Projects\My projects\IAAA_Compet\Speaker-identification\data\processed\audio_wav\d427cb3b-ba6b-4e51-94bf-661ad5b3b0df.wav"",""d427cb3b-ba6b-4e51-94bf-661ad5b3b0df.wav"")",65.02,unknown,0,unknown,,0,unknown,0.9983,OK,1,True,True,0,unknown,1.0,OK,1,True,True,False,ok,
d4777fb8-0a7d-4a59-bd04-646abcb0fdae.wav,D:\Projects\My projects\IAAA_Compet\Speaker-identification\data\processed\audio_wav\d4777fb8-0a7d-4a59-bd04-646abcb0fdae.wav,"=HYPERLINK(""D:\Projects\My projects\IAAA_Compet\Speaker-identification\data\processed\audio_wav\d4777fb8-0a7d-4a59-bd04-646abcb0fdae.wav"",""d4777fb8-0a7d-4a59-bd04-646abcb0fdae.wav"")",92.16,known,37,1207e027-adca-4430-b5a9-973853268511,5,37,1207e027-adca-4430-b5a9-973853268511,0.8987,OK,1,True,True,37,1207e027-adca-4430-b5a9-973853268511,0.9919,OK,1,True,True,False,ok,
d4c0b304-8913-438b-ab2f-eccd1bd82eb4.wav,D:\Projects\My projects\IAAA_Compet\Speaker-identification\data\processed\audio_wav\d4c0b304-8913-438b-ab2f-eccd1bd82eb4.wav,"=HYPERLINK(""D:\Projects\My projects\IAAA_Compet\Speaker-identification\data\processed\audio_wav\d4c0b304-8913-438b-ab2f-eccd1bd82eb4.wav"",""d4c0b304-8913-438b-ab2f-eccd1bd82eb4.wav"")",58.88,unknown,0,unknown,,0,unknown,0.9736,OK,1,True,True,0,unknown,1.0,OK,1,True,True,False,ok,
d5bdbb15-aecd-40fb-ae36-2e7400392c72.wav,D:\Projects\My projects\IAAA_Compet\Speaker-identification\data\processed\audio_wav\d5bdbb15-aecd-40fb-ae36-2e7400392c72.wav,"=HYPERLINK(""D:\Projects\My projects\IAAA_Compet\Speaker-identification\data\processed\audio_wav\d5bdbb15-aecd-40fb-ae36-2e7400392c72.wav"",""d5bdbb15-aecd-40fb-ae36-2e7400392c72.wav"")",55.72,known,115,3943d8f3-d820-44ff-aba6-23c796fda87b,5,115,3943d8f3-d820-44ff-aba6-23c796fda87b,0.9892,OK,1,True,True,115,3943d8f3-d820-44ff-aba6-23c796fda87b,0.9461,OK,1,True,True,False,ok,
d6ba55bd-3996-489d-a1f9-05470e8f37d0.wav,D:\Projects\My projects\IAAA_Compet\Speaker-identification\data\processed\audio_wav\d6ba55bd-3996-489d-a1f9-05470e8f37d0.wav,"=HYPERLINK(""D:\Projects\My projects\IAAA_Compet\Speaker-identification\data\processed\audio_wav\d6ba55bd-3996-489d-a1f9-05470e8f37d0.wav"",""d6ba55bd-3996-489d-a1f9-05470e8f37d0.wav"")",94.89,known,121,3e4ca752-cf3b-4399-af3b-f43c2dda1fae,5,121,3e4ca752-cf3b-4399-af3b-f43c2dda1fae,0.9885,OK,1,True,True,121,3e4ca752-cf3b-4399-af3b-f43c2dda1fae,0.997,OK,1,True,True,False,ok,
d6f81502-5a18-4af8-95df-a6cc6552ddbd.wav,D:\Projects\My projects\IAAA_Compet\Speaker-identification\data\processed\audio_wav\d6f81502-5a18-4af8-95df-a6cc6552ddbd.wav,"=HYPERLINK(""D:\Projects\My projects\IAAA_Compet\Speaker-identification\data\processed\audio_wav\d6f81502-5a18-4af8-95df-a6cc6552ddbd.wav"",""d6f81502-5a18-4af8-95df-a6cc6552ddbd.wav"")",67.24,known,380,d5c25d51-f900-4ebe-8e96-3789a2db4068,5,380,d5c25d51-f900-4ebe-8e96-3789a2db4068,0.9927,OK,1,True,True,380,d5c25d51-f900-4ebe-8e96-3789a2db4068,0.9907,OK,1,True,True,False,ok,
d71b9534-1c19-4d8b-9436-a800af7a1540.wav,D:\Projects\My projects\IAAA_Compet\Speaker-identification\data\processed\audio_wav\d71b9534-1c19-4d8b-9436-a800af7a1540.wav,"=HYPERLINK(""D:\Projects\My projects\IAAA_Compet\Speaker-identification\data\processed\audio_wav\d71b9534-1c19-4d8b-9436-a800af7a1540.wav"",""d71b9534-1c19-4d8b-9436-a800af7a1540.wav"")",61.01,known,368,cf04eecd-fd82-4425-9f5f-8f5d33485491,5,368,cf04eecd-fd82-4425-9f5f-8f5d33485491,0.9995,OK,1,True,True,368,cf04eecd-fd82-4425-9f5f-8f5d33485491,0.9576,OK,1,True,True,False,ok,
d727872a-8a3d-4f1a-a069-40905a0b1aab.wav,D:\Projects\My projects\IAAA_Compet\Speaker-identification\data\processed\audio_wav\d727872a-8a3d-4f1a-a069-40905a0b1aab.wav,"=HYPERLINK(""D:\Projects\My projects\IAAA_Compet\Speaker-identification\data\processed\audio_wav\d727872a-8a3d-4f1a-a069-40905a0b1aab.wav"",""d727872a-8a3d-4f1a-a069-40905a0b1aab.wav"")",71.68,known,7,020e4758-a640-4dea-ab07-d57b6ee4d8a5,5,7,020e4758-a640-4dea-ab07-d57b6ee4d8a5,0.9947,OK,1,True,True,7,020e4758-a640-4dea-ab07-d57b6ee4d8a5,0.9946,OK,1,True,True,False,ok,
d7b90e9e-4709-4fd6-b760-1b1783fe9cec.wav,D:\Projects\My projects\IAAA_Compet\Speaker-identification\data\processed\audio_wav\d7b90e9e-4709-4fd6-b760-1b1783fe9cec.wav,"=HYPERLINK(""D:\Projects\My projects\IAAA_Compet\Speaker-identification\data\processed\audio_wav\d7b90e9e-4709-4fd6-b760-1b1783fe9cec.wav"",""d7b90e9e-4709-4fd6-b760-1b1783fe9cec.wav"")",84.57,known,203,71b45463-4be0-4d80-a0c6-c57333b016d7,5,203,71b45463-4be0-4d80-a0c6-c57333b016d7,0.9733,OK,1,True,True,203,71b45463-4be0-4d80-a0c6-c57333b016d7,0.9923,OK,1,True,True,False,ok,
d8387ccb-1b27-4790-97c8-5306bc12dff4.wav,D:\Projects\My projects\IAAA_Compet\Speaker-identification\data\processed\audio_wav\d8387ccb-1b27-4790-97c8-5306bc12dff4.wav,"=HYPERLINK(""D:\Projects\My projects\IAAA_Compet\Speaker-identification\data\processed\audio_wav\d8387ccb-1b27-4790-97c8-5306bc12dff4.wav"",""d8387ccb-1b27-4790-97c8-5306bc12dff4.wav"")",58.2,known,432,f66de4c4-d6f4-428d-9549-d08c41958d5c,5,432,f66de4c4-d6f4-428d-9549-d08c41958d5c,0.9995,OK,1,True,True,432,f66de4c4-d6f4-428d-9549-d08c41958d5c,0.9962,OK,1,True,True,False,ok,
d87503ba-c639-4e5d-bb99-e93dcfce1dc0.wav,D:\Projects\My projects\IAAA_Compet\Speaker-identification\data\processed\audio_wav\d87503ba-c639-4e5d-bb99-e93dcfce1dc0.wav,"=HYPERLINK(""D:\Projects\My projects\IAAA_Compet\Speaker-identification\data\processed\audio_wav\d87503ba-c639-4e5d-bb99-e93dcfce1dc0.wav"",""d87503ba-c639-4e5d-bb99-e93dcfce1dc0.wav"")",54.61,known,422,f301b6e2-c6d8-4730-8e3d-ab33f82ff75c,5,422,f301b6e2-c6d8-4730-8e3d-ab33f82ff75c,0.7463,OK,1,True,True,422,f301b6e2-c6d8-4730-8e3d-ab33f82ff75c,0.945,OK,1,True,True,False,ok,
d9b085ab-481c-4eab-8bb7-f694e5d1af1c.wav,D:\Projects\My projects\IAAA_Compet\Speaker-identification\data\processed\audio_wav\d9b085ab-481c-4eab-8bb7-f694e5d1af1c.wav,"=HYPERLINK(""D:\Projects\My projects\IAAA_Compet\Speaker-identification\data\processed\audio_wav\d9b085ab-481c-4eab-8bb7-f694e5d1af1c.wav"",""d9b085ab-481c-4eab-8bb7-f694e5d1af1c.wav"")",59.31,known,154,52169544-209c-451a-942d-3a6b1d6541a8,5,154,52169544-209c-451a-942d-3a6b1d6541a8,0.964,OK,1,True,True,154,52169544-209c-451a-942d-3a6b1d6541a8,0.9918,OK,1,True,True,False,ok,
d9e064e6-811c-49ab-a3dd-bfcccd5ac1e1.wav,D:\Projects\My projects\IAAA_Compet\Speaker-identification\data\processed\audio_wav\d9e064e6-811c-49ab-a3dd-bfcccd5ac1e1.wav,"=HYPERLINK(""D:\Projects\My projects\IAAA_Compet\Speaker-identification\data\processed\audio_wav\d9e064e6-811c-49ab-a3dd-bfcccd5ac1e1.wav"",""d9e064e6-811c-49ab-a3dd-bfcccd5ac1e1.wav"")",57.34,unknown,0,unknown,,0,unknown,0.9664,OK,1,True,True,0,unknown,0.9999,OK,1,True,True,False,ok,
da0ba217-e15d-4941-9209-18d7c9bab74a.wav,D:\Projects\My projects\IAAA_Compet\Speaker-identification\data\processed\audio_wav\da0ba217-e15d-4941-9209-18d7c9bab74a.wav,"=HYPERLINK(""D:\Projects\My projects\IAAA_Compet\Speaker-identification\data\processed\audio_wav\da0ba217-e15d-4941-9209-18d7c9bab74a.wav"",""da0ba217-e15d-4941-9209-18d7c9bab74a.wav"")",83.87,unknown,0,unknown,,0,unknown,0.9997,OK,1,True,True,0,unknown,1.0,OK,1,True,True,False,ok,
da734215-055f-4604-a221-c7cef1ca05fd.wav,D:\Projects\My projects\IAAA_Compet\Speaker-identification\data\processed\audio_wav\da734215-055f-4604-a221-c7cef1ca05fd.wav,"=HYPERLINK(""D:\Projects\My projects\IAAA_Compet\Speaker-identification\data\processed\audio_wav\da734215-055f-4604-a221-c7cef1ca05fd.wav"",""da734215-055f-4604-a221-c7cef1ca05fd.wav"")",63.32,unknown,0,unknown,,0,unknown,0.983,OK,1,True,True,0,unknown,0.9999,OK,1,True,True,False,ok,
daa06ecc-332a-4b84-9066-b2e38155c1f5.wav,D:\Projects\My projects\IAAA_Compet\Speaker-identification\data\processed\audio_wav\daa06ecc-332a-4b84-9066-b2e38155c1f5.wav,"=HYPERLINK(""D:\Projects\My projects\IAAA_Compet\Speaker-identification\data\processed\audio_wav\daa06ecc-332a-4b84-9066-b2e38155c1f5.wav"",""daa06ecc-332a-4b84-9066-b2e38155c1f5.wav"")",58.79,known,78,26b5acbc-dd18-4e3f-8540-d1357dc4c05e,5,78,26b5acbc-dd18-4e3f-8540-d1357dc4c05e,0.6173,OK,1,True,True,78,26b5acbc-dd18-4e3f-8540-d1357dc4c05e,0.9907,OK,1,True,True,False,ok,
dae726c6-396e-403c-a37f-27378ae00bdd.wav,D:\Projects\My projects\IAAA_Compet\Speaker-identification\data\processed\audio_wav\dae726c6-396e-403c-a37f-27378ae00bdd.wav,"=HYPERLINK(""D:\Projects\My projects\IAAA_Compet\Speaker-identification\data\processed\audio_wav\dae726c6-396e-403c-a37f-27378ae00bdd.wav"",""dae726c6-396e-403c-a37f-27378ae00bdd.wav"")",72.87,known,153,516d9df3-e350-42a0-bca1-88947a54d244,5,153,516d9df3-e350-42a0-bca1-88947a54d244,0.9151,OK,1,True,True,153,516d9df3-e350-42a0-bca1-88947a54d244,0.9626,OK,1,True,True,False,ok,
daf10144-4ed1-4f0e-9fcc-dd1f08c2dd02.wav,D:\Projects\My projects\IAAA_Compet\Speaker-identification\data\processed\audio_wav\daf10144-4ed1-4f0e-9fcc-dd1f08c2dd02.wav,"=HYPERLINK(""D:\Projects\My projects\IAAA_Compet\Speaker-identification\data\processed\audio_wav\daf10144-4ed1-4f0e-9fcc-dd1f08c2dd02.wav"",""daf10144-4ed1-4f0e-9fcc-dd1f08c2dd02.wav"")",64.68,unknown,0,unknown,,0,unknown,0.9971,OK,1,True,True,0,unknown,1.0,OK,1,True,True,False,ok,
daf49cdb-47a4-4721-8248-210d6702f95b.wav,D:\Projects\My projects\IAAA_Compet\Speaker-identification\data\processed\audio_wav\daf49cdb-47a4-4721-8248-210d6702f95b.wav,"=HYPERLINK(""D:\Projects\My projects\IAAA_Compet\Speaker-identification\data\processed\audio_wav\daf49cdb-47a4-4721-8248-210d6702f95b.wav"",""daf49cdb-47a4-4721-8248-210d6702f95b.wav"")",52.22,known,257,8c925744-5c9e-4d0b-a0a7-839befa0a00c,5,257,8c925744-5c9e-4d0b-a0a7-839befa0a00c,0.9635,OK,1,True,True,257,8c925744-5c9e-4d0b-a0a7-839befa0a00c,0.9947,OK,1,True,True,False,ok,
db2d1ef4-ba63-4bac-86d9-f8dfa3e9a620.wav,D:\Projects\My projects\IAAA_Compet\Speaker-identification\data\processed\audio_wav\db2d1ef4-ba63-4bac-86d9-f8dfa3e9a620.wav,"=HYPERLINK(""D:\Projects\My projects\IAAA_Compet\Speaker-identification\data\processed\audio_wav\db2d1ef4-ba63-4bac-86d9-f8dfa3e9a620.wav"",""db2d1ef4-ba63-4bac-86d9-f8dfa3e9a620.wav"")",92.84,known,427,f3cfdd72-3b18-41f1-b5f7-0988fbaca298,5,427,f3cfdd72-3b18-41f1-b5f7-0988fbaca298,0.9952,OK,1,True,True,427,f3cfdd72-3b18-41f1-b5f7-0988fbaca298,0.9662,OK,1,True,True,False,ok,
dc231fd4-1269-4883-8594-896128e1a078.wav,D:\Projects\My projects\IAAA_Compet\Speaker-identification\data\processed\audio_wav\dc231fd4-1269-4883-8594-896128e1a078.wav,"=HYPERLINK(""D:\Projects\My projects\IAAA_Compet\Speaker-identification\data\processed\audio_wav\dc231fd4-1269-4883-8594-896128e1a078.wav"",""dc231fd4-1269-4883-8594-896128e1a078.wav"")",70.66,unknown,0,unknown,,0,unknown,0.8144,OK,1,True,True,0,unknown,0.9879,OK,1,True,True,False,ok,
dc423a2d-8ffb-4ed3-851f-219e534c1284.wav,D:\Projects\My projects\IAAA_Compet\Speaker-identification\data\processed\audio_wav\dc423a2d-8ffb-4ed3-851f-219e534c1284.wav,"=HYPERLINK(""D:\Projects\My projects\IAAA_Compet\Speaker-identification\data\processed\audio_wav\dc423a2d-8ffb-4ed3-851f-219e534c1284.wav"",""dc423a2d-8ffb-4ed3-851f-219e534c1284.wav"")",53.16,known,130,44159a60-4bd4-4b2a-b3ea-3ba81c4efe2f,5,130,44159a60-4bd4-4b2a-b3ea-3ba81c4efe2f,0.8813,OK,1,True,True,130,44159a60-4bd4-4b2a-b3ea-3ba81c4efe2f,0.9861,OK,1,True,True,False,ok,
dc4a49b5-9bd1-4fa4-aecd-50733024de42.wav,D:\Projects\My projects\IAAA_Compet\Speaker-identification\data\processed\audio_wav\dc4a49b5-9bd1-4fa4-aecd-50733024de42.wav,"=HYPERLINK(""D:\Projects\My projects\IAAA_Compet\Speaker-identification\data\processed\audio_wav\dc4a49b5-9bd1-4fa4-aecd-50733024de42.wav"",""dc4a49b5-9bd1-4fa4-aecd-50733024de42.wav"")",51.97,known,310,ae4279df-2c20-4290-993f-5c4dad474870,5,310,ae4279df-2c20-4290-993f-5c4dad474870,0.9756,OK,1,True,True,310,ae4279df-2c20-4290-993f-5c4dad474870,0.9754,OK,1,True,True,False,ok,
dc6d159f-ece0-4eaf-ab86-9e484dfb1643.wav,D:\Projects\My projects\IAAA_Compet\Speaker-identification\data\processed\audio_wav\dc6d159f-ece0-4eaf-ab86-9e484dfb1643.wav,"=HYPERLINK(""D:\Projects\My projects\IAAA_Compet\Speaker-identification\data\processed\audio_wav\dc6d159f-ece0-4eaf-ab86-9e484dfb1643.wav"",""dc6d159f-ece0-4eaf-ab86-9e484dfb1643.wav"")",64.09,unknown,0,unknown,,0,unknown,0.9984,OK,1,True,True,0,unknown,1.0,OK,1,True,True,False,ok,
dc935629-2bac-4833-b4c7-76320a19ef8d.wav,D:\Projects\My projects\IAAA_Compet\Speaker-identification\data\processed\audio_wav\dc935629-2bac-4833-b4c7-76320a19ef8d.wav,"=HYPERLINK(""D:\Projects\My projects\IAAA_Compet\Speaker-identification\data\processed\audio_wav\dc935629-2bac-4833-b4c7-76320a19ef8d.wav"",""dc935629-2bac-4833-b4c7-76320a19ef8d.wav"")",58.54,unknown,0,unknown,,0,unknown,0.9694,OK,1,True,True,0,unknown,1.0,OK,1,True,True,False,ok,
dd9d0e0e-b746-4a9f-83a2-bf0a10e42c44.wav,D:\Projects\My projects\IAAA_Compet\Speaker-identification\data\processed\audio_wav\dd9d0e0e-b746-4a9f-83a2-bf0a10e42c44.wav,"=HYPERLINK(""D:\Projects\My projects\IAAA_Compet\Speaker-identification\data\processed\audio_wav\dd9d0e0e-b746-4a9f-83a2-bf0a10e42c44.wav"",""dd9d0e0e-b746-4a9f-83a2-bf0a10e42c44.wav"")",68.44,unknown,0,unknown,,0,unknown,0.9899,OK,1,True,True,0,unknown,1.0,OK,1,True,True,False,ok,
de6e3f21-e64d-4d8e-a634-c9232dfcfd2d.wav,D:\Projects\My projects\IAAA_Compet\Speaker-identification\data\processed\audio_wav\de6e3f21-e64d-4d8e-a634-c9232dfcfd2d.wav,"=HYPERLINK(""D:\Projects\My projects\IAAA_Compet\Speaker-identification\data\processed\audio_wav\de6e3f21-e64d-4d8e-a634-c9232dfcfd2d.wav"",""de6e3f21-e64d-4d8e-a634-c9232dfcfd2d.wav"")",47.96,known,112,37cab5d7-1f11-46a1-aec6-1d2a3bb81cbf,5,112,37cab5d7-1f11-46a1-aec6-1d2a3bb81cbf,0.938,OK,1,True,True,112,37cab5d7-1f11-46a1-aec6-1d2a3bb81cbf,0.9422,OK,1,True,True,False,ok,
de8fb937-7787-4056-bfe6-91a9f32effaf.wav,D:\Projects\My projects\IAAA_Compet\Speaker-identification\data\processed\audio_wav\de8fb937-7787-4056-bfe6-91a9f32effaf.wav,"=HYPERLINK(""D:\Projects\My projects\IAAA_Compet\Speaker-identification\data\processed\audio_wav\de8fb937-7787-4056-bfe6-91a9f32effaf.wav"",""de8fb937-7787-4056-bfe6-91a9f32effaf.wav"")",88.49,known,114,394052ce-f371-4bc0-93e5-37a7c3fc2540,5,114,394052ce-f371-4bc0-93e5-37a7c3fc2540,0.8821,OK,1,True,True,114,394052ce-f371-4bc0-93e5-37a7c3fc2540,0.8621,OK,1,True,True,False,ok,
debfc9f8-9762-4946-8278-fa77ed6f3541.wav,D:\Projects\My projects\IAAA_Compet\Speaker-identification\data\processed\audio_wav\debfc9f8-9762-4946-8278-fa77ed6f3541.wav,"=HYPERLINK(""D:\Projects\My projects\IAAA_Compet\Speaker-identification\data\processed\audio_wav\debfc9f8-9762-4946-8278-fa77ed6f3541.wav"",""debfc9f8-9762-4946-8278-fa77ed6f3541.wav"")",62.46,known,134,45738d0e-00e3-4033-93a7-382877753691,5,134,45738d0e-00e3-4033-93a7-382877753691,0.9923,OK,1,True,True,134,45738d0e-00e3-4033-93a7-382877753691,0.9968,OK,1,True,True,False,ok,
dedd0966-46bc-41e9-97a1-a73645427c43.wav,D:\Projects\My projects\IAAA_Compet\Speaker-identification\data\processed\audio_wav\dedd0966-46bc-41e9-97a1-a73645427c43.wav,"=HYPERLINK(""D:\Projects\My projects\IAAA_Compet\Speaker-identification\data\processed\audio_wav\dedd0966-46bc-41e9-97a1-a73645427c43.wav"",""dedd0966-46bc-41e9-97a1-a73645427c43.wav"")",73.22,known,347,c58b6567-8ba3-4e56-ab55-be1c73ff85a2,5,347,c58b6567-8ba3-4e56-ab55-be1c73ff85a2,0.9401,OK,1,True,True,347,c58b6567-8ba3-4e56-ab55-be1c73ff85a2,0.9722,OK,1,True,True,False,ok,
df12f57a-8153-4da8-9072-402f4c4a4c87.wav,D:\Projects\My projects\IAAA_Compet\Speaker-identification\data\processed\audio_wav\df12f57a-8153-4da8-9072-402f4c4a4c87.wav,"=HYPERLINK(""D:\Projects\My projects\IAAA_Compet\Speaker-identification\data\processed\audio_wav\df12f57a-8153-4da8-9072-402f4c4a4c87.wav"",""df12f57a-8153-4da8-9072-402f4c4a4c87.wav"")",94.46,unknown,0,unknown,,0,unknown,0.9966,OK,1,True,True,0,unknown,1.0,OK,1,True,True,False,ok,
dfe09023-bc85-4fe2-8dee-2d503237e589.wav,D:\Projects\My projects\IAAA_Compet\Speaker-identification\data\processed\audio_wav\dfe09023-bc85-4fe2-8dee-2d503237e589.wav,"=HYPERLINK(""D:\Projects\My projects\IAAA_Compet\Speaker-identification\data\processed\audio_wav\dfe09023-bc85-4fe2-8dee-2d503237e589.wav"",""dfe09023-bc85-4fe2-8dee-2d503237e589.wav"")",98.65,unknown,0,unknown,,0,unknown,0.9684,OK,1,True,True,0,unknown,0.9319,OK,1,True,True,False,ok,
e024cd91-57c7-49d4-a5f7-f02c2cc57869.wav,D:\Projects\My projects\IAAA_Compet\Speaker-identification\data\processed\audio_wav\e024cd91-57c7-49d4-a5f7-f02c2cc57869.wav,"=HYPERLINK(""D:\Projects\My projects\IAAA_Compet\Speaker-identification\data\processed\audio_wav\e024cd91-57c7-49d4-a5f7-f02c2cc57869.wav"",""e024cd91-57c7-49d4-a5f7-f02c2cc57869.wav"")",61.18,unknown,0,unknown,,0,unknown,0.9938,OK,1,True,True,0,unknown,1.0,OK,1,True,True,False,ok,
e088c355-6437-495f-a695-0779db0b5a95.wav,D:\Projects\My projects\IAAA_Compet\Speaker-identification\data\processed\audio_wav\e088c355-6437-495f-a695-0779db0b5a95.wav,"=HYPERLINK(""D:\Projects\My projects\IAAA_Compet\Speaker-identification\data\processed\audio_wav\e088c355-6437-495f-a695-0779db0b5a95.wav"",""e088c355-6437-495f-a695-0779db0b5a95.wav"")",73.13,unknown,0,unknown,,0,unknown,0.9995,OK,1,True,True,0,unknown,1.0,OK,1,True,True,False,ok,
e0a51a94-2fd5-4ee4-81e7-660b0b052eff.wav,D:\Projects\My projects\IAAA_Compet\Speaker-identification\data\processed\audio_wav\e0a51a94-2fd5-4ee4-81e7-660b0b052eff.wav,"=HYPERLINK(""D:\Projects\My projects\IAAA_Compet\Speaker-identification\data\processed\audio_wav\e0a51a94-2fd5-4ee4-81e7-660b0b052eff.wav"",""e0a51a94-2fd5-4ee4-81e7-660b0b052eff.wav"")",60.25,known,58,1ac20573-0d85-4f20-98e4-89e801083f83,5,58,1ac20573-0d85-4f20-98e4-89e801083f83,0.9995,OK,1,True,True,58,1ac20573-0d85-4f20-98e4-89e801083f83,0.9984,OK,1,True,True,False,ok,
e0f89ab4-d878-4c2c-946c-5d8c9cf598ef.wav,D:\Projects\My projects\IAAA_Compet\Speaker-identification\data\processed\audio_wav\e0f89ab4-d878-4c2c-946c-5d8c9cf598ef.wav,"=HYPERLINK(""D:\Projects\My projects\IAAA_Compet\Speaker-identification\data\processed\audio_wav\e0f89ab4-d878-4c2c-946c-5d8c9cf598ef.wav"",""e0f89ab4-d878-4c2c-946c-5d8c9cf598ef.wav"")",66.47,known,421,f2f91bb8-11a5-4693-aad5-d4aaac8463d4,5,421,f2f91bb8-11a5-4693-aad5-d4aaac8463d4,0.9871,OK,1,True,True,421,f2f91bb8-11a5-4693-aad5-d4aaac8463d4,0.9938,OK,1,True,True,False,ok,
e1463076-60c4-4b45-a621-8406953174ef.wav,D:\Projects\My projects\IAAA_Compet\Speaker-identification\data\processed\audio_wav\e1463076-60c4-4b45-a621-8406953174ef.wav,"=HYPERLINK(""D:\Projects\My projects\IAAA_Compet\Speaker-identification\data\processed\audio_wav\e1463076-60c4-4b45-a621-8406953174ef.wav"",""e1463076-60c4-4b45-a621-8406953174ef.wav"")",85.76,unknown,0,unknown,,0,unknown,0.9401,OK,1,True,True,0,unknown,1.0,OK,1,True,True,False,ok,
e16108e1-d644-4f37-bf52-b6e07d10f0f1.wav,D:\Projects\My projects\IAAA_Compet\Speaker-identification\data\processed\audio_wav\e16108e1-d644-4f37-bf52-b6e07d10f0f1.wav,"=HYPERLINK(""D:\Projects\My projects\IAAA_Compet\Speaker-identification\data\processed\audio_wav\e16108e1-d644-4f37-bf52-b6e07d10f0f1.wav"",""e16108e1-d644-4f37-bf52-b6e07d10f0f1.wav"")",55.47,unknown,0,unknown,,0,unknown,0.9993,OK,1,True,True,0,unknown,0.9993,OK,1,True,True,False,ok,
e1663114-208e-470f-940a-84e6c76e7397.wav,D:\Projects\My projects\IAAA_Compet\Speaker-identification\data\processed\audio_wav\e1663114-208e-470f-940a-84e6c76e7397.wav,"=HYPERLINK(""D:\Projects\My projects\IAAA_Compet\Speaker-identification\data\processed\audio_wav\e1663114-208e-470f-940a-84e6c76e7397.wav"",""e1663114-208e-470f-940a-84e6c76e7397.wav"")",47.27,known,170,5b6fe82c-2add-4123-a1e5-d994a651c445,5,170,5b6fe82c-2add-4123-a1e5-d994a651c445,0.9903,OK,1,True,True,170,5b6fe82c-2add-4123-a1e5-d994a651c445,0.97,OK,1,True,True,False,ok,
e1829c99-0a85-4e33-9b78-02ad0a9b3ebc.wav,D:\Projects\My projects\IAAA_Compet\Speaker-identification\data\processed\audio_wav\e1829c99-0a85-4e33-9b78-02ad0a9b3ebc.wav,"=HYPERLINK(""D:\Projects\My projects\IAAA_Compet\Speaker-identification\data\processed\audio_wav\e1829c99-0a85-4e33-9b78-02ad0a9b3ebc.wav"",""e1829c99-0a85-4e33-9b78-02ad0a9b3ebc.wav"")",84.99,known,31,0fd95007-3582-4a58-a29e-5ad274884bd0,5,31,0fd95007-3582-4a58-a29e-5ad274884bd0,0.9928,OK,1,True,True,31,0fd95007-3582-4a58-a29e-5ad274884bd0,0.9983,OK,1,True,True,False,ok,
e22018ff-b74a-4e31-b98c-7afb8a22b64d.wav,D:\Projects\My projects\IAAA_Compet\Speaker-identification\data\processed\audio_wav\e22018ff-b74a-4e31-b98c-7afb8a22b64d.wav,"=HYPERLINK(""D:\Projects\My projects\IAAA_Compet\Speaker-identification\data\processed\audio_wav\e22018ff-b74a-4e31-b98c-7afb8a22b64d.wav"",""e22018ff-b74a-4e31-b98c-7afb8a22b64d.wav"")",47.36,unknown,0,unknown,,0,unknown,0.9901,OK,1,True,True,0,unknown,1.0,OK,1,True,True,False,ok,
e2454814-97c8-4239-869e-cc47e87d8991.wav,D:\Projects\My projects\IAAA_Compet\Speaker-identification\data\processed\audio_wav\e2454814-97c8-4239-869e-cc47e87d8991.wav,"=HYPERLINK(""D:\Projects\My projects\IAAA_Compet\Speaker-identification\data\processed\audio_wav\e2454814-97c8-4239-869e-cc47e87d8991.wav"",""e2454814-97c8-4239-869e-cc47e87d8991.wav"")",46.25,known,387,d8f834ee-00fd-4180-8ff1-1f800e987841,5,387,d8f834ee-00fd-4180-8ff1-1f800e987841,0.9435,OK,1,True,True,387,d8f834ee-00fd-4180-8ff1-1f800e987841,0.9729,OK,1,True,True,False,ok,
e294f2e9-70a0-449c-b77a-5ac5cf309bba.wav,D:\Projects\My projects\IAAA_Compet\Speaker-identification\data\processed\audio_wav\e294f2e9-70a0-449c-b77a-5ac5cf309bba.wav,"=HYPERLINK(""D:\Projects\My projects\IAAA_Compet\Speaker-identification\data\processed\audio_wav\e294f2e9-70a0-449c-b77a-5ac5cf309bba.wav"",""e294f2e9-70a0-449c-b77a-5ac5cf309bba.wav"")",71.77,known,284,9eff2f0a-75cf-4589-8049-1c555eb624fd,6,284,9eff2f0a-75cf-4589-8049-1c555eb624fd,0.8689,OK,1,True,True,284,9eff2f0a-75cf-4589-8049-1c555eb624fd,0.9724,OK,1,True,True,False,ok,
e302050e-20ea-42ab-b820-ef5ac7fb6292.wav,D:\Projects\My projects\IAAA_Compet\Speaker-identification\data\processed\audio_wav\e302050e-20ea-42ab-b820-ef5ac7fb6292.wav,"=HYPERLINK(""D:\Projects\My projects\IAAA_Compet\Speaker-identification\data\processed\audio_wav\e302050e-20ea-42ab-b820-ef5ac7fb6292.wav"",""e302050e-20ea-42ab-b820-ef5ac7fb6292.wav"")",55.72,known,13,0572d958-bd79-4e82-a2ba-086920399c03,5,13,0572d958-bd79-4e82-a2ba-086920399c03,0.9944,OK,1,True,True,13,0572d958-bd79-4e82-a2ba-086920399c03,0.9937,OK,1,True,True,False,ok,
e320b44d-ed14-4773-b75b-798d6b533789.wav,D:\Projects\My projects\IAAA_Compet\Speaker-identification\data\processed\audio_wav\e320b44d-ed14-4773-b75b-798d6b533789.wav,"=HYPERLINK(""D:\Projects\My projects\IAAA_Compet\Speaker-identification\data\processed\audio_wav\e320b44d-ed14-4773-b75b-798d6b533789.wav"",""e320b44d-ed14-4773-b75b-798d6b533789.wav"")",83.11,known,176,5e05707f-e744-4aa1-8b8b-70c2a1f20aaa,5,176,5e05707f-e744-4aa1-8b8b-70c2a1f20aaa,0.998,OK,1,True,True,176,5e05707f-e744-4aa1-8b8b-70c2a1f20aaa,0.9654,OK,1,True,True,False,ok,
e325e368-3ca1-4f5d-b4ba-7031602fcd7e.wav,D:\Projects\My projects\IAAA_Compet\Speaker-identification\data\processed\audio_wav\e325e368-3ca1-4f5d-b4ba-7031602fcd7e.wav,"=HYPERLINK(""D:\Projects\My projects\IAAA_Compet\Speaker-identification\data\processed\audio_wav\e325e368-3ca1-4f5d-b4ba-7031602fcd7e.wav"",""e325e368-3ca1-4f5d-b4ba-7031602fcd7e.wav"")",73.05,known,67,21739d9d-66dc-4215-acb1-412f1e60fecf,5,67,21739d9d-66dc-4215-acb1-412f1e60fecf,0.9474,OK,1,True,True,67,21739d9d-66dc-4215-acb1-412f1e60fecf,0.9533,OK,1,True,True,False,ok,
e32cd55d-d038-4c56-b31e-e6bc4d32b8f6.wav,D:\Projects\My projects\IAAA_Compet\Speaker-identification\data\processed\audio_wav\e32cd55d-d038-4c56-b31e-e6bc4d32b8f6.wav,"=HYPERLINK(""D:\Projects\My projects\IAAA_Compet\Speaker-identification\data\processed\audio_wav\e32cd55d-d038-4c56-b31e-e6bc4d32b8f6.wav"",""e32cd55d-d038-4c56-b31e-e6bc4d32b8f6.wav"")",45.91,unknown,0,unknown,,0,unknown,0.9982,OK,1,True,True,0,unknown,1.0,OK,1,True,True,False,ok,
e34324a8-2608-49e5-9335-b24f234bdb37.wav,D:\Projects\My projects\IAAA_Compet\Speaker-identification\data\processed\audio_wav\e34324a8-2608-49e5-9335-b24f234bdb37.wav,"=HYPERLINK(""D:\Projects\My projects\IAAA_Compet\Speaker-identification\data\processed\audio_wav\e34324a8-2608-49e5-9335-b24f234bdb37.wav"",""e34324a8-2608-49e5-9335-b24f234bdb37.wav"")",61.1,known,68,2188ddb6-d193-4359-9f72-f14c119f90d1,5,68,2188ddb6-d193-4359-9f72-f14c119f90d1,0.8278,OK,1,True,True,68,2188ddb6-d193-4359-9f72-f14c119f90d1,0.919,OK,1,True,True,False,ok,
e38689e1-b089-4cf0-ac87-13e3d7b4d56d.wav,D:\Projects\My projects\IAAA_Compet\Speaker-identification\data\processed\audio_wav\e38689e1-b089-4cf0-ac87-13e3d7b4d56d.wav,"=HYPERLINK(""D:\Projects\My projects\IAAA_Compet\Speaker-identification\data\processed\audio_wav\e38689e1-b089-4cf0-ac87-13e3d7b4d56d.wav"",""e38689e1-b089-4cf0-ac87-13e3d7b4d56d.wav"")",60.93,known,43,1669ecb1-7cc7-45be-9f87-1ab06b93937a,5,43,1669ecb1-7cc7-45be-9f87-1ab06b93937a,0.993,OK,1,True,True,43,1669ecb1-7cc7-45be-9f87-1ab06b93937a,0.9687,OK,1,True,True,False,ok,
e4a0c84c-20ba-4d8b-bf8c-7551431ae394.wav,D:\Projects\My projects\IAAA_Compet\Speaker-identification\data\processed\audio_wav\e4a0c84c-20ba-4d8b-bf8c-7551431ae394.wav,"=HYPERLINK(""D:\Projects\My projects\IAAA_Compet\Speaker-identification\data\processed\audio_wav\e4a0c84c-20ba-4d8b-bf8c-7551431ae394.wav"",""e4a0c84c-20ba-4d8b-bf8c-7551431ae394.wav"")",58.79,known,234,82e479a2-4450-446e-ada9-2f305d3b631a,5,234,82e479a2-4450-446e-ada9-2f305d3b631a,0.8748,OK,1,True,True,234,82e479a2-4450-446e-ada9-2f305d3b631a,0.9455,OK,1,True,True,False,ok,
e4b4192f-a141-4188-b2f0-7352047c3a98.wav,D:\Projects\My projects\IAAA_Compet\Speaker-identification\data\processed\audio_wav\e4b4192f-a141-4188-b2f0-7352047c3a98.wav,"=HYPERLINK(""D:\Projects\My projects\IAAA_Compet\Speaker-identification\data\processed\audio_wav\e4b4192f-a141-4188-b2f0-7352047c3a98.wav"",""e4b4192f-a141-4188-b2f0-7352047c3a98.wav"")",61.1,known,339,c267f0f7-14ef-4cbc-bef2-5e3bbe3ed00f,5,339,c267f0f7-14ef-4cbc-bef2-5e3bbe3ed00f,0.9933,OK,1,True,True,339,c267f0f7-14ef-4cbc-bef2-5e3bbe3ed00f,0.9952,OK,1,True,True,False,ok,
e4b9823c-48ed-457a-a7ab-6ad931c5ac70.wav,D:\Projects\My projects\IAAA_Compet\Speaker-identification\data\processed\audio_wav\e4b9823c-48ed-457a-a7ab-6ad931c5ac70.wav,"=HYPERLINK(""D:\Projects\My projects\IAAA_Compet\Speaker-identification\data\processed\audio_wav\e4b9823c-48ed-457a-a7ab-6ad931c5ac70.wav"",""e4b9823c-48ed-457a-a7ab-6ad931c5ac70.wav"")",58.45,unknown,0,unknown,,0,unknown,0.9994,OK,1,True,True,0,unknown,1.0,OK,1,True,True,False,ok,
e5445787-7a86-4c68-bad9-929f83164cec.wav,D:\Projects\My projects\IAAA_Compet\Speaker-identification\data\processed\audio_wav\e5445787-7a86-4c68-bad9-929f83164cec.wav,"=HYPERLINK(""D:\Projects\My projects\IAAA_Compet\Speaker-identification\data\processed\audio_wav\e5445787-7a86-4c68-bad9-929f83164cec.wav"",""e5445787-7a86-4c68-bad9-929f83164cec.wav"")",50.18,known,215,7b973ebf-e91c-4f33-881f-39c3e97db61f,5,215,7b973ebf-e91c-4f33-881f-39c3e97db61f,0.993,OK,1,True,True,215,7b973ebf-e91c-4f33-881f-39c3e97db61f,0.9225,OK,1,True,True,False,ok,
e553d06e-07fb-48da-83aa-a00894b97393.wav,D:\Projects\My projects\IAAA_Compet\Speaker-identification\data\processed\audio_wav\e553d06e-07fb-48da-83aa-a00894b97393.wav,"=HYPERLINK(""D:\Projects\My projects\IAAA_Compet\Speaker-identification\data\processed\audio_wav\e553d06e-07fb-48da-83aa-a00894b97393.wav"",""e553d06e-07fb-48da-83aa-a00894b97393.wav"")",73.3,unknown,0,unknown,,0,unknown,0.9232,OK,1,True,True,0,unknown,1.0,OK,1,True,True,False,ok,
e59ac8c8-d539-4655-ba08-a56f59821079.wav,D:\Projects\My projects\IAAA_Compet\Speaker-identification\data\processed\audio_wav\e59ac8c8-d539-4655-ba08-a56f59821079.wav,"=HYPERLINK(""D:\Projects\My projects\IAAA_Compet\Speaker-identification\data\processed\audio_wav\e59ac8c8-d539-4655-ba08-a56f59821079.wav"",""e59ac8c8-d539-4655-ba08-a56f59821079.wav"")",52.57,unknown,0,unknown,,0,unknown,0.9985,OK,1,True,True,0,unknown,1.0,OK,1,True,True,False,ok,
e5bc32a4-7435-410b-b0e2-23e5f9ced555.wav,D:\Projects\My projects\IAAA_Compet\Speaker-identification\data\processed\audio_wav\e5bc32a4-7435-410b-b0e2-23e5f9ced555.wav,"=HYPERLINK(""D:\Projects\My projects\IAAA_Compet\Speaker-identification\data\processed\audio_wav\e5bc32a4-7435-410b-b0e2-23e5f9ced555.wav"",""e5bc32a4-7435-410b-b0e2-23e5f9ced555.wav"")",50.01,known,283,9e635f16-8afb-48dd-b8c6-29fee5a12540,5,283,9e635f16-8afb-48dd-b8c6-29fee5a12540,0.994,OK,1,True,True,283,9e635f16-8afb-48dd-b8c6-29fee5a12540,0.9715,OK,1,True,True,False,ok,
e5be3145-516a-4a12-bb44-99baa9c2f887.wav,D:\Projects\My projects\IAAA_Compet\Speaker-identification\data\processed\audio_wav\e5be3145-516a-4a12-bb44-99baa9c2f887.wav,"=HYPERLINK(""D:\Projects\My projects\IAAA_Compet\Speaker-identification\data\processed\audio_wav\e5be3145-516a-4a12-bb44-99baa9c2f887.wav"",""e5be3145-516a-4a12-bb44-99baa9c2f887.wav"")",40.7,unknown,0,unknown,,0,unknown,0.869,OK,1,True,True,0,unknown,0.9999,OK,1,True,True,False,ok,
e5dcdce5-35d7-4a1d-80b9-661d2f028296.wav,D:\Projects\My projects\IAAA_Compet\Speaker-identification\data\processed\audio_wav\e5dcdce5-35d7-4a1d-80b9-661d2f028296.wav,"=HYPERLINK(""D:\Projects\My projects\IAAA_Compet\Speaker-identification\data\processed\audio_wav\e5dcdce5-35d7-4a1d-80b9-661d2f028296.wav"",""e5dcdce5-35d7-4a1d-80b9-661d2f028296.wav"")",51.71,known,278,99dbca4d-37d0-40eb-997d-68ead015f4df,5,278,99dbca4d-37d0-40eb-997d-68ead015f4df,0.9826,OK,1,True,True,278,99dbca4d-37d0-40eb-997d-68ead015f4df,0.998,OK,1,True,True,False,ok,
e62dd529-f37f-4a51-be2e-fb84a278490f.wav,D:\Projects\My projects\IAAA_Compet\Speaker-identification\data\processed\audio_wav\e62dd529-f37f-4a51-be2e-fb84a278490f.wav,"=HYPERLINK(""D:\Projects\My projects\IAAA_Compet\Speaker-identification\data\processed\audio_wav\e62dd529-f37f-4a51-be2e-fb84a278490f.wav"",""e62dd529-f37f-4a51-be2e-fb84a278490f.wav"")",83.46,unknown,0,unknown,,0,unknown,0.9982,OK,1,True,True,0,unknown,1.0,OK,1,True,True,False,ok,
e6733aa3-5fbd-401d-803e-7e2b8fbe8ad3.wav,D:\Projects\My projects\IAAA_Compet\Speaker-identification\data\processed\audio_wav\e6733aa3-5fbd-401d-803e-7e2b8fbe8ad3.wav,"=HYPERLINK(""D:\Projects\My projects\IAAA_Compet\Speaker-identification\data\processed\audio_wav\e6733aa3-5fbd-401d-803e-7e2b8fbe8ad3.wav"",""e6733aa3-5fbd-401d-803e-7e2b8fbe8ad3.wav"")",58.37,known,400,e047bdb9-95b6-4468-adee-a200184291e4,5,400,e047bdb9-95b6-4468-adee-a200184291e4,0.9932,OK,1,True,True,400,e047bdb9-95b6-4468-adee-a200184291e4,0.9812,OK,1,True,True,False,ok,
e6a41a2f-667b-4418-8348-3ac599b573e6.wav,D:\Projects\My projects\IAAA_Compet\Speaker-identification\data\processed\audio_wav\e6a41a2f-667b-4418-8348-3ac599b573e6.wav,"=HYPERLINK(""D:\Projects\My projects\IAAA_Compet\Speaker-identification\data\processed\audio_wav\e6a41a2f-667b-4418-8348-3ac599b573e6.wav"",""e6a41a2f-667b-4418-8348-3ac599b573e6.wav"")",57.0,unknown,0,unknown,,0,unknown,0.8654,OK,1,True,True,0,unknown,1.0,OK,1,True,True,False,ok,
e6acffc3-8e14-4a16-b081-93616f413535.wav,D:\Projects\My projects\IAAA_Compet\Speaker-identification\data\processed\audio_wav\e6acffc3-8e14-4a16-b081-93616f413535.wav,"=HYPERLINK(""D:\Projects\My projects\IAAA_Compet\Speaker-identification\data\processed\audio_wav\e6acffc3-8e14-4a16-b081-93616f413535.wav"",""e6acffc3-8e14-4a16-b081-93616f413535.wav"")",47.53,known,26,0d53796f-4346-493e-8142-8917b1105c24,5,26,0d53796f-4346-493e-8142-8917b1105c24,0.9194,OK,1,True,True,26,0d53796f-4346-493e-8142-8917b1105c24,0.9642,OK,1,True,True,False,ok,
e6e33b97-683c-4587-b2cc-522afadaa2a2.wav,D:\Projects\My projects\IAAA_Compet\Speaker-identification\data\processed\audio_wav\e6e33b97-683c-4587-b2cc-522afadaa2a2.wav,"=HYPERLINK(""D:\Projects\My projects\IAAA_Compet\Speaker-identification\data\processed\audio_wav\e6e33b97-683c-4587-b2cc-522afadaa2a2.wav"",""e6e33b97-683c-4587-b2cc-522afadaa2a2.wav"")",71.77,known,5,01f4b32b-8480-49ac-bbfe-7dcffa923b1a,5,5,01f4b32b-8480-49ac-bbfe-7dcffa923b1a,0.9957,OK,1,True,True,5,01f4b32b-8480-49ac-bbfe-7dcffa923b1a,0.974,OK,1,True,True,False,ok,
e72198ee-f703-4920-aa8b-659353bb7fd8.wav,D:\Projects\My projects\IAAA_Compet\Speaker-identification\data\processed\audio_wav\e72198ee-f703-4920-aa8b-659353bb7fd8.wav,"=HYPERLINK(""D:\Projects\My projects\IAAA_Compet\Speaker-identification\data\processed\audio_wav\e72198ee-f703-4920-aa8b-659353bb7fd8.wav"",""e72198ee-f703-4920-aa8b-659353bb7fd8.wav"")",44.54,unknown,0,unknown,,0,unknown,0.9673,OK,1,True,True,0,unknown,0.9975,OK,1,True,True,False,ok,
e7cd0941-87c5-48f2-97bb-cd8c3641b33a.wav,D:\Projects\My projects\IAAA_Compet\Speaker-identification\data\processed\audio_wav\e7cd0941-87c5-48f2-97bb-cd8c3641b33a.wav,"=HYPERLINK(""D:\Projects\My projects\IAAA_Compet\Speaker-identification\data\processed\audio_wav\e7cd0941-87c5-48f2-97bb-cd8c3641b33a.wav"",""e7cd0941-87c5-48f2-97bb-cd8c3641b33a.wav"")",64.85,unknown,0,unknown,,0,unknown,0.9778,OK,1,True,True,0,unknown,1.0,OK,1,True,True,False,ok,
e7efe451-9e39-43ee-95cf-0b92cdca570a.wav,D:\Projects\My projects\IAAA_Compet\Speaker-identification\data\processed\audio_wav\e7efe451-9e39-43ee-95cf-0b92cdca570a.wav,"=HYPERLINK(""D:\Projects\My projects\IAAA_Compet\Speaker-identification\data\processed\audio_wav\e7efe451-9e39-43ee-95cf-0b92cdca570a.wav"",""e7efe451-9e39-43ee-95cf-0b92cdca570a.wav"")",85.85,known,35,11d93fe3-cc12-411b-930e-c2bd1bbcc082,5,35,11d93fe3-cc12-411b-930e-c2bd1bbcc082,0.9912,OK,1,True,True,35,11d93fe3-cc12-411b-930e-c2bd1bbcc082,0.9932,OK,1,True,True,False,ok,
e9082d38-ba0c-4345-b5ed-f76537b2c79b.wav,D:\Projects\My projects\IAAA_Compet\Speaker-identification\data\processed\audio_wav\e9082d38-ba0c-4345-b5ed-f76537b2c79b.wav,"=HYPERLINK(""D:\Projects\My projects\IAAA_Compet\Speaker-identification\data\processed\audio_wav\e9082d38-ba0c-4345-b5ed-f76537b2c79b.wav"",""e9082d38-ba0c-4345-b5ed-f76537b2c79b.wav"")",82.35,unknown,0,unknown,,0,unknown,0.9512,OK,1,True,True,0,unknown,1.0,OK,1,True,True,False,ok,
e9092737-2b04-4078-bc2b-a71c07b8a670.wav,D:\Projects\My projects\IAAA_Compet\Speaker-identification\data\processed\audio_wav\e9092737-2b04-4078-bc2b-a71c07b8a670.wav,"=HYPERLINK(""D:\Projects\My projects\IAAA_Compet\Speaker-identification\data\processed\audio_wav\e9092737-2b04-4078-bc2b-a71c07b8a670.wav"",""e9092737-2b04-4078-bc2b-a71c07b8a670.wav"")",55.72,unknown,0,unknown,,0,unknown,0.9961,OK,1,True,True,0,unknown,1.0,OK,1,True,True,False,ok,
e91c28c5-f18f-4436-a7d6-39be25dbf64f.wav,D:\Projects\My projects\IAAA_Compet\Speaker-identification\data\processed\audio_wav\e91c28c5-f18f-4436-a7d6-39be25dbf64f.wav,"=HYPERLINK(""D:\Projects\My projects\IAAA_Compet\Speaker-identification\data\processed\audio_wav\e91c28c5-f18f-4436-a7d6-39be25dbf64f.wav"",""e91c28c5-f18f-4436-a7d6-39be25dbf64f.wav"")",53.08,unknown,0,unknown,,0,unknown,0.7378,OK,1,True,True,0,unknown,1.0,OK,1,True,True,False,ok,
e9576c28-2049-4508-a2f9-c1002ecf179e.wav,D:\Projects\My projects\IAAA_Compet\Speaker-identification\data\processed\audio_wav\e9576c28-2049-4508-a2f9-c1002ecf179e.wav,"=HYPERLINK(""D:\Projects\My projects\IAAA_Compet\Speaker-identification\data\processed\audio_wav\e9576c28-2049-4508-a2f9-c1002ecf179e.wav"",""e9576c28-2049-4508-a2f9-c1002ecf179e.wav"")",58.97,known,169,5af4d746-c3b9-426b-b4f6-ac84ce901a42,5,169,5af4d746-c3b9-426b-b4f6-ac84ce901a42,0.9771,OK,1,True,True,169,5af4d746-c3b9-426b-b4f6-ac84ce901a42,0.9936,OK,1,True,True,False,ok,
e97a9ef5-4454-4932-9c01-afc11827569d.wav,D:\Projects\My projects\IAAA_Compet\Speaker-identification\data\processed\audio_wav\e97a9ef5-4454-4932-9c01-afc11827569d.wav,"=HYPERLINK(""D:\Projects\My projects\IAAA_Compet\Speaker-identification\data\processed\audio_wav\e97a9ef5-4454-4932-9c01-afc11827569d.wav"",""e97a9ef5-4454-4932-9c01-afc11827569d.wav"")",99.24,unknown,0,unknown,,0,unknown,0.997,OK,1,True,True,0,unknown,0.9997,OK,1,True,True,False,ok,
e9f64d48-6be0-4ac1-a136-a8b8785c2b87.wav,D:\Projects\My projects\IAAA_Compet\Speaker-identification\data\processed\audio_wav\e9f64d48-6be0-4ac1-a136-a8b8785c2b87.wav,"=HYPERLINK(""D:\Projects\My projects\IAAA_Compet\Speaker-identification\data\processed\audio_wav\e9f64d48-6be0-4ac1-a136-a8b8785c2b87.wav"",""e9f64d48-6be0-4ac1-a136-a8b8785c2b87.wav"")",69.29,known,423,f341fcfb-d0d1-4473-939d-bfbf9cd63803,5,423,f341fcfb-d0d1-4473-939d-bfbf9cd63803,0.9929,OK,1,True,True,423,f341fcfb-d0d1-4473-939d-bfbf9cd63803,0.9811,OK,1,True,True,False,ok,
ea1b2540-40dd-430a-baa5-554cbe95ec3c.wav,D:\Projects\My projects\IAAA_Compet\Speaker-identification\data\processed\audio_wav\ea1b2540-40dd-430a-baa5-554cbe95ec3c.wav,"=HYPERLINK(""D:\Projects\My projects\IAAA_Compet\Speaker-identification\data\processed\audio_wav\ea1b2540-40dd-430a-baa5-554cbe95ec3c.wav"",""ea1b2540-40dd-430a-baa5-554cbe95ec3c.wav"")",54.02,unknown,0,unknown,,0,unknown,0.55,OK,1,True,True,0,unknown,0.9998,OK,1,True,True,False,ok,
eae398cb-1cff-46cb-8fda-bce7be563600.wav,D:\Projects\My projects\IAAA_Compet\Speaker-identification\data\processed\audio_wav\eae398cb-1cff-46cb-8fda-bce7be563600.wav,"=HYPERLINK(""D:\Projects\My projects\IAAA_Compet\Speaker-identification\data\processed\audio_wav\eae398cb-1cff-46cb-8fda-bce7be563600.wav"",""eae398cb-1cff-46cb-8fda-bce7be563600.wav"")",42.84,known,298,a64ac994-a39a-4362-87d4-24478f25bd49,5,298,a64ac994-a39a-4362-87d4-24478f25bd49,0.9673,OK,1,True,True,298,a64ac994-a39a-4362-87d4-24478f25bd49,0.9192,OK,1,True,True,False,ok,
eb620406-708a-4c66-b58c-1d3b47cad541.wav,D:\Projects\My projects\IAAA_Compet\Speaker-identification\data\processed\audio_wav\eb620406-708a-4c66-b58c-1d3b47cad541.wav,"=HYPERLINK(""D:\Projects\My projects\IAAA_Compet\Speaker-identification\data\processed\audio_wav\eb620406-708a-4c66-b58c-1d3b47cad541.wav"",""eb620406-708a-4c66-b58c-1d3b47cad541.wav"")",54.78,known,378,d4c2020a-454b-4866-9c0c-2a623d2322b4,5,378,d4c2020a-454b-4866-9c0c-2a623d2322b4,0.9896,OK,1,True,True,378,d4c2020a-454b-4866-9c0c-2a623d2322b4,0.9869,OK,1,True,True,False,ok,
ec160065-a01f-48e8-94cd-7caff0fe42ee.wav,D:\Projects\My projects\IAAA_Compet\Speaker-identification\data\processed\audio_wav\ec160065-a01f-48e8-94cd-7caff0fe42ee.wav,"=HYPERLINK(""D:\Projects\My projects\IAAA_Compet\Speaker-identification\data\processed\audio_wav\ec160065-a01f-48e8-94cd-7caff0fe42ee.wav"",""ec160065-a01f-48e8-94cd-7caff0fe42ee.wav"")",58.28,known,152,516bf4f3-91eb-41d2-8f2e-ee46c3ffe10d,5,152,516bf4f3-91eb-41d2-8f2e-ee46c3ffe10d,0.8797,OK,1,True,True,152,516bf4f3-91eb-41d2-8f2e-ee46c3ffe10d,0.981,OK,1,True,True,False,ok,
ec26b215-6105-436f-a92c-8f4ccab5c776.wav,D:\Projects\My projects\IAAA_Compet\Speaker-identification\data\processed\audio_wav\ec26b215-6105-436f-a92c-8f4ccab5c776.wav,"=HYPERLINK(""D:\Projects\My projects\IAAA_Compet\Speaker-identification\data\processed\audio_wav\ec26b215-6105-436f-a92c-8f4ccab5c776.wav"",""ec26b215-6105-436f-a92c-8f4ccab5c776.wav"")",51.37,known,445,fd6775af-fe15-4fee-8f3e-bba77b493d45,5,445,fd6775af-fe15-4fee-8f3e-bba77b493d45,0.9986,OK,1,True,True,445,fd6775af-fe15-4fee-8f3e-bba77b493d45,0.942,OK,1,True,True,False,ok,
ec7f0d40-d8a3-4add-af15-26c93be886b3.wav,D:\Projects\My projects\IAAA_Compet\Speaker-identification\data\processed\audio_wav\ec7f0d40-d8a3-4add-af15-26c93be886b3.wav,"=HYPERLINK(""D:\Projects\My projects\IAAA_Compet\Speaker-identification\data\processed\audio_wav\ec7f0d40-d8a3-4add-af15-26c93be886b3.wav"",""ec7f0d40-d8a3-4add-af15-26c93be886b3.wav"")",72.36,unknown,0,unknown,,0,unknown,0.9895,OK,1,True,True,0,unknown,1.0,OK,1,True,True,False,ok,
ec81d637-974b-4e2c-aced-a21bb19eaba3.wav,D:\Projects\My projects\IAAA_Compet\Speaker-identification\data\processed\audio_wav\ec81d637-974b-4e2c-aced-a21bb19eaba3.wav,"=HYPERLINK(""D:\Projects\My projects\IAAA_Compet\Speaker-identification\data\processed\audio_wav\ec81d637-974b-4e2c-aced-a21bb19eaba3.wav"",""ec81d637-974b-4e2c-aced-a21bb19eaba3.wav"")",63.49,known,119,3cd064f5-61bd-4987-b10c-8a1d17ec204a,5,119,3cd064f5-61bd-4987-b10c-8a1d17ec204a,0.9992,OK,1,True,True,119,3cd064f5-61bd-4987-b10c-8a1d17ec204a,0.9994,OK,1,True,True,False,ok,
ecee53f8-e9c7-4ed1-8995-9a055845c8c0.wav,D:\Projects\My projects\IAAA_Compet\Speaker-identification\data\processed\audio_wav\ecee53f8-e9c7-4ed1-8995-9a055845c8c0.wav,"=HYPERLINK(""D:\Projects\My projects\IAAA_Compet\Speaker-identification\data\processed\audio_wav\ecee53f8-e9c7-4ed1-8995-9a055845c8c0.wav"",""ecee53f8-e9c7-4ed1-8995-9a055845c8c0.wav"")",66.99,known,281,9c50b542-576b-4526-8635-b39f388d607f,5,281,9c50b542-576b-4526-8635-b39f388d607f,0.9996,OK,1,True,True,281,9c50b542-576b-4526-8635-b39f388d607f,0.9926,OK,1,True,True,False,ok,
ed227c9a-3948-4947-8707-827e628adfe7.wav,D:\Projects\My projects\IAAA_Compet\Speaker-identification\data\processed\audio_wav\ed227c9a-3948-4947-8707-827e628adfe7.wav,"=HYPERLINK(""D:\Projects\My projects\IAAA_Compet\Speaker-identification\data\processed\audio_wav\ed227c9a-3948-4947-8707-827e628adfe7.wav"",""ed227c9a-3948-4947-8707-827e628adfe7.wav"")",60.16,unknown,0,unknown,,0,unknown,0.9608,OK,1,True,True,0,unknown,1.0,OK,1,True,True,False,ok,
ed3b48f9-3915-49f2-970f-a2f84c23bc9f.wav,D:\Projects\My projects\IAAA_Compet\Speaker-identification\data\processed\audio_wav\ed3b48f9-3915-49f2-970f-a2f84c23bc9f.wav,"=HYPERLINK(""D:\Projects\My projects\IAAA_Compet\Speaker-identification\data\processed\audio_wav\ed3b48f9-3915-49f2-970f-a2f84c23bc9f.wav"",""ed3b48f9-3915-49f2-970f-a2f84c23bc9f.wav"")",68.95,known,433,f73fa075-2f70-492a-b7d3-96666a53cd36,5,433,f73fa075-2f70-492a-b7d3-96666a53cd36,0.9874,OK,1,True,True,433,f73fa075-2f70-492a-b7d3-96666a53cd36,0.9305,OK,1,True,True,False,ok,
ed51aaca-4f89-4763-81c1-0fc6a3dc8d57.wav,D:\Projects\My projects\IAAA_Compet\Speaker-identification\data\processed\audio_wav\ed51aaca-4f89-4763-81c1-0fc6a3dc8d57.wav,"=HYPERLINK(""D:\Projects\My projects\IAAA_Compet\Speaker-identification\data\processed\audio_wav\ed51aaca-4f89-4763-81c1-0fc6a3dc8d57.wav"",""ed51aaca-4f89-4763-81c1-0fc6a3dc8d57.wav"")",88.15,known,389,d97da0b7-223e-4ab6-9235-3b4336450780,5,389,d97da0b7-223e-4ab6-9235-3b4336450780,0.6638,OK,1,True,True,389,d97da0b7-223e-4ab6-9235-3b4336450780,0.9863,OK,1,True,True,False,ok,
eecafc58-b667-4883-b5f5-701e134d5e74.wav,D:\Projects\My projects\IAAA_Compet\Speaker-identification\data\processed\audio_wav\eecafc58-b667-4883-b5f5-701e134d5e74.wav,"=HYPERLINK(""D:\Projects\My projects\IAAA_Compet\Speaker-identification\data\processed\audio_wav\eecafc58-b667-4883-b5f5-701e134d5e74.wav"",""eecafc58-b667-4883-b5f5-701e134d5e74.wav"")",75.09,known,399,e0402026-a292-4b47-a8ba-fabb476f9a40,6,399,e0402026-a292-4b47-a8ba-fabb476f9a40,0.9934,OK,1,True,True,399,e0402026-a292-4b47-a8ba-fabb476f9a40,0.9957,OK,1,True,True,False,ok,
eee4ca09-7233-4265-b573-989c9eddfda3.wav,D:\Projects\My projects\IAAA_Compet\Speaker-identification\data\processed\audio_wav\eee4ca09-7233-4265-b573-989c9eddfda3.wav,"=HYPERLINK(""D:\Projects\My projects\IAAA_Compet\Speaker-identification\data\processed\audio_wav\eee4ca09-7233-4265-b573-989c9eddfda3.wav"",""eee4ca09-7233-4265-b573-989c9eddfda3.wav"")",63.91,unknown,0,unknown,,0,unknown,0.9663,OK,1,True,True,0,unknown,1.0,OK,1,True,True,False,ok,
ef0fc420-24b0-41c9-9896-4c3734a9c616.wav,D:\Projects\My projects\IAAA_Compet\Speaker-identification\data\processed\audio_wav\ef0fc420-24b0-41c9-9896-4c3734a9c616.wav,"=HYPERLINK(""D:\Projects\My projects\IAAA_Compet\Speaker-identification\data\processed\audio_wav\ef0fc420-24b0-41c9-9896-4c3734a9c616.wav"",""ef0fc420-24b0-41c9-9896-4c3734a9c616.wav"")",44.89,unknown,0,unknown,,0,unknown,1.0,OK,1,True,True,0,unknown,1.0,OK,1,True,True,False,ok,
efff506a-04cd-47ca-9890-d82615d234f5.wav,D:\Projects\My projects\IAAA_Compet\Speaker-identification\data\processed\audio_wav\efff506a-04cd-47ca-9890-d82615d234f5.wav,"=HYPERLINK(""D:\Projects\My projects\IAAA_Compet\Speaker-identification\data\processed\audio_wav\efff506a-04cd-47ca-9890-d82615d234f5.wav"",""efff506a-04cd-47ca-9890-d82615d234f5.wav"")",57.86,known,225,80177885-07ef-465c-bda1-5af3152a7191,5,225,80177885-07ef-465c-bda1-5af3152a7191,0.9029,OK,1,True,True,225,80177885-07ef-465c-bda1-5af3152a7191,0.9419,OK,1,True,True,False,ok,
f023889b-bd8a-47a7-af06-8a7f649c82da.wav,D:\Projects\My projects\IAAA_Compet\Speaker-identification\data\processed\audio_wav\f023889b-bd8a-47a7-af06-8a7f649c82da.wav,"=HYPERLINK(""D:\Projects\My projects\IAAA_Compet\Speaker-identification\data\processed\audio_wav\f023889b-bd8a-47a7-af06-8a7f649c82da.wav"",""f023889b-bd8a-47a7-af06-8a7f649c82da.wav"")",57.77,unknown,0,unknown,,0,unknown,0.8917,OK,1,True,True,0,unknown,1.0,OK,1,True,True,False,ok,
f085b264-77e8-448f-b1af-162238358b4d.wav,D:\Projects\My projects\IAAA_Compet\Speaker-identification\data\processed\audio_wav\f085b264-77e8-448f-b1af-162238358b4d.wav,"=HYPERLINK(""D:\Projects\My projects\IAAA_Compet\Speaker-identification\data\processed\audio_wav\f085b264-77e8-448f-b1af-162238358b4d.wav"",""f085b264-77e8-448f-b1af-162238358b4d.wav"")",94.81,known,12,053d6772-bc37-48ad-98a7-a6f42252a0b7,5,12,053d6772-bc37-48ad-98a7-a6f42252a0b7,0.807,OK,1,True,True,12,053d6772-bc37-48ad-98a7-a6f42252a0b7,0.987,OK,1,True,True,False,ok,
f0ddfa00-c328-46e5-b52c-d8f4589b1800.wav,D:\Projects\My projects\IAAA_Compet\Speaker-identification\data\processed\audio_wav\f0ddfa00-c328-46e5-b52c-d8f4589b1800.wav,"=HYPERLINK(""D:\Projects\My projects\IAAA_Compet\Speaker-identification\data\processed\audio_wav\f0ddfa00-c328-46e5-b52c-d8f4589b1800.wav"",""f0ddfa00-c328-46e5-b52c-d8f4589b1800.wav"")",65.37,unknown,0,unknown,,0,unknown,0.8064,OK,1,True,True,0,unknown,1.0,OK,1,True,True,False,ok,
f112b484-1b6b-4f96-bca6-b056b69c2628.wav,D:\Projects\My projects\IAAA_Compet\Speaker-identification\data\processed\audio_wav\f112b484-1b6b-4f96-bca6-b056b69c2628.wav,"=HYPERLINK(""D:\Projects\My projects\IAAA_Compet\Speaker-identification\data\processed\audio_wav\f112b484-1b6b-4f96-bca6-b056b69c2628.wav"",""f112b484-1b6b-4f96-bca6-b056b69c2628.wav"")",41.98,known,250,89221a65-83e3-4f7a-8978-8797442972a6,6,250,89221a65-83e3-4f7a-8978-8797442972a6,0.9975,OK,1,True,True,250,89221a65-83e3-4f7a-8978-8797442972a6,0.9963,OK,1,True,True,False,ok,
f1326028-d20f-4c08-82b0-74b8c5f75fd7.wav,D:\Projects\My projects\IAAA_Compet\Speaker-identification\data\processed\audio_wav\f1326028-d20f-4c08-82b0-74b8c5f75fd7.wav,"=HYPERLINK(""D:\Projects\My projects\IAAA_Compet\Speaker-identification\data\processed\audio_wav\f1326028-d20f-4c08-82b0-74b8c5f75fd7.wav"",""f1326028-d20f-4c08-82b0-74b8c5f75fd7.wav"")",75.43,known,224,8008f326-6ab3-426b-8991-3c8eb0481e67,5,224,8008f326-6ab3-426b-8991-3c8eb0481e67,0.9595,OK,1,True,True,224,8008f326-6ab3-426b-8991-3c8eb0481e67,0.9978,OK,1,True,True,False,ok,
f134e8bd-500f-4f67-b9da-4236ebb44bca.wav,D:\Projects\My projects\IAAA_Compet\Speaker-identification\data\processed\audio_wav\f134e8bd-500f-4f67-b9da-4236ebb44bca.wav,"=HYPERLINK(""D:\Projects\My projects\IAAA_Compet\Speaker-identification\data\processed\audio_wav\f134e8bd-500f-4f67-b9da-4236ebb44bca.wav"",""f134e8bd-500f-4f67-b9da-4236ebb44bca.wav"")",59.99,known,353,c88f4252-ec47-4fce-8389-072241027024,5,353,c88f4252-ec47-4fce-8389-072241027024,0.8412,OK,1,True,True,353,c88f4252-ec47-4fce-8389-072241027024,0.9846,OK,1,True,True,False,ok,
f1538609-0af9-4c12-8b99-6113db098cd2.wav,D:\Projects\My projects\IAAA_Compet\Speaker-identification\data\processed\audio_wav\f1538609-0af9-4c12-8b99-6113db098cd2.wav,"=HYPERLINK(""D:\Projects\My projects\IAAA_Compet\Speaker-identification\data\processed\audio_wav\f1538609-0af9-4c12-8b99-6113db098cd2.wav"",""f1538609-0af9-4c12-8b99-6113db098cd2.wav"")",73.9,unknown,0,unknown,,0,unknown,0.9974,OK,1,True,True,0,unknown,1.0,OK,1,True,True,False,ok,
f163e2fd-8ec2-42a5-ae9e-dc7f72e49010.wav,D:\Projects\My projects\IAAA_Compet\Speaker-identification\data\processed\audio_wav\f163e2fd-8ec2-42a5-ae9e-dc7f72e49010.wav,"=HYPERLINK(""D:\Projects\My projects\IAAA_Compet\Speaker-identification\data\processed\audio_wav\f163e2fd-8ec2-42a5-ae9e-dc7f72e49010.wav"",""f163e2fd-8ec2-42a5-ae9e-dc7f72e49010.wav"")",71.34,unknown,0,unknown,,0,unknown,0.9997,OK,1,True,True,0,unknown,1.0,OK,1,True,True,False,ok,
f16844e7-46c9-41a2-8185-299424cf2cca.wav,D:\Projects\My projects\IAAA_Compet\Speaker-identification\data\processed\audio_wav\f16844e7-46c9-41a2-8185-299424cf2cca.wav,"=HYPERLINK(""D:\Projects\My projects\IAAA_Compet\Speaker-identification\data\processed\audio_wav\f16844e7-46c9-41a2-8185-299424cf2cca.wav"",""f16844e7-46c9-41a2-8185-299424cf2cca.wav"")",65.71,known,402,e291ffe8-b525-4e61-93a3-11249e9c6542,5,402,e291ffe8-b525-4e61-93a3-11249e9c6542,0.9949,OK,1,True,True,402,e291ffe8-b525-4e61-93a3-11249e9c6542,0.9652,OK,1,True,True,False,ok,
f21e643d-a221-4736-903d-e405daf020c0.wav,D:\Projects\My projects\IAAA_Compet\Speaker-identification\data\processed\audio_wav\f21e643d-a221-4736-903d-e405daf020c0.wav,"=HYPERLINK(""D:\Projects\My projects\IAAA_Compet\Speaker-identification\data\processed\audio_wav\f21e643d-a221-4736-903d-e405daf020c0.wav"",""f21e643d-a221-4736-903d-e405daf020c0.wav"")",81.66,unknown,0,unknown,,0,unknown,0.9885,OK,1,True,True,0,unknown,0.9999,OK,1,True,True,False,ok,
f2bc4ba9-ebc1-466f-b9fb-8f246bfce97d.wav,D:\Projects\My projects\IAAA_Compet\Speaker-identification\data\processed\audio_wav\f2bc4ba9-ebc1-466f-b9fb-8f246bfce97d.wav,"=HYPERLINK(""D:\Projects\My projects\IAAA_Compet\Speaker-identification\data\processed\audio_wav\f2bc4ba9-ebc1-466f-b9fb-8f246bfce97d.wav"",""f2bc4ba9-ebc1-466f-b9fb-8f246bfce97d.wav"")",50.52,known,23,0a8433d8-a1ee-4952-98dd-746015b85a5f,5,23,0a8433d8-a1ee-4952-98dd-746015b85a5f,0.9526,OK,1,True,True,23,0a8433d8-a1ee-4952-98dd-746015b85a5f,0.9841,OK,1,True,True,False,ok,
f32e6fef-4669-414e-b1af-b5125a4efd65.wav,D:\Projects\My projects\IAAA_Compet\Speaker-identification\data\processed\audio_wav\f32e6fef-4669-414e-b1af-b5125a4efd65.wav,"=HYPERLINK(""D:\Projects\My projects\IAAA_Compet\Speaker-identification\data\processed\audio_wav\f32e6fef-4669-414e-b1af-b5125a4efd65.wav"",""f32e6fef-4669-414e-b1af-b5125a4efd65.wav"")",78.51,unknown,0,unknown,,0,unknown,0.9998,OK,1,True,True,0,unknown,1.0,OK,1,True,True,False,ok,
f3422b5a-89db-4528-870e-9e0cfc18fbaf.wav,D:\Projects\My projects\IAAA_Compet\Speaker-identification\data\processed\audio_wav\f3422b5a-89db-4528-870e-9e0cfc18fbaf.wav,"=HYPERLINK(""D:\Projects\My projects\IAAA_Compet\Speaker-identification\data\processed\audio_wav\f3422b5a-89db-4528-870e-9e0cfc18fbaf.wav"",""f3422b5a-89db-4528-870e-9e0cfc18fbaf.wav"")",86.36,unknown,0,unknown,,0,unknown,0.8979,OK,1,True,True,0,unknown,1.0,OK,1,True,True,False,ok,
f351d463-3363-49e1-b7f5-c0883db63ed5.wav,D:\Projects\My projects\IAAA_Compet\Speaker-identification\data\processed\audio_wav\f351d463-3363-49e1-b7f5-c0883db63ed5.wav,"=HYPERLINK(""D:\Projects\My projects\IAAA_Compet\Speaker-identification\data\processed\audio_wav\f351d463-3363-49e1-b7f5-c0883db63ed5.wav"",""f351d463-3363-49e1-b7f5-c0883db63ed5.wav"")",62.81,known,252,89b8c1d2-87b8-44ee-9922-dbfdbe74e486,5,252,89b8c1d2-87b8-44ee-9922-dbfdbe74e486,0.6643,OK,1,True,True,252,89b8c1d2-87b8-44ee-9922-dbfdbe74e486,0.9955,OK,1,True,True,False,ok,
f38ecd91-6410-4279-84f3-9eb4bf417a37.wav,D:\Projects\My projects\IAAA_Compet\Speaker-identification\data\processed\audio_wav\f38ecd91-6410-4279-84f3-9eb4bf417a37.wav,"=HYPERLINK(""D:\Projects\My projects\IAAA_Compet\Speaker-identification\data\processed\audio_wav\f38ecd91-6410-4279-84f3-9eb4bf417a37.wav"",""f38ecd91-6410-4279-84f3-9eb4bf417a37.wav"")",42.41,known,193,6bae29cf-63ff-459d-a307-54ad9be8c3a1,5,193,6bae29cf-63ff-459d-a307-54ad9be8c3a1,0.9339,OK,1,True,True,193,6bae29cf-63ff-459d-a307-54ad9be8c3a1,0.9921,OK,1,True,True,False,ok,
f3d4c62b-5521-49d8-b014-3a9486624835.wav,D:\Projects\My projects\IAAA_Compet\Speaker-identification\data\processed\audio_wav\f3d4c62b-5521-49d8-b014-3a9486624835.wav,"=HYPERLINK(""D:\Projects\My projects\IAAA_Compet\Speaker-identification\data\processed\audio_wav\f3d4c62b-5521-49d8-b014-3a9486624835.wav"",""f3d4c62b-5521-49d8-b014-3a9486624835.wav"")",63.32,unknown,0,unknown,,0,unknown,0.9444,OK,1,True,True,0,unknown,1.0,OK,1,True,True,False,ok,
f438f2f0-a400-40ca-b7e2-703a8bdb234a.wav,D:\Projects\My projects\IAAA_Compet\Speaker-identification\data\processed\audio_wav\f438f2f0-a400-40ca-b7e2-703a8bdb234a.wav,"=HYPERLINK(""D:\Projects\My projects\IAAA_Compet\Speaker-identification\data\processed\audio_wav\f438f2f0-a400-40ca-b7e2-703a8bdb234a.wav"",""f438f2f0-a400-40ca-b7e2-703a8bdb234a.wav"")",63.15,unknown,0,unknown,,0,unknown,0.2637,OK,1,True,True,0,unknown,1.0,OK,1,True,True,False,ok,
f4bdb0da-df69-485b-9e70-6c25b09e0714.wav,D:\Projects\My projects\IAAA_Compet\Speaker-identification\data\processed\audio_wav\f4bdb0da-df69-485b-9e70-6c25b09e0714.wav,"=HYPERLINK(""D:\Projects\My projects\IAAA_Compet\Speaker-identification\data\processed\audio_wav\f4bdb0da-df69-485b-9e70-6c25b09e0714.wav"",""f4bdb0da-df69-485b-9e70-6c25b09e0714.wav"")",85.33,unknown,0,unknown,,0,unknown,0.7408,OK,1,True,True,0,unknown,1.0,OK,1,True,True,False,ok,
f4d19d10-727f-4e7c-9c02-df31f086b906.wav,D:\Projects\My projects\IAAA_Compet\Speaker-identification\data\processed\audio_wav\f4d19d10-727f-4e7c-9c02-df31f086b906.wav,"=HYPERLINK(""D:\Projects\My projects\IAAA_Compet\Speaker-identification\data\processed\audio_wav\f4d19d10-727f-4e7c-9c02-df31f086b906.wav"",""f4d19d10-727f-4e7c-9c02-df31f086b906.wav"")",50.86,unknown,0,unknown,,0,unknown,0.9959,OK,1,True,True,0,unknown,1.0,OK,1,True,True,False,ok,
f52b3b1b-c636-4f8d-9027-8bc2fa776410.wav,D:\Projects\My projects\IAAA_Compet\Speaker-identification\data\processed\audio_wav\f52b3b1b-c636-4f8d-9027-8bc2fa776410.wav,"=HYPERLINK(""D:\Projects\My projects\IAAA_Compet\Speaker-identification\data\processed\audio_wav\f52b3b1b-c636-4f8d-9027-8bc2fa776410.wav"",""f52b3b1b-c636-4f8d-9027-8bc2fa776410.wav"")",66.99,unknown,0,unknown,,0,unknown,0.9108,OK,1,True,True,0,unknown,0.9964,OK,1,True,True,False,ok,
f583267f-7326-4989-96ed-a35ef4f8f020.wav,D:\Projects\My projects\IAAA_Compet\Speaker-identification\data\processed\audio_wav\f583267f-7326-4989-96ed-a35ef4f8f020.wav,"=HYPERLINK(""D:\Projects\My projects\IAAA_Compet\Speaker-identification\data\processed\audio_wav\f583267f-7326-4989-96ed-a35ef4f8f020.wav"",""f583267f-7326-4989-96ed-a35ef4f8f020.wav"")",64.34,unknown,0,unknown,,0,unknown,0.9325,OK,1,True,True,0,unknown,1.0,OK,1,True,True,False,ok,
f5c1ad0a-95a9-45e7-8d31-520fe006f0af.wav,D:\Projects\My projects\IAAA_Compet\Speaker-identification\data\processed\audio_wav\f5c1ad0a-95a9-45e7-8d31-520fe006f0af.wav,"=HYPERLINK(""D:\Projects\My projects\IAAA_Compet\Speaker-identification\data\processed\audio_wav\f5c1ad0a-95a9-45e7-8d31-520fe006f0af.wav"",""f5c1ad0a-95a9-45e7-8d31-520fe006f0af.wav"")",64.34,known,160,575a8e0e-627a-460b-921b-98d5e4e9e961,5,160,575a8e0e-627a-460b-921b-98d5e4e9e961,0.9496,OK,1,True,True,160,575a8e0e-627a-460b-921b-98d5e4e9e961,0.975,OK,1,True,True,False,ok,
f60eb1dc-3de1-49c2-b68a-0e9700ccc958.wav,D:\Projects\My projects\IAAA_Compet\Speaker-identification\data\processed\audio_wav\f60eb1dc-3de1-49c2-b68a-0e9700ccc958.wav,"=HYPERLINK(""D:\Projects\My projects\IAAA_Compet\Speaker-identification\data\processed\audio_wav\f60eb1dc-3de1-49c2-b68a-0e9700ccc958.wav"",""f60eb1dc-3de1-49c2-b68a-0e9700ccc958.wav"")",48.64,known,332,beefe68f-4239-4dd1-8319-30efb308d25e,5,332,beefe68f-4239-4dd1-8319-30efb308d25e,0.9985,OK,1,True,True,332,beefe68f-4239-4dd1-8319-30efb308d25e,0.9939,OK,1,True,True,False,ok,
f65107f0-9158-4185-abda-f6a8b7714ec3.wav,D:\Projects\My projects\IAAA_Compet\Speaker-identification\data\processed\audio_wav\f65107f0-9158-4185-abda-f6a8b7714ec3.wav,"=HYPERLINK(""D:\Projects\My projects\IAAA_Compet\Speaker-identification\data\processed\audio_wav\f65107f0-9158-4185-abda-f6a8b7714ec3.wav"",""f65107f0-9158-4185-abda-f6a8b7714ec3.wav"")",80.64,known,330,bc245b83-ea52-407f-9e1f-f339203dbcd6,5,330,bc245b83-ea52-407f-9e1f-f339203dbcd6,0.9982,OK,1,True,True,330,bc245b83-ea52-407f-9e1f-f339203dbcd6,0.988,OK,1,True,True,False,ok,
f6b20760-e90f-42ed-962d-6905f3526b8d.wav,D:\Projects\My projects\IAAA_Compet\Speaker-identification\data\processed\audio_wav\f6b20760-e90f-42ed-962d-6905f3526b8d.wav,"=HYPERLINK(""D:\Projects\My projects\IAAA_Compet\Speaker-identification\data\processed\audio_wav\f6b20760-e90f-42ed-962d-6905f3526b8d.wav"",""f6b20760-e90f-42ed-962d-6905f3526b8d.wav"")",55.81,unknown,0,unknown,,0,unknown,0.9989,OK,1,True,True,0,unknown,1.0,OK,1,True,True,False,ok,
f6f32ef4-c9e3-4eca-992d-35565f5bc948.wav,D:\Projects\My projects\IAAA_Compet\Speaker-identification\data\processed\audio_wav\f6f32ef4-c9e3-4eca-992d-35565f5bc948.wav,"=HYPERLINK(""D:\Projects\My projects\IAAA_Compet\Speaker-identification\data\processed\audio_wav\f6f32ef4-c9e3-4eca-992d-35565f5bc948.wav"",""f6f32ef4-c9e3-4eca-992d-35565f5bc948.wav"")",57.77,unknown,0,unknown,,0,unknown,0.9982,OK,1,True,True,0,unknown,1.0,OK,1,True,True,False,ok,
f738b6fe-23ad-44ae-a16b-efd1b738c81a.wav,D:\Projects\My projects\IAAA_Compet\Speaker-identification\data\processed\audio_wav\f738b6fe-23ad-44ae-a16b-efd1b738c81a.wav,"=HYPERLINK(""D:\Projects\My projects\IAAA_Compet\Speaker-identification\data\processed\audio_wav\f738b6fe-23ad-44ae-a16b-efd1b738c81a.wav"",""f738b6fe-23ad-44ae-a16b-efd1b738c81a.wav"")",71.85,unknown,0,unknown,,0,unknown,0.9621,OK,1,True,True,0,unknown,1.0,OK,1,True,True,False,ok,
f79eba11-5c09-4616-ad02-02ab4f90b7d3.wav,D:\Projects\My projects\IAAA_Compet\Speaker-identification\data\processed\audio_wav\f79eba11-5c09-4616-ad02-02ab4f90b7d3.wav,"=HYPERLINK(""D:\Projects\My projects\IAAA_Compet\Speaker-identification\data\processed\audio_wav\f79eba11-5c09-4616-ad02-02ab4f90b7d3.wav"",""f79eba11-5c09-4616-ad02-02ab4f90b7d3.wav"")",51.29,known,258,8d0ac237-24a7-4384-8d7b-c0b7458b8800,5,258,8d0ac237-24a7-4384-8d7b-c0b7458b8800,0.8859,OK,1,True,True,258,8d0ac237-24a7-4384-8d7b-c0b7458b8800,0.9956,OK,1,True,True,False,ok,
f80ba5c2-505b-40ce-8266-98c09f7ee0a8.wav,D:\Projects\My projects\IAAA_Compet\Speaker-identification\data\processed\audio_wav\f80ba5c2-505b-40ce-8266-98c09f7ee0a8.wav,"=HYPERLINK(""D:\Projects\My projects\IAAA_Compet\Speaker-identification\data\processed\audio_wav\f80ba5c2-505b-40ce-8266-98c09f7ee0a8.wav"",""f80ba5c2-505b-40ce-8266-98c09f7ee0a8.wav"")",113.66,known,264,92831994-5040-4e3c-9404-2af6dbe34e63,5,264,92831994-5040-4e3c-9404-2af6dbe34e63,0.9966,OK,1,True,True,264,92831994-5040-4e3c-9404-2af6dbe34e63,0.9861,OK,1,True,True,False,ok,
f8a343ce-c1ae-4398-9e60-403562c6737c.wav,D:\Projects\My projects\IAAA_Compet\Speaker-identification\data\processed\audio_wav\f8a343ce-c1ae-4398-9e60-403562c6737c.wav,"=HYPERLINK(""D:\Projects\My projects\IAAA_Compet\Speaker-identification\data\processed\audio_wav\f8a343ce-c1ae-4398-9e60-403562c6737c.wav"",""f8a343ce-c1ae-4398-9e60-403562c6737c.wav"")",90.11,unknown,0,unknown,,0,unknown,0.999,OK,1,True,True,0,unknown,1.0,OK,1,True,True,False,ok,
f9083e50-5592-4143-bff5-fb6e2b931c9e.wav,D:\Projects\My projects\IAAA_Compet\Speaker-identification\data\processed\audio_wav\f9083e50-5592-4143-bff5-fb6e2b931c9e.wav,"=HYPERLINK(""D:\Projects\My projects\IAAA_Compet\Speaker-identification\data\processed\audio_wav\f9083e50-5592-4143-bff5-fb6e2b931c9e.wav"",""f9083e50-5592-4143-bff5-fb6e2b931c9e.wav"")",62.81,known,118,3b45500f-8853-4c77-aa86-6ba0f5a69cb8,5,118,3b45500f-8853-4c77-aa86-6ba0f5a69cb8,0.982,OK,1,True,True,118,3b45500f-8853-4c77-aa86-6ba0f5a69cb8,0.985,OK,1,True,True,False,ok,
f9aff2d9-e541-46c4-a36d-53ccb8f556da.wav,D:\Projects\My projects\IAAA_Compet\Speaker-identification\data\processed\audio_wav\f9aff2d9-e541-46c4-a36d-53ccb8f556da.wav,"=HYPERLINK(""D:\Projects\My projects\IAAA_Compet\Speaker-identification\data\processed\audio_wav\f9aff2d9-e541-46c4-a36d-53ccb8f556da.wav"",""f9aff2d9-e541-46c4-a36d-53ccb8f556da.wav"")",56.49,known,87,2c1284cf-619c-4956-8620-5812a24cd8d2,5,87,2c1284cf-619c-4956-8620-5812a24cd8d2,0.9991,OK,1,True,True,87,2c1284cf-619c-4956-8620-5812a24cd8d2,0.9997,OK,1,True,True,False,ok,
fb28873f-0f6c-413a-91f7-23696278b011.wav,D:\Projects\My projects\IAAA_Compet\Speaker-identification\data\processed\audio_wav\fb28873f-0f6c-413a-91f7-23696278b011.wav,"=HYPERLINK(""D:\Projects\My projects\IAAA_Compet\Speaker-identification\data\processed\audio_wav\fb28873f-0f6c-413a-91f7-23696278b011.wav"",""fb28873f-0f6c-413a-91f7-23696278b011.wav"")",51.8,known,168,5a6bbd14-84ac-4998-81aa-5f7cedf535e5,5,168,5a6bbd14-84ac-4998-81aa-5f7cedf535e5,0.6413,OK,1,True,True,168,5a6bbd14-84ac-4998-81aa-5f7cedf535e5,0.8428,OK,1,True,True,False,ok,
fbfdb4e6-7eb7-4231-bb56-577d662401f8.wav,D:\Projects\My projects\IAAA_Compet\Speaker-identification\data\processed\audio_wav\fbfdb4e6-7eb7-4231-bb56-577d662401f8.wav,"=HYPERLINK(""D:\Projects\My projects\IAAA_Compet\Speaker-identification\data\processed\audio_wav\fbfdb4e6-7eb7-4231-bb56-577d662401f8.wav"",""fbfdb4e6-7eb7-4231-bb56-577d662401f8.wav"")",27.05,known,92,2f2e32ed-ef7c-4ffc-8339-ff9117b13b65,5,92,2f2e32ed-ef7c-4ffc-8339-ff9117b13b65,0.9838,OK,1,True,True,92,2f2e32ed-ef7c-4ffc-8339-ff9117b13b65,0.9773,OK,1,True,True,False,ok,
fc476801-ec92-4aea-bfb5-be8272355a5e.wav,D:\Projects\My projects\IAAA_Compet\Speaker-identification\data\processed\audio_wav\fc476801-ec92-4aea-bfb5-be8272355a5e.wav,"=HYPERLINK(""D:\Projects\My projects\IAAA_Compet\Speaker-identification\data\processed\audio_wav\fc476801-ec92-4aea-bfb5-be8272355a5e.wav"",""fc476801-ec92-4aea-bfb5-be8272355a5e.wav"")",34.73,known,418,eebd4a22-afd9-4ad5-a328-1bd9a8b6889f,5,418,eebd4a22-afd9-4ad5-a328-1bd9a8b6889f,0.9642,OK,1,True,True,418,eebd4a22-afd9-4ad5-a328-1bd9a8b6889f,0.9901,OK,1,True,True,False,ok,
fc9f6c5c-1071-4d94-ae83-c2217c81dbdb.wav,D:\Projects\My projects\IAAA_Compet\Speaker-identification\data\processed\audio_wav\fc9f6c5c-1071-4d94-ae83-c2217c81dbdb.wav,"=HYPERLINK(""D:\Projects\My projects\IAAA_Compet\Speaker-identification\data\processed\audio_wav\fc9f6c5c-1071-4d94-ae83-c2217c81dbdb.wav"",""fc9f6c5c-1071-4d94-ae83-c2217c81dbdb.wav"")",51.54,unknown,0,unknown,,0,unknown,0.8607,OK,1,True,True,0,unknown,1.0,OK,1,True,True,False,ok,
fd4d7a6c-3c83-4be1-ad76-47f5e182a20a.wav,D:\Projects\My projects\IAAA_Compet\Speaker-identification\data\processed\audio_wav\fd4d7a6c-3c83-4be1-ad76-47f5e182a20a.wav,"=HYPERLINK(""D:\Projects\My projects\IAAA_Compet\Speaker-identification\data\processed\audio_wav\fd4d7a6c-3c83-4be1-ad76-47f5e182a20a.wav"",""fd4d7a6c-3c83-4be1-ad76-47f5e182a20a.wav"")",50.86,known,99,30a46dae-e58c-4fbc-96c7-f7a1c1e7028c,5,99,30a46dae-e58c-4fbc-96c7-f7a1c1e7028c,0.9413,OK,1,True,True,99,30a46dae-e58c-4fbc-96c7-f7a1c1e7028c,0.9845,OK,1,True,True,False,ok,
fd58b261-c5c9-4a2d-a332-1dffb3dae008.wav,D:\Projects\My projects\IAAA_Compet\Speaker-identification\data\processed\audio_wav\fd58b261-c5c9-4a2d-a332-1dffb3dae008.wav,"=HYPERLINK(""D:\Projects\My projects\IAAA_Compet\Speaker-identification\data\processed\audio_wav\fd58b261-c5c9-4a2d-a332-1dffb3dae008.wav"",""fd58b261-c5c9-4a2d-a332-1dffb3dae008.wav"")",55.64,known,384,d7bfea69-6946-468c-ae2c-9e11cdfef4bd,5,384,d7bfea69-6946-468c-ae2c-9e11cdfef4bd,0.9883,OK,1,True,True,384,d7bfea69-6946-468c-ae2c-9e11cdfef4bd,0.977,OK,1,True,True,False,ok,
fd70879e-6144-4405-8ba3-3308608b32c0.wav,D:\Projects\My projects\IAAA_Compet\Speaker-identification\data\processed\audio_wav\fd70879e-6144-4405-8ba3-3308608b32c0.wav,"=HYPERLINK(""D:\Projects\My projects\IAAA_Compet\Speaker-identification\data\processed\audio_wav\fd70879e-6144-4405-8ba3-3308608b32c0.wav"",""fd70879e-6144-4405-8ba3-3308608b32c0.wav"")",49.07,known,263,925d537e-de12-4411-836f-e222493a3ed2,5,263,925d537e-de12-4411-836f-e222493a3ed2,0.998,OK,1,True,True,263,925d537e-de12-4411-836f-e222493a3ed2,0.997,OK,1,True,True,False,ok,
fd9402bc-1ffe-4f82-9e8c-24b40205600f.wav,D:\Projects\My projects\IAAA_Compet\Speaker-identification\data\processed\audio_wav\fd9402bc-1ffe-4f82-9e8c-24b40205600f.wav,"=HYPERLINK(""D:\Projects\My projects\IAAA_Compet\Speaker-identification\data\processed\audio_wav\fd9402bc-1ffe-4f82-9e8c-24b40205600f.wav"",""fd9402bc-1ffe-4f82-9e8c-24b40205600f.wav"")",47.45,unknown,0,unknown,,0,unknown,0.9037,OK,1,True,True,0,unknown,0.9664,OK,1,True,True,False,ok,
fdc6ae27-b909-43d0-b0df-977ee1e7f50b.wav,D:\Projects\My projects\IAAA_Compet\Speaker-identification\data\processed\audio_wav\fdc6ae27-b909-43d0-b0df-977ee1e7f50b.wav,"=HYPERLINK(""D:\Projects\My projects\IAAA_Compet\Speaker-identification\data\processed\audio_wav\fdc6ae27-b909-43d0-b0df-977ee1e7f50b.wav"",""fdc6ae27-b909-43d0-b0df-977ee1e7f50b.wav"")",52.91,known,63,1bac524b-3923-4a92-b2e3-54eaa5c3e774,5,63,1bac524b-3923-4a92-b2e3-54eaa5c3e774,0.9987,OK,1,True,True,63,1bac524b-3923-4a92-b2e3-54eaa5c3e774,0.9808,OK,1,True,True,False,ok,
fdddba49-e5db-4cce-949e-c508bde077b1.wav,D:\Projects\My projects\IAAA_Compet\Speaker-identification\data\processed\audio_wav\fdddba49-e5db-4cce-949e-c508bde077b1.wav,"=HYPERLINK(""D:\Projects\My projects\IAAA_Compet\Speaker-identification\data\processed\audio_wav\fdddba49-e5db-4cce-949e-c508bde077b1.wav"",""fdddba49-e5db-4cce-949e-c508bde077b1.wav"")",72.87,unknown,0,unknown,,0,unknown,0.611,OK,1,True,True,0,unknown,0.9999,OK,1,True,True,False,ok,
fdeaeb18-e0ea-4a64-a246-7bf05f88078e.wav,D:\Projects\My projects\IAAA_Compet\Speaker-identification\data\processed\audio_wav\fdeaeb18-e0ea-4a64-a246-7bf05f88078e.wav,"=HYPERLINK(""D:\Projects\My projects\IAAA_Compet\Speaker-identification\data\processed\audio_wav\fdeaeb18-e0ea-4a64-a246-7bf05f88078e.wav"",""fdeaeb18-e0ea-4a64-a246-7bf05f88078e.wav"")",75.95,known,38,13fa1966-8054-41ea-8b07-4152f4183368,5,38,13fa1966-8054-41ea-8b07-4152f4183368,0.9812,OK,1,True,True,38,13fa1966-8054-41ea-8b07-4152f4183368,0.9625,OK,1,True,True,False,ok,
fe23a0c2-5eef-409b-9847-ece882e7c0ac.wav,D:\Projects\My projects\IAAA_Compet\Speaker-identification\data\processed\audio_wav\fe23a0c2-5eef-409b-9847-ece882e7c0ac.wav,"=HYPERLINK(""D:\Projects\My projects\IAAA_Compet\Speaker-identification\data\processed\audio_wav\fe23a0c2-5eef-409b-9847-ece882e7c0ac.wav"",""fe23a0c2-5eef-409b-9847-ece882e7c0ac.wav"")",51.37,unknown,0,unknown,,0,unknown,0.8657,OK,1,True,True,0,unknown,0.9999,OK,1,True,True,False,ok,
fe2a4984-cb81-49b5-a2d7-76b720245143.wav,D:\Projects\My projects\IAAA_Compet\Speaker-identification\data\processed\audio_wav\fe2a4984-cb81-49b5-a2d7-76b720245143.wav,"=HYPERLINK(""D:\Projects\My projects\IAAA_Compet\Speaker-identification\data\processed\audio_wav\fe2a4984-cb81-49b5-a2d7-76b720245143.wav"",""fe2a4984-cb81-49b5-a2d7-76b720245143.wav"")",97.79,known,343,c43a3018-3122-452d-9ed3-1993ace06d95,5,343,c43a3018-3122-452d-9ed3-1993ace06d95,0.9666,OK,1,True,True,343,c43a3018-3122-452d-9ed3-1993ace06d95,0.9769,OK,1,True,True,False,ok,
fe2d0a79-df4d-422f-bc57-13f61a3f3dde.wav,D:\Projects\My projects\IAAA_Compet\Speaker-identification\data\processed\audio_wav\fe2d0a79-df4d-422f-bc57-13f61a3f3dde.wav,"=HYPERLINK(""D:\Projects\My projects\IAAA_Compet\Speaker-identification\data\processed\audio_wav\fe2d0a79-df4d-422f-bc57-13f61a3f3dde.wav"",""fe2d0a79-df4d-422f-bc57-13f61a3f3dde.wav"")",51.03,unknown,0,unknown,,0,unknown,0.9996,OK,1,True,True,0,unknown,0.9999,OK,1,True,True,False,ok,
fe31909e-67e2-4fbd-a962-85518ea8a0a3.wav,D:\Projects\My projects\IAAA_Compet\Speaker-identification\data\processed\audio_wav\fe31909e-67e2-4fbd-a962-85518ea8a0a3.wav,"=HYPERLINK(""D:\Projects\My projects\IAAA_Compet\Speaker-identification\data\processed\audio_wav\fe31909e-67e2-4fbd-a962-85518ea8a0a3.wav"",""fe31909e-67e2-4fbd-a962-85518ea8a0a3.wav"")",59.82,unknown,0,unknown,,0,unknown,0.9987,OK,1,True,True,0,unknown,1.0,OK,1,True,True,False,ok,
fe67f4be-fc2c-480a-bd49-20d5542a7bcb.wav,D:\Projects\My projects\IAAA_Compet\Speaker-identification\data\processed\audio_wav\fe67f4be-fc2c-480a-bd49-20d5542a7bcb.wav,"=HYPERLINK(""D:\Projects\My projects\IAAA_Compet\Speaker-identification\data\processed\audio_wav\fe67f4be-fc2c-480a-bd49-20d5542a7bcb.wav"",""fe67f4be-fc2c-480a-bd49-20d5542a7bcb.wav"")",57.09,known,322,b9efb8da-80d0-475d-a29d-777fd6472660,5,322,b9efb8da-80d0-475d-a29d-777fd6472660,0.9991,OK,1,True,True,322,b9efb8da-80d0-475d-a29d-777fd6472660,0.9943,OK,1,True,True,False,ok,
fe7abd2a-01a0-491f-8009-d2494400a2d6.wav,D:\Projects\My projects\IAAA_Compet\Speaker-identification\data\processed\audio_wav\fe7abd2a-01a0-491f-8009-d2494400a2d6.wav,"=HYPERLINK(""D:\Projects\My projects\IAAA_Compet\Speaker-identification\data\processed\audio_wav\fe7abd2a-01a0-491f-8009-d2494400a2d6.wav"",""fe7abd2a-01a0-491f-8009-d2494400a2d6.wav"")",59.05,unknown,0,unknown,,0,unknown,0.9845,OK,1,True,True,0,unknown,1.0,OK,1,True,True,False,ok,
fe86931a-a3f5-43fe-b4cb-7ee3f1c7a6c5.wav,D:\Projects\My projects\IAAA_Compet\Speaker-identification\data\processed\audio_wav\fe86931a-a3f5-43fe-b4cb-7ee3f1c7a6c5.wav,"=HYPERLINK(""D:\Projects\My projects\IAAA_Compet\Speaker-identification\data\processed\audio_wav\fe86931a-a3f5-43fe-b4cb-7ee3f1c7a6c5.wav"",""fe86931a-a3f5-43fe-b4cb-7ee3f1c7a6c5.wav"")",54.27,known,103,328f3c16-495f-4c99-8960-4ca253d06255,5,103,328f3c16-495f-4c99-8960-4ca253d06255,0.9777,OK,1,True,True,103,328f3c16-495f-4c99-8960-4ca253d06255,0.9559,OK,1,True,True,False,ok,
fead1c28-3315-4a30-ac71-f9ea55f4a773.wav,D:\Projects\My projects\IAAA_Compet\Speaker-identification\data\processed\audio_wav\fead1c28-3315-4a30-ac71-f9ea55f4a773.wav,"=HYPERLINK(""D:\Projects\My projects\IAAA_Compet\Speaker-identification\data\processed\audio_wav\fead1c28-3315-4a30-ac71-f9ea55f4a773.wav"",""fead1c28-3315-4a30-ac71-f9ea55f4a773.wav"")",45.82,known,279,9be22217-efd1-43fa-8df9-176b66f9adc6,5,279,9be22217-efd1-43fa-8df9-176b66f9adc6,0.9976,OK,1,True,True,279,9be22217-efd1-43fa-8df9-176b66f9adc6,0.9848,OK,1,True,True,False,ok,
feb745ad-02a9-47de-b9c9-d3e15015006f.wav,D:\Projects\My projects\IAAA_Compet\Speaker-identification\data\processed\audio_wav\feb745ad-02a9-47de-b9c9-d3e15015006f.wav,"=HYPERLINK(""D:\Projects\My projects\IAAA_Compet\Speaker-identification\data\processed\audio_wav\feb745ad-02a9-47de-b9c9-d3e15015006f.wav"",""feb745ad-02a9-47de-b9c9-d3e15015006f.wav"")",68.69,unknown,0,unknown,,0,unknown,0.9181,OK,1,True,True,0,unknown,1.0,OK,1,True,True,False,ok,
febe66f6-39cb-4f3d-a885-76d5c0b39b62.wav,D:\Projects\My projects\IAAA_Compet\Speaker-identification\data\processed\audio_wav\febe66f6-39cb-4f3d-a885-76d5c0b39b62.wav,"=HYPERLINK(""D:\Projects\My projects\IAAA_Compet\Speaker-identification\data\processed\audio_wav\febe66f6-39cb-4f3d-a885-76d5c0b39b62.wav"",""febe66f6-39cb-4f3d-a885-76d5c0b39b62.wav"")",55.21,known,259,8d491d55-cd12-4592-b7be-77248acaea1f,5,259,8d491d55-cd12-4592-b7be-77248acaea1f,0.9871,OK,1,True,True,259,8d491d55-cd12-4592-b7be-77248acaea1f,0.9855,OK,1,True,True,False,ok,
ffbb6362-89be-422e-a06f-88731894616e.wav,D:\Projects\My projects\IAAA_Compet\Speaker-identification\data\processed\audio_wav\ffbb6362-89be-422e-a06f-88731894616e.wav,"=HYPERLINK(""D:\Projects\My projects\IAAA_Compet\Speaker-identification\data\processed\audio_wav\ffbb6362-89be-422e-a06f-88731894616e.wav"",""ffbb6362-89be-422e-a06f-88731894616e.wav"")",13.57,unknown,0,unknown,,0,unknown,0.9948,OK,1,True,True,0,unknown,1.0,OK,1,True,True,False,ok,
